2026-10-06 10:43:43.180 INFO  [restartedMain] p.c.m.Ms1LvcCatalogoApplication - Starting Ms1LvcCatalogoApplication using Java 25.0.4.1 with PID 18116 (C:\Users\DELL\Desktop\LaVitrinaColeccionistas\MS1-LVC-Catalogo\target\classes started by DELL in C:\Users\DELL\Desktop\LaVitrinaColeccionistas\MS1-LVC-Catalogo)
2026-10-06 10:43:43.183 INFO  [restartedMain] p.c.m.Ms1LvcCatalogoApplication - No active profile set, falling back to 1 default profile: "default"
2026-10-06 10:43:43.262 INFO  [restartedMain] o.s.b.d.e.DevToolsPropertyDefaultsPostProcessor - Devtools property defaults active! Set 'spring.devtools.add-properties' to 'false' to disable
2026-10-06 10:43:43.263 INFO  [restartedMain] o.s.b.d.e.DevToolsPropertyDefaultsPostProcessor - For additional web related logging consider setting the 'logging.level.web' property to 'DEBUG'
2026-10-06 10:43:44.020 INFO  [restartedMain] o.s.d.r.c.RepositoryConfigurationDelegate - Bootstrapping Spring Data JPA repositories in DEFAULT mode.
2026-10-06 10:43:44.073 INFO  [restartedMain] o.s.d.r.c.RepositoryConfigurationDelegate - Finished Spring Data repository scanning in 43 ms. Found 5 JPA repository interfaces.
2026-10-06 10:43:44.912 INFO  [restartedMain] o.s.boot.tomcat.TomcatWebServer - Tomcat initialized with port 8081 (http)
2026-10-06 10:43:44.925 INFO  [restartedMain] o.a.catalina.core.StandardService - Starting service [Tomcat]
2026-10-06 10:43:44.926 INFO  [restartedMain] o.a.catalina.core.StandardEngine - Starting Servlet engine: [Apache Tomcat/11.0.24]
2026-10-06 10:43:44.976 INFO  [restartedMain] o.s.b.w.c.s.WebApplicationContextInitializer - Root WebApplicationContext: initialization completed in 1713 ms
2026-10-06 10:43:45.136 INFO  [restartedMain] com.zaxxer.hikari.HikariDataSource - HikariPool-1 - Starting...
2026-10-06 10:43:46.092 INFO  [restartedMain] com.zaxxer.hikari.pool.HikariPool - HikariPool-1 - Added connection org.postgresql.jdbc.PgConnection@152153c
2026-10-06 10:43:46.095 INFO  [restartedMain] com.zaxxer.hikari.HikariDataSource - HikariPool-1 - Start completed.
2026-10-06 10:43:46.442 INFO  [restartedMain] liquibase.database - Set default schema name to public
2026-10-06 10:43:47.967 INFO  [restartedMain] liquibase.changelog - Reading from public.databasechangelog
2026-10-06 10:43:48.430 INFO  [restartedMain] liquibase.ui - Database is up to date, no changesets to execute
2026-10-06 10:43:48.464 INFO  [restartedMain] liquibase.changelog - Reading from public.databasechangelog
2026-10-06 10:43:48.520 INFO  [restartedMain] liquibase.util - UPDATE SUMMARY
2026-10-06 10:43:48.521 INFO  [restartedMain] liquibase.util - Run:                          0
2026-10-06 10:43:48.521 INFO  [restartedMain] liquibase.util - Previously run:              13
2026-10-06 10:43:48.522 INFO  [restartedMain] liquibase.util - Filtered out:                 0
2026-10-06 10:43:48.522 INFO  [restartedMain] liquibase.util - -------------------------------
2026-10-06 10:43:48.522 INFO  [restartedMain] liquibase.util - Total change sets:           13
2026-10-06 10:43:48.523 INFO  [restartedMain] liquibase.util - Update summary generated
2026-10-06 10:43:48.526 INFO  [restartedMain] liquibase.command - Command execution complete
2026-10-06 10:43:48.660 INFO  [restartedMain] org.hibernate.orm.jpa - HHH008540: Processing PersistenceUnitInfo [name: default]
2026-10-06 10:43:48.739 INFO  [restartedMain] org.hibernate.orm.core - HHH000001: Hibernate ORM core version 7.4.5.Final
2026-10-06 10:43:49.234 INFO  [restartedMain] o.s.o.j.p.SpringPersistenceUnitInfo - No LoadTimeWeaver setup: ignoring JPA class transformer
2026-10-06 10:43:49.488 INFO  [restartedMain] o.hibernate.orm.connections.pooling - HHH10001005: Database info:
	Database JDBC URL [jdbc:postgresql://aws-0-sa-east-1.pooler.supabase.com:5432/postgres]
	Database driver: PostgreSQL JDBC Driver
	Database dialect: PostgreSQLDialect
	Database version: 17.6
	Default catalog/schema: postgres/public
	Autocommit mode: undefined/unknown
	Isolation level: READ_COMMITTED [default READ_COMMITTED]
	JDBC fetch size: none
	Pool: DataSourceConnectionProvider
	Minimum pool size: undefined/unknown
	Maximum pool size: undefined/unknown
2026-10-06 10:43:50.722 INFO  [restartedMain] org.hibernate.orm.core - HHH000489: No JTA platform available (set 'hibernate.transaction.jta.platform' to enable JTA platform integration)
2026-10-06 10:43:50.729 INFO  [restartedMain] o.s.o.j.LocalContainerEntityManagerFactoryBean - Initialized JPA EntityManagerFactory for persistence unit 'default'
2026-10-06 10:43:50.810 INFO  [restartedMain] o.s.d.j.r.q.QueryEnhancerFactories - Hibernate is in classpath; If applicable, HQL parser will be used.
2026-10-06 10:43:52.519 WARN  [restartedMain] o.s.b.s.a.UserDetailsServiceAutoConfiguration - 

Using generated security password: 24bf9839-5573-47fc-ad93-b5fa23a19e87

This generated password is for development use only. Your security configuration must be updated before running your application in production.

2026-10-06 10:43:52.528 INFO  [restartedMain] o.s.s.c.a.a.c.InitializeUserDetailsBeanManagerConfigurer$InitializeUserDetailsManagerConfigurer - Global AuthenticationManager configured with UserDetailsService bean with name inMemoryUserDetailsManager
2026-10-06 10:43:53.107 INFO  [restartedMain] o.s.boot.tomcat.TomcatWebServer - Tomcat started on port 8081 (http) with context path '/'
2026-10-06 10:43:53.114 INFO  [restartedMain] p.c.m.Ms1LvcCatalogoApplication - Started Ms1LvcCatalogoApplication in 10.558 seconds (process running for 12.245)
2026-10-06 10:44:23.396 INFO  [http-nio-8081-exec-1] o.a.c.c.C.[Tomcat].[localhost].[/] - Initializing Spring DispatcherServlet 'dispatcherServlet'
2026-10-06 10:44:23.397 INFO  [http-nio-8081-exec-1] o.s.web.servlet.DispatcherServlet - Initializing Servlet 'dispatcherServlet'
2026-10-06 10:44:23.398 INFO  [http-nio-8081-exec-1] o.s.web.servlet.DispatcherServlet - Completed initialization in 1 ms
2026-10-06 10:44:24.060 WARN  [http-nio-8081-exec-8] o.s.core.utils.SpringDocUtils - Json Processing Exception occurred: Cannot construct instance of `java.util.HashSet` (although at least one Creator exists): no String-argument constructor/factory method to deserialize from String value ('integer')
 at [Source: REDACTED (`StreamReadFeature.INCLUDE_SOURCE_IN_LOCATION` disabled); line: 1, column: 9] (through reference chain: io.swagger.v3.oas.models.media.JsonSchema["type"])
2026-10-06 10:44:24.061 WARN  [http-nio-8081-exec-8] o.s.core.utils.SpringDocUtils - Json Processing Exception occurred: Cannot construct instance of `java.util.HashSet` (although at least one Creator exists): no String-argument constructor/factory method to deserialize from String value ('integer')
 at [Source: REDACTED (`StreamReadFeature.INCLUDE_SOURCE_IN_LOCATION` disabled); line: 1, column: 9] (through reference chain: io.swagger.v3.oas.models.media.JsonSchema["type"])
2026-10-06 10:44:24.081 WARN  [http-nio-8081-exec-8] o.s.core.utils.SpringDocUtils - Json Processing Exception occurred: Cannot construct instance of `java.util.HashSet` (although at least one Creator exists): no String-argument constructor/factory method to deserialize from String value ('integer')
 at [Source: REDACTED (`StreamReadFeature.INCLUDE_SOURCE_IN_LOCATION` disabled); line: 1, column: 9] (through reference chain: io.swagger.v3.oas.models.media.JsonSchema["type"])
2026-10-06 10:44:24.082 WARN  [http-nio-8081-exec-8] o.s.core.utils.SpringDocUtils - Json Processing Exception occurred: Cannot construct instance of `java.util.HashSet` (although at least one Creator exists): no String-argument constructor/factory method to deserialize from String value ('integer')
 at [Source: REDACTED (`StreamReadFeature.INCLUDE_SOURCE_IN_LOCATION` disabled); line: 1, column: 9] (through reference chain: io.swagger.v3.oas.models.media.JsonSchema["type"])
2026-10-06 10:44:24.096 WARN  [http-nio-8081-exec-8] o.s.core.utils.SpringDocUtils - Json Processing Exception occurred: Cannot construct instance of `java.util.HashSet` (although at least one Creator exists): no String-argument constructor/factory method to deserialize from String value ('integer')
 at [Source: REDACTED (`StreamReadFeature.INCLUDE_SOURCE_IN_LOCATION` disabled); line: 1, column: 9] (through reference chain: io.swagger.v3.oas.models.media.JsonSchema["type"])
2026-10-06 10:44:24.097 WARN  [http-nio-8081-exec-8] o.s.core.utils.SpringDocUtils - Json Processing Exception occurred: Cannot construct instance of `java.util.HashSet` (although at least one Creator exists): no String-argument constructor/factory method to deserialize from String value ('integer')
 at [Source: REDACTED (`StreamReadFeature.INCLUDE_SOURCE_IN_LOCATION` disabled); line: 1, column: 9] (through reference chain: io.swagger.v3.oas.models.media.JsonSchema["type"])
2026-10-06 10:44:24.126 INFO  [http-nio-8081-exec-8] o.s.api.AbstractOpenApiResource - Init duration for springdoc-openapi is: 414 ms
2026-10-06 10:44:57.035 INFO  [http-nio-8081-exec-1] p.c.m.Controller.ProductoController - GET /productos filtro=ProductoFiltro[nombre=null, categoria=null, rareza=null, idVendedor=null]
2026-10-06 10:44:57.076 DEBUG [http-nio-8081-exec-1] p.c.m.Service.base.BaseServiceImpl - Buscando Producto filtro=ProductoFiltro[nombre=null, categoria=null, rareza=null, idVendedor=null]
2026-10-06 10:44:57.158 DEBUG [http-nio-8081-exec-1] org.hibernate.SQL - 
    select
        p1_0.id,
        p1_0.activo,
        p1_0.categoria,
        p1_0.estado_conservacion,
        p1_0.fecha_actualizacion,
        p1_0.fecha_creacion,
        p1_0.id_vendedor,
        p1_0.nombre,
        p1_0.precio_referencia,
        p1_0.rareza,
        p1_0.stock,
        p1_0.url_imagen,
        p1_0.version 
    from
        producto p1_0 
    where
        p1_0.activo=true 
        and (
            ? is null 
            or p1_0.id_vendedor=?
        ) 
        and (
            ? is null 
            or p1_0.categoria=?
        ) 
        and (
            ? is null 
            or p1_0.rareza=?
        ) 
        and (
            ? is null 
            or lower(p1_0.nombre) like lower(('%'||cast(? as varchar)||'%')) escape ''
        ) 
    fetch
        first ? rows only
2026-10-06 10:46:03.019 INFO  [http-nio-8081-exec-7] p.c.m.C.PublicacionController - GET /publicaciones filtro=PublicacionFiltro(titulo=null, idVendedor=null, estadoPublicacion=null, tipoVenta=null)
2026-10-06 10:46:03.051 DEBUG [http-nio-8081-exec-7] p.c.m.Service.base.BaseServiceImpl - Buscando Publicacion filtro=PublicacionFiltro(titulo=null, idVendedor=null, estadoPublicacion=null, tipoVenta=null)
2026-10-06 10:46:03.055 DEBUG [http-nio-8081-exec-7] org.hibernate.SQL - 
    select
        p1_0.id,
        p1_0.descripcion,
        p1_0.estado_publicacion,
        p1_0.fecha_actualizacion,
        p1_0.fecha_creacion,
        p1_0.fecha_publicacion,
        p1_0.id_vendedor,
        p1_0.tipo_venta,
        p1_0.titulo 
    from
        publicacion p1_0 
    where
        p1_0.estado_publicacion<>'CANCELADA' 
        and (
            ? is null 
            or p1_0.id_vendedor=?
        ) 
        and (
            ? is null 
            or p1_0.estado_publicacion=?
        ) 
        and (
            ? is null 
            or p1_0.tipo_venta=?
        ) 
        and (
            ? is null 
            or lower(p1_0.titulo) like lower(('%'||cast(? as varchar)||'%')) escape ''
        ) 
    fetch
        first ? rows only
2026-10-06 10:46:54.946 INFO  [SpringApplicationShutdownHook] o.s.boot.tomcat.GracefulShutdown - Commencing graceful shutdown. Waiting for active requests to complete
2026-10-06 10:46:54.963 INFO  [tomcat-shutdown] o.s.boot.tomcat.GracefulShutdown - Graceful shutdown complete
2026-10-06 10:46:54.967 INFO  [SpringApplicationShutdownHook] o.s.o.j.LocalContainerEntityManagerFactoryBean - Closing JPA EntityManagerFactory for persistence unit 'default'
2026-10-06 10:46:54.969 INFO  [SpringApplicationShutdownHook] com.zaxxer.hikari.HikariDataSource - HikariPool-1 - Shutdown initiated...
2026-10-06 10:46:55.003 INFO  [SpringApplicationShutdownHook] com.zaxxer.hikari.HikariDataSource - HikariPool-1 - Shutdown completed.
2026-10-06 10:54:26.397 INFO  [restartedMain] p.c.m.Ms1LvcCatalogoApplication - Starting Ms1LvcCatalogoApplication using Java 25.0.4.1 with PID 20312 (C:\Users\DELL\Desktop\LaVitrinaColeccionistas\MS1-LVC-Catalogo\target\classes started by DELL in C:\Users\DELL\Desktop\LaVitrinaColeccionistas\MS1-LVC-Catalogo)
2026-10-06 10:54:26.401 INFO  [restartedMain] p.c.m.Ms1LvcCatalogoApplication - No active profile set, falling back to 1 default profile: "default"
2026-10-06 10:54:26.468 INFO  [restartedMain] o.s.b.d.e.DevToolsPropertyDefaultsPostProcessor - Devtools property defaults active! Set 'spring.devtools.add-properties' to 'false' to disable
2026-10-06 10:54:26.468 INFO  [restartedMain] o.s.b.d.e.DevToolsPropertyDefaultsPostProcessor - For additional web related logging consider setting the 'logging.level.web' property to 'DEBUG'
2026-10-06 10:54:27.055 INFO  [restartedMain] o.s.d.r.c.RepositoryConfigurationDelegate - Bootstrapping Spring Data JPA repositories in DEFAULT mode.
2026-10-06 10:54:27.102 INFO  [restartedMain] o.s.d.r.c.RepositoryConfigurationDelegate - Finished Spring Data repository scanning in 39 ms. Found 5 JPA repository interfaces.
2026-10-06 10:54:27.778 INFO  [restartedMain] o.s.boot.tomcat.TomcatWebServer - Tomcat initialized with port 8081 (http)
2026-10-06 10:54:27.790 INFO  [restartedMain] o.a.catalina.core.StandardService - Starting service [Tomcat]
2026-10-06 10:54:27.790 INFO  [restartedMain] o.a.catalina.core.StandardEngine - Starting Servlet engine: [Apache Tomcat/11.0.24]
2026-10-06 10:54:27.832 INFO  [restartedMain] o.s.b.w.c.s.WebApplicationContextInitializer - Root WebApplicationContext: initialization completed in 1363 ms
2026-10-06 10:54:27.953 INFO  [restartedMain] com.zaxxer.hikari.HikariDataSource - HikariPool-1 - Starting...
2026-10-06 10:54:28.596 INFO  [restartedMain] com.zaxxer.hikari.pool.HikariPool - HikariPool-1 - Added connection org.postgresql.jdbc.PgConnection@302f37a2
2026-10-06 10:54:28.598 INFO  [restartedMain] com.zaxxer.hikari.HikariDataSource - HikariPool-1 - Start completed.
2026-10-06 10:54:28.925 INFO  [restartedMain] liquibase.database - Set default schema name to public
2026-10-06 10:54:30.273 INFO  [restartedMain] liquibase.changelog - Reading from public.databasechangelog
2026-10-06 10:54:30.706 INFO  [restartedMain] liquibase.ui - Database is up to date, no changesets to execute
2026-10-06 10:54:30.740 INFO  [restartedMain] liquibase.changelog - Reading from public.databasechangelog
2026-10-06 10:54:30.802 INFO  [restartedMain] liquibase.util - UPDATE SUMMARY
2026-10-06 10:54:30.803 INFO  [restartedMain] liquibase.util - Run:                          0
2026-10-06 10:54:30.803 INFO  [restartedMain] liquibase.util - Previously run:              13
2026-10-06 10:54:30.803 INFO  [restartedMain] liquibase.util - Filtered out:                 0
2026-10-06 10:54:30.803 INFO  [restartedMain] liquibase.util - -------------------------------
2026-10-06 10:54:30.804 INFO  [restartedMain] liquibase.util - Total change sets:           13
2026-10-06 10:54:30.805 INFO  [restartedMain] liquibase.util - Update summary generated
2026-10-06 10:54:30.806 INFO  [restartedMain] liquibase.command - Command execution complete
2026-10-06 10:54:30.928 INFO  [restartedMain] org.hibernate.orm.jpa - HHH008540: Processing PersistenceUnitInfo [name: default]
2026-10-06 10:54:30.974 INFO  [restartedMain] org.hibernate.orm.core - HHH000001: Hibernate ORM core version 7.4.5.Final
2026-10-06 10:54:31.388 INFO  [restartedMain] o.s.o.j.p.SpringPersistenceUnitInfo - No LoadTimeWeaver setup: ignoring JPA class transformer
2026-10-06 10:54:31.632 INFO  [restartedMain] o.hibernate.orm.connections.pooling - HHH10001005: Database info:
	Database JDBC URL [jdbc:postgresql://aws-0-sa-east-1.pooler.supabase.com:5432/postgres]
	Database driver: PostgreSQL JDBC Driver
	Database dialect: PostgreSQLDialect
	Database version: 17.6
	Default catalog/schema: postgres/public
	Autocommit mode: undefined/unknown
	Isolation level: READ_COMMITTED [default READ_COMMITTED]
	JDBC fetch size: none
	Pool: DataSourceConnectionProvider
	Minimum pool size: undefined/unknown
	Maximum pool size: undefined/unknown
2026-10-06 10:54:32.666 INFO  [restartedMain] org.hibernate.orm.core - HHH000489: No JTA platform available (set 'hibernate.transaction.jta.platform' to enable JTA platform integration)
2026-10-06 10:54:32.674 INFO  [restartedMain] o.s.o.j.LocalContainerEntityManagerFactoryBean - Initialized JPA EntityManagerFactory for persistence unit 'default'
2026-10-06 10:54:32.747 INFO  [restartedMain] o.s.d.j.r.q.QueryEnhancerFactories - Hibernate is in classpath; If applicable, HQL parser will be used.
2026-10-06 10:54:34.079 WARN  [restartedMain] o.s.b.s.a.UserDetailsServiceAutoConfiguration - 

Using generated security password: 2675464b-5221-41ab-9e86-73ab8a3ac2e8

This generated password is for development use only. Your security configuration must be updated before running your application in production.

2026-10-06 10:54:34.087 INFO  [restartedMain] o.s.s.c.a.a.c.InitializeUserDetailsBeanManagerConfigurer$InitializeUserDetailsManagerConfigurer - Global AuthenticationManager configured with UserDetailsService bean with name inMemoryUserDetailsManager
2026-10-06 10:54:34.745 INFO  [restartedMain] o.s.boot.tomcat.TomcatWebServer - Tomcat started on port 8081 (http) with context path '/'
2026-10-06 10:54:34.755 INFO  [restartedMain] p.c.m.Ms1LvcCatalogoApplication - Started Ms1LvcCatalogoApplication in 8.868 seconds (process running for 9.614)
2026-10-06 11:51:10.038 INFO  [http-nio-8081-exec-1] o.a.c.c.C.[Tomcat].[localhost].[/] - Initializing Spring DispatcherServlet 'dispatcherServlet'
2026-10-06 11:51:10.039 INFO  [http-nio-8081-exec-1] o.s.web.servlet.DispatcherServlet - Initializing Servlet 'dispatcherServlet'
2026-10-06 11:51:10.041 INFO  [http-nio-8081-exec-1] o.s.web.servlet.DispatcherServlet - Completed initialization in 2 ms
2026-10-06 11:51:10.179 INFO  [http-nio-8081-exec-1] p.c.m.Controller.ProductoController - POST /productos
2026-10-06 11:51:10.219 DEBUG [http-nio-8081-exec-1] p.c.m.Service.base.BaseServiceImpl - Creando Producto
2026-10-06 11:51:10.277 DEBUG [http-nio-8081-exec-1] org.hibernate.SQL - 
    insert 
    into
        producto
        (activo, categoria, estado_conservacion, fecha_actualizacion, fecha_creacion, id_vendedor, nombre, precio_referencia, rareza, stock, url_imagen, version) 
    values
        (?, ?, ?, ?, ?, ?, ?, ?, ?, ?, ?, ?)
2026-10-06 11:51:10.453 WARN  [http-nio-8081-exec-1] org.hibernate.orm.jdbc.error - HHH000247: ErrorCode: 0, SQLState: 23505
2026-10-06 11:51:10.453 WARN  [http-nio-8081-exec-1] org.hibernate.orm.jdbc.error - ERROR: duplicate key value violates unique constraint "producto_pkey"
  Detail: Key (id)=(1) already exists.
2026-10-06 11:51:10.500 ERROR [http-nio-8081-exec-1] p.c.m.e.GlobalExceptionHandler - Error no controlado en /productos
org.springframework.dao.DataIntegrityViolationException: could not execute statement [ERROR: duplicate key value violates unique constraint "producto_pkey"
  Detail: Key (id)=(1) already exists.] [insert into producto (activo,categoria,estado_conservacion,fecha_actualizacion,fecha_creacion,id_vendedor,nombre,precio_referencia,rareza,stock,url_imagen,version) values (?,?,?,?,?,?,?,?,?,?,?,?)]; SQL [insert into producto (activo,categoria,estado_conservacion,fecha_actualizacion,fecha_creacion,id_vendedor,nombre,precio_referencia,rareza,stock,url_imagen,version) values (?,?,?,?,?,?,?,?,?,?,?,?)]; constraint [producto_pkey]
	at org.springframework.orm.jpa.hibernate.HibernateExceptionTranslator.convertHibernateAccessException(HibernateExceptionTranslator.java:169)
	at org.springframework.orm.jpa.hibernate.HibernateExceptionTranslator.convertHibernateAccessException(HibernateExceptionTranslator.java:131)
	at org.springframework.orm.jpa.hibernate.HibernateExceptionTranslator.translateExceptionIfPossible(HibernateExceptionTranslator.java:105)
	at org.springframework.orm.jpa.vendor.HibernateJpaDialect.translateExceptionIfPossible(HibernateJpaDialect.java:223)
	at org.springframework.orm.jpa.AbstractEntityManagerFactoryBean.translateExceptionIfPossible(AbstractEntityManagerFactoryBean.java:577)
	at org.springframework.dao.support.ChainedPersistenceExceptionTranslator.translateExceptionIfPossible(ChainedPersistenceExceptionTranslator.java:61)
	at org.springframework.dao.support.DataAccessUtils.translateIfNecessary(DataAccessUtils.java:346)
	at org.springframework.dao.support.PersistenceExceptionTranslationInterceptor.invoke(PersistenceExceptionTranslationInterceptor.java:157)
	at org.springframework.aop.framework.ReflectiveMethodInvocation.proceed(ReflectiveMethodInvocation.java:179)
	at org.springframework.data.jpa.repository.support.CrudMethodMetadataPostProcessor$CrudMethodMetadataPopulatingMethodInterceptor.invoke(CrudMethodMetadataPostProcessor.java:166)
	at org.springframework.aop.framework.ReflectiveMethodInvocation.proceed(ReflectiveMethodInvocation.java:179)
	at org.springframework.aop.framework.JdkDynamicAopProxy.invoke(JdkDynamicAopProxy.java:222)
	at jdk.proxy4/jdk.proxy4.$Proxy159.save(Unknown Source)
	at py.com.ms1lvccatalogo.Service.base.BaseServiceImpl.crear(BaseServiceImpl.java:34)
	at java.base/jdk.internal.reflect.DirectMethodHandleAccessor.invoke(DirectMethodHandleAccessor.java:104)
	at java.base/java.lang.reflect.Method.invoke(Method.java:565)
	at org.springframework.aop.support.AopUtils.invokeJoinpointUsingReflection(AopUtils.java:359)
	at org.springframework.aop.framework.ReflectiveMethodInvocation.invokeJoinpoint(ReflectiveMethodInvocation.java:190)
	at org.springframework.aop.framework.ReflectiveMethodInvocation.proceed(ReflectiveMethodInvocation.java:158)
	at org.springframework.transaction.interceptor.TransactionInterceptor$1.proceedWithInvocation(TransactionInterceptor.java:133)
	at org.springframework.transaction.interceptor.TransactionAspectSupport.invokeWithinTransaction(TransactionAspectSupport.java:371)
	at org.springframework.transaction.interceptor.TransactionInterceptor.invoke(TransactionInterceptor.java:130)
	at org.springframework.aop.framework.ReflectiveMethodInvocation.proceed(ReflectiveMethodInvocation.java:179)
	at org.springframework.aop.framework.CglibAopProxy$DynamicAdvisedInterceptor.intercept(CglibAopProxy.java:719)
	at py.com.ms1lvccatalogo.Service.producto.ProductoServiceImpl$$SpringCGLIB$$0.crear(<generated>)
	at py.com.ms1lvccatalogo.Controller.ProductoController.crear(ProductoController.java:29)
	at java.base/jdk.internal.reflect.DirectMethodHandleAccessor.invoke(DirectMethodHandleAccessor.java:104)
	at java.base/java.lang.reflect.Method.invoke(Method.java:565)
	at org.springframework.web.method.support.InvocableHandlerMethod.doInvoke(InvocableHandlerMethod.java:252)
	at org.springframework.web.method.support.InvocableHandlerMethod.invokeForRequest(InvocableHandlerMethod.java:184)
	at org.springframework.web.servlet.mvc.method.annotation.ServletInvocableHandlerMethod.invokeAndHandle(ServletInvocableHandlerMethod.java:117)
	at org.springframework.web.servlet.mvc.method.annotation.RequestMappingHandlerAdapter.invokeHandlerMethod(RequestMappingHandlerAdapter.java:934)
	at org.springframework.web.servlet.mvc.method.annotation.RequestMappingHandlerAdapter.handleInternal(RequestMappingHandlerAdapter.java:853)
	at org.springframework.web.servlet.mvc.method.AbstractHandlerMethodAdapter.handle(AbstractHandlerMethodAdapter.java:86)
	at org.springframework.web.servlet.DispatcherServlet.doDispatch(DispatcherServlet.java:963)
	at org.springframework.web.servlet.DispatcherServlet.doService(DispatcherServlet.java:866)
	at org.springframework.web.servlet.FrameworkServlet.processRequest(FrameworkServlet.java:1000)
	at org.springframework.web.servlet.FrameworkServlet.doPost(FrameworkServlet.java:903)
	at jakarta.servlet.http.HttpServlet.service(HttpServlet.java:649)
	at org.springframework.web.servlet.FrameworkServlet.service(FrameworkServlet.java:874)
	at jakarta.servlet.http.HttpServlet.service(HttpServlet.java:710)
	at org.apache.catalina.core.ApplicationFilterChain.doFilter(ApplicationFilterChain.java:132)
	at org.apache.tomcat.websocket.server.WsFilter.doFilter(WsFilter.java:59)
	at org.apache.catalina.core.ApplicationFilterChain.doFilter(ApplicationFilterChain.java:111)
	at org.springframework.web.filter.CompositeFilter$VirtualFilterChain.doFilter(CompositeFilter.java:108)
	at org.springframework.security.web.FilterChainProxy.lambda$doFilterInternal$2(FilterChainProxy.java:235)
	at org.springframework.security.web.FilterChainProxy$VirtualFilterChain.doFilter(FilterChainProxy.java:376)
	at org.springframework.security.web.access.intercept.AuthorizationFilter.doFilter(AuthorizationFilter.java:101)
	at org.springframework.security.web.FilterChainProxy$VirtualFilterChain.doFilter(FilterChainProxy.java:385)
	at org.springframework.security.web.access.ExceptionTranslationFilter.doFilter(ExceptionTranslationFilter.java:126)
	at org.springframework.security.web.access.ExceptionTranslationFilter.doFilter(ExceptionTranslationFilter.java:120)
	at org.springframework.security.web.FilterChainProxy$VirtualFilterChain.doFilter(FilterChainProxy.java:385)
	at org.springframework.security.web.authentication.AnonymousAuthenticationFilter.doFilter(AnonymousAuthenticationFilter.java:100)
	at org.springframework.security.web.FilterChainProxy$VirtualFilterChain.doFilter(FilterChainProxy.java:385)
	at org.springframework.security.web.servletapi.SecurityContextHolderAwareRequestFilter.doFilter(SecurityContextHolderAwareRequestFilter.java:181)
	at org.springframework.security.web.FilterChainProxy$VirtualFilterChain.doFilter(FilterChainProxy.java:385)
	at org.springframework.security.web.savedrequest.RequestCacheAwareFilter.doFilter(RequestCacheAwareFilter.java:63)
	at org.springframework.security.web.FilterChainProxy$VirtualFilterChain.doFilter(FilterChainProxy.java:385)
	at org.springframework.security.web.authentication.logout.LogoutFilter.doFilter(LogoutFilter.java:110)
	at org.springframework.security.web.authentication.logout.LogoutFilter.doFilter(LogoutFilter.java:96)
	at org.springframework.security.web.FilterChainProxy$VirtualFilterChain.doFilter(FilterChainProxy.java:385)
	at org.springframework.security.web.header.HeaderWriterFilter.doHeadersAfter(HeaderWriterFilter.java:90)
	at org.springframework.security.web.header.HeaderWriterFilter.doFilterInternal(HeaderWriterFilter.java:75)
	at org.springframework.web.filter.OncePerRequestFilter.doFilter(OncePerRequestFilter.java:116)
	at org.springframework.security.web.FilterChainProxy$VirtualFilterChain.doFilter(FilterChainProxy.java:385)
	at org.springframework.security.web.context.SecurityContextHolderFilter.doFilter(SecurityContextHolderFilter.java:82)
	at org.springframework.security.web.context.SecurityContextHolderFilter.doFilter(SecurityContextHolderFilter.java:69)
	at org.springframework.security.web.FilterChainProxy$VirtualFilterChain.doFilter(FilterChainProxy.java:385)
	at org.springframework.security.web.context.request.async.WebAsyncManagerIntegrationFilter.doFilterInternal(WebAsyncManagerIntegrationFilter.java:62)
	at org.springframework.web.filter.OncePerRequestFilter.doFilter(OncePerRequestFilter.java:116)
	at org.springframework.security.web.FilterChainProxy$VirtualFilterChain.doFilter(FilterChainProxy.java:385)
	at org.springframework.security.web.session.DisableEncodeUrlFilter.doFilterInternal(DisableEncodeUrlFilter.java:42)
	at org.springframework.web.filter.OncePerRequestFilter.doFilter(OncePerRequestFilter.java:116)
	at org.springframework.security.web.FilterChainProxy$VirtualFilterChain.doFilter(FilterChainProxy.java:385)
	at org.springframework.security.web.FilterChainProxy.doFilterInternal(FilterChainProxy.java:237)
	at org.springframework.security.web.FilterChainProxy.doFilter(FilterChainProxy.java:195)
	at org.springframework.web.filter.CompositeFilter$VirtualFilterChain.doFilter(CompositeFilter.java:113)
	at org.springframework.web.filter.ServletRequestPathFilter.doFilter(ServletRequestPathFilter.java:52)
	at org.springframework.web.filter.CompositeFilter$VirtualFilterChain.doFilter(CompositeFilter.java:113)
	at org.springframework.web.filter.CompositeFilter.doFilter(CompositeFilter.java:74)
	at org.springframework.security.config.annotation.web.configuration.WebSecurityConfiguration$CompositeFilterChainProxy.doFilter(WebSecurityConfiguration.java:317)
	at org.springframework.web.filter.DelegatingFilterProxy.invokeDelegate(DelegatingFilterProxy.java:355)
	at org.springframework.web.filter.DelegatingFilterProxy.doFilter(DelegatingFilterProxy.java:272)
	at org.apache.catalina.core.ApplicationFilterChain.doFilter(ApplicationFilterChain.java:111)
	at org.springframework.web.filter.RequestContextFilter.doFilterInternal(RequestContextFilter.java:100)
	at org.springframework.web.filter.OncePerRequestFilter.doFilter(OncePerRequestFilter.java:116)
	at org.apache.catalina.core.ApplicationFilterChain.doFilter(ApplicationFilterChain.java:111)
	at org.springframework.web.filter.FormContentFilter.doFilterInternal(FormContentFilter.java:93)
	at org.springframework.web.filter.OncePerRequestFilter.doFilter(OncePerRequestFilter.java:116)
	at org.apache.catalina.core.ApplicationFilterChain.doFilter(ApplicationFilterChain.java:111)
	at org.springframework.web.filter.CharacterEncodingFilter.doFilterInternal(CharacterEncodingFilter.java:199)
	at org.springframework.web.filter.OncePerRequestFilter.doFilter(OncePerRequestFilter.java:116)
	at org.apache.catalina.core.ApplicationFilterChain.doFilter(ApplicationFilterChain.java:111)
	at org.apache.catalina.core.StandardWrapperValve.invoke(StandardWrapperValve.java:165)
	at org.apache.catalina.core.StandardContextValve.invoke(StandardContextValve.java:77)
	at org.apache.catalina.authenticator.AuthenticatorBase.invoke(AuthenticatorBase.java:535)
	at org.apache.catalina.core.StandardHostValve.invoke(StandardHostValve.java:115)
	at org.apache.catalina.valves.ErrorReportValve.invoke(ErrorReportValve.java:86)
	at org.apache.catalina.core.StandardEngineValve.invoke(StandardEngineValve.java:71)
	at org.apache.catalina.connector.CoyoteAdapter.service(CoyoteAdapter.java:347)
	at org.apache.coyote.http11.Http11Processor.service(Http11Processor.java:406)
	at org.apache.coyote.AbstractProcessorLight.process(AbstractProcessorLight.java:71)
	at org.apache.coyote.AbstractProtocol$ConnectionHandler.process(AbstractProtocol.java:1307)
	at org.apache.tomcat.util.net.NioEndpoint$SocketProcessor.doRun(NioEndpoint.java:2036)
	at org.apache.tomcat.util.net.SocketProcessorBase.run(SocketProcessorBase.java:74)
	at org.apache.tomcat.util.threads.ThreadPoolExecutor.runWorker(ThreadPoolExecutor.java:949)
	at org.apache.tomcat.util.threads.ThreadPoolExecutor$Worker.run(ThreadPoolExecutor.java:483)
	at org.apache.tomcat.util.threads.TaskThread$WrappingRunnable.run(TaskThread.java:74)
	at java.base/java.lang.Thread.run(Thread.java:1474)
Caused by: org.hibernate.exception.ConstraintViolationException: could not execute statement [ERROR: duplicate key value violates unique constraint "producto_pkey"
  Detail: Key (id)=(1) already exists.] [insert into producto (activo,categoria,estado_conservacion,fecha_actualizacion,fecha_creacion,id_vendedor,nombre,precio_referencia,rareza,stock,url_imagen,version) values (?,?,?,?,?,?,?,?,?,?,?,?)]
	at org.hibernate.exception.internal.SQLStateConversionDelegate.convert(SQLStateConversionDelegate.java:73)
	at org.hibernate.exception.internal.StandardSQLExceptionConverter.convert(StandardSQLExceptionConverter.java:34)
	at org.hibernate.engine.jdbc.spi.SqlExceptionHelper.convert(SqlExceptionHelper.java:115)
	at org.hibernate.engine.jdbc.internal.ResultSetReturnImpl.executeUpdate(ResultSetReturnImpl.java:189)
	at org.hibernate.id.insert.GetGeneratedKeysDelegate.performMutation(GetGeneratedKeysDelegate.java:96)
	at org.hibernate.engine.jdbc.mutation.internal.MutationExecutorSingleNonBatched.performNonBatchedOperations(MutationExecutorSingleNonBatched.java:45)
	at org.hibernate.engine.jdbc.mutation.internal.AbstractMutationExecutor.execute(AbstractMutationExecutor.java:65)
	at org.hibernate.engine.jdbc.mutation.internal.AbstractMutationExecutor.execute(AbstractMutationExecutor.java:54)
	at org.hibernate.persister.entity.mutation.InsertCoordinatorStandard.doStaticInserts(InsertCoordinatorStandard.java:183)
	at org.hibernate.persister.entity.mutation.InsertCoordinatorStandard.coordinateInsert(InsertCoordinatorStandard.java:123)
	at org.hibernate.persister.entity.mutation.InsertCoordinatorStandard.insert(InsertCoordinatorStandard.java:87)
	at org.hibernate.action.internal.EntityIdentityInsertAction.execute(EntityIdentityInsertAction.java:87)
	at org.hibernate.engine.spi.ActionQueue.execute(ActionQueue.java:667)
	at org.hibernate.engine.spi.ActionQueue.addResolvedEntityInsertAction(ActionQueue.java:291)
	at org.hibernate.engine.spi.ActionQueue.addInsertAction(ActionQueue.java:270)
	at org.hibernate.engine.spi.ActionQueue.addAction(ActionQueue.java:322)
	at org.hibernate.event.internal.AbstractSaveEventListener.addInsertAction(AbstractSaveEventListener.java:384)
	at org.hibernate.event.internal.AbstractSaveEventListener.performSaveOrReplicate(AbstractSaveEventListener.java:298)
	at org.hibernate.event.internal.AbstractSaveEventListener.performSave(AbstractSaveEventListener.java:228)
	at org.hibernate.event.internal.AbstractSaveEventListener.saveWithGeneratedId(AbstractSaveEventListener.java:144)
	at org.hibernate.event.internal.DefaultPersistEventListener.entityIsTransient(DefaultPersistEventListener.java:144)
	at org.hibernate.event.internal.DefaultPersistEventListener.persist(DefaultPersistEventListener.java:91)
	at org.hibernate.event.internal.DefaultPersistEventListener.onPersist(DefaultPersistEventListener.java:75)
	at org.hibernate.event.internal.DefaultPersistEventListener.onPersist(DefaultPersistEventListener.java:51)
	at org.hibernate.event.service.internal.EventListenerGroupImpl.fireEventOnEachListener(EventListenerGroupImpl.java:138)
	at org.hibernate.internal.SessionImpl.firePersist(SessionImpl.java:709)
	at org.hibernate.internal.SessionImpl.persist(SessionImpl.java:692)
	at java.base/jdk.internal.reflect.DirectMethodHandleAccessor.invoke(DirectMethodHandleAccessor.java:104)
	at java.base/java.lang.reflect.Method.invoke(Method.java:565)
	at org.springframework.orm.jpa.SharedEntityManagerCreator$SharedEntityHandlerInvocationHandler.invokeMethod(SharedEntityManagerCreator.java:239)
	at org.springframework.orm.jpa.SharedEntityManagerCreator$SharedEntityManagerInvocationHandler.invoke(SharedEntityManagerCreator.java:392)
	at jdk.proxy4/jdk.proxy4.$Proxy146.persist(Unknown Source)
	at org.springframework.data.jpa.repository.support.SimpleJpaRepository.save(SimpleJpaRepository.java:664)
	at java.base/jdk.internal.reflect.DirectMethodHandleAccessor.invoke(DirectMethodHandleAccessor.java:104)
	at java.base/java.lang.reflect.Method.invoke(Method.java:565)
	at org.springframework.aop.support.AopUtils.invokeJoinpointUsingReflection(AopUtils.java:359)
	at org.springframework.data.repository.core.support.RepositoryMethodInvoker$RepositoryFragmentMethodInvoker.lambda$new$0(RepositoryMethodInvoker.java:278)
	at org.springframework.data.repository.core.support.RepositoryMethodInvoker.doInvoke(RepositoryMethodInvoker.java:169)
	at org.springframework.data.repository.core.support.RepositoryMethodInvoker.invoke(RepositoryMethodInvoker.java:158)
	at org.springframework.data.repository.core.support.RepositoryComposition$RepositoryFragments.invoke(RepositoryComposition.java:545)
	at org.springframework.data.repository.core.support.RepositoryComposition.invoke(RepositoryComposition.java:290)
	at org.springframework.data.repository.core.support.RepositoryFactorySupport$ImplementationMethodExecutionInterceptor.invoke(RepositoryFactorySupport.java:690)
	at org.springframework.aop.framework.ReflectiveMethodInvocation.proceed(ReflectiveMethodInvocation.java:179)
	at org.springframework.data.repository.core.support.QueryExecutorMethodInterceptor.doInvoke(QueryExecutorMethodInterceptor.java:171)
	at org.springframework.data.repository.core.support.QueryExecutorMethodInterceptor.invoke(QueryExecutorMethodInterceptor.java:146)
	at org.springframework.aop.framework.ReflectiveMethodInvocation.proceed(ReflectiveMethodInvocation.java:179)
	at org.springframework.data.projection.DefaultMethodInvokingMethodInterceptor.invoke(DefaultMethodInvokingMethodInterceptor.java:69)
	at org.springframework.aop.framework.ReflectiveMethodInvocation.proceed(ReflectiveMethodInvocation.java:179)
	at org.springframework.transaction.interceptor.TransactionInterceptor$1.proceedWithInvocation(TransactionInterceptor.java:133)
	at org.springframework.transaction.interceptor.TransactionAspectSupport.invokeWithinTransaction(TransactionAspectSupport.java:371)
	at org.springframework.transaction.interceptor.TransactionInterceptor.invoke(TransactionInterceptor.java:130)
	at org.springframework.aop.framework.ReflectiveMethodInvocation.proceed(ReflectiveMethodInvocation.java:179)
	at org.springframework.dao.support.PersistenceExceptionTranslationInterceptor.invoke(PersistenceExceptionTranslationInterceptor.java:135)
	... 101 common frames omitted
Caused by: org.postgresql.util.PSQLException: ERROR: duplicate key value violates unique constraint "producto_pkey"
  Detail: Key (id)=(1) already exists.
	at org.postgresql.core.v3.QueryExecutorImpl.receiveErrorResponse(QueryExecutorImpl.java:2993)
	at org.postgresql.core.v3.QueryExecutorImpl.processResults(QueryExecutorImpl.java:2656)
	at org.postgresql.core.v3.QueryExecutorImpl.execute(QueryExecutorImpl.java:446)
	at org.postgresql.jdbc.PgStatement.executeInternal(PgStatement.java:533)
	at org.postgresql.jdbc.PgStatement.execute(PgStatement.java:449)
	at org.postgresql.jdbc.PgPreparedStatement.executeWithFlags(PgPreparedStatement.java:197)
	at org.postgresql.jdbc.PgPreparedStatement.executeUpdate(PgPreparedStatement.java:158)
	at com.zaxxer.hikari.pool.ProxyPreparedStatement.executeUpdate(ProxyPreparedStatement.java:61)
	at com.zaxxer.hikari.pool.HikariProxyPreparedStatement.executeUpdate(HikariProxyPreparedStatement.java)
	at org.hibernate.engine.jdbc.internal.ResultSetReturnImpl.executeUpdate(ResultSetReturnImpl.java:185)
	... 150 common frames omitted
2026-10-06 11:51:10.609 WARN  [http-nio-8081-exec-1] o.s.w.s.m.m.a.ExceptionHandlerExceptionResolver - Resolved [org.springframework.dao.DataIntegrityViolationException: could not execute statement [ERROR: duplicate key value violates unique constraint "producto_pkey"<EOL>  Detail: Key (id)=(1) already exists.] [insert into producto (activo,categoria,estado_conservacion,fecha_actualizacion,fecha_creacion,id_vendedor,nombre,precio_referencia,rareza,stock,url_imagen,version) values (?,?,?,?,?,?,?,?,?,?,?,?)]; SQL [insert into producto (activo,categoria,estado_conservacion,fecha_actualizacion,fecha_creacion,id_vendedor,nombre,precio_referencia,rareza,stock,url_imagen,version) values (?,?,?,?,?,?,?,?,?,?,?,?)]; constraint [producto_pkey]]
2026-10-06 11:51:10.738 ERROR [http-nio-8081-exec-5] p.c.m.e.GlobalExceptionHandler - Error no controlado en /productos/null
org.springframework.web.method.annotation.MethodArgumentTypeMismatchException: Method parameter 'id': Failed to convert value of type 'java.lang.String' to required type 'java.lang.Long'; For input string: "null"
	at org.springframework.web.method.annotation.AbstractNamedValueMethodArgumentResolver.convertIfNecessary(AbstractNamedValueMethodArgumentResolver.java:295)
	at org.springframework.web.method.annotation.AbstractNamedValueMethodArgumentResolver.resolveArgument(AbstractNamedValueMethodArgumentResolver.java:134)
	at org.springframework.web.method.support.HandlerMethodArgumentResolverComposite.resolveArgument(HandlerMethodArgumentResolverComposite.java:122)
	at org.springframework.web.method.support.InvocableHandlerMethod.getMethodArgumentValues(InvocableHandlerMethod.java:224)
	at org.springframework.web.method.support.InvocableHandlerMethod.invokeForRequest(InvocableHandlerMethod.java:174)
	at org.springframework.web.servlet.mvc.method.annotation.ServletInvocableHandlerMethod.invokeAndHandle(ServletInvocableHandlerMethod.java:117)
	at org.springframework.web.servlet.mvc.method.annotation.RequestMappingHandlerAdapter.invokeHandlerMethod(RequestMappingHandlerAdapter.java:934)
	at org.springframework.web.servlet.mvc.method.annotation.RequestMappingHandlerAdapter.handleInternal(RequestMappingHandlerAdapter.java:853)
	at org.springframework.web.servlet.mvc.method.AbstractHandlerMethodAdapter.handle(AbstractHandlerMethodAdapter.java:86)
	at org.springframework.web.servlet.DispatcherServlet.doDispatch(DispatcherServlet.java:963)
	at org.springframework.web.servlet.DispatcherServlet.doService(DispatcherServlet.java:866)
	at org.springframework.web.servlet.FrameworkServlet.processRequest(FrameworkServlet.java:1000)
	at org.springframework.web.servlet.FrameworkServlet.doGet(FrameworkServlet.java:892)
	at jakarta.servlet.http.HttpServlet.service(HttpServlet.java:622)
	at org.springframework.web.servlet.FrameworkServlet.service(FrameworkServlet.java:874)
	at jakarta.servlet.http.HttpServlet.service(HttpServlet.java:710)
	at org.apache.catalina.core.ApplicationFilterChain.doFilter(ApplicationFilterChain.java:132)
	at org.apache.tomcat.websocket.server.WsFilter.doFilter(WsFilter.java:59)
	at org.apache.catalina.core.ApplicationFilterChain.doFilter(ApplicationFilterChain.java:111)
	at org.springframework.web.filter.CompositeFilter$VirtualFilterChain.doFilter(CompositeFilter.java:108)
	at org.springframework.security.web.FilterChainProxy.lambda$doFilterInternal$2(FilterChainProxy.java:235)
	at org.springframework.security.web.FilterChainProxy$VirtualFilterChain.doFilter(FilterChainProxy.java:376)
	at org.springframework.security.web.access.intercept.AuthorizationFilter.doFilter(AuthorizationFilter.java:101)
	at org.springframework.security.web.FilterChainProxy$VirtualFilterChain.doFilter(FilterChainProxy.java:385)
	at org.springframework.security.web.access.ExceptionTranslationFilter.doFilter(ExceptionTranslationFilter.java:126)
	at org.springframework.security.web.access.ExceptionTranslationFilter.doFilter(ExceptionTranslationFilter.java:120)
	at org.springframework.security.web.FilterChainProxy$VirtualFilterChain.doFilter(FilterChainProxy.java:385)
	at org.springframework.security.web.authentication.AnonymousAuthenticationFilter.doFilter(AnonymousAuthenticationFilter.java:100)
	at org.springframework.security.web.FilterChainProxy$VirtualFilterChain.doFilter(FilterChainProxy.java:385)
	at org.springframework.security.web.servletapi.SecurityContextHolderAwareRequestFilter.doFilter(SecurityContextHolderAwareRequestFilter.java:181)
	at org.springframework.security.web.FilterChainProxy$VirtualFilterChain.doFilter(FilterChainProxy.java:385)
	at org.springframework.security.web.savedrequest.RequestCacheAwareFilter.doFilter(RequestCacheAwareFilter.java:63)
	at org.springframework.security.web.FilterChainProxy$VirtualFilterChain.doFilter(FilterChainProxy.java:385)
	at org.springframework.security.web.authentication.logout.LogoutFilter.doFilter(LogoutFilter.java:110)
	at org.springframework.security.web.authentication.logout.LogoutFilter.doFilter(LogoutFilter.java:96)
	at org.springframework.security.web.FilterChainProxy$VirtualFilterChain.doFilter(FilterChainProxy.java:385)
	at org.springframework.security.web.header.HeaderWriterFilter.doHeadersAfter(HeaderWriterFilter.java:90)
	at org.springframework.security.web.header.HeaderWriterFilter.doFilterInternal(HeaderWriterFilter.java:75)
	at org.springframework.web.filter.OncePerRequestFilter.doFilter(OncePerRequestFilter.java:116)
	at org.springframework.security.web.FilterChainProxy$VirtualFilterChain.doFilter(FilterChainProxy.java:385)
	at org.springframework.security.web.context.SecurityContextHolderFilter.doFilter(SecurityContextHolderFilter.java:82)
	at org.springframework.security.web.context.SecurityContextHolderFilter.doFilter(SecurityContextHolderFilter.java:69)
	at org.springframework.security.web.FilterChainProxy$VirtualFilterChain.doFilter(FilterChainProxy.java:385)
	at org.springframework.security.web.context.request.async.WebAsyncManagerIntegrationFilter.doFilterInternal(WebAsyncManagerIntegrationFilter.java:62)
	at org.springframework.web.filter.OncePerRequestFilter.doFilter(OncePerRequestFilter.java:116)
	at org.springframework.security.web.FilterChainProxy$VirtualFilterChain.doFilter(FilterChainProxy.java:385)
	at org.springframework.security.web.session.DisableEncodeUrlFilter.doFilterInternal(DisableEncodeUrlFilter.java:42)
	at org.springframework.web.filter.OncePerRequestFilter.doFilter(OncePerRequestFilter.java:116)
	at org.springframework.security.web.FilterChainProxy$VirtualFilterChain.doFilter(FilterChainProxy.java:385)
	at org.springframework.security.web.FilterChainProxy.doFilterInternal(FilterChainProxy.java:237)
	at org.springframework.security.web.FilterChainProxy.doFilter(FilterChainProxy.java:195)
	at org.springframework.web.filter.CompositeFilter$VirtualFilterChain.doFilter(CompositeFilter.java:113)
	at org.springframework.web.filter.ServletRequestPathFilter.doFilter(ServletRequestPathFilter.java:52)
	at org.springframework.web.filter.CompositeFilter$VirtualFilterChain.doFilter(CompositeFilter.java:113)
	at org.springframework.web.filter.CompositeFilter.doFilter(CompositeFilter.java:74)
	at org.springframework.security.config.annotation.web.configuration.WebSecurityConfiguration$CompositeFilterChainProxy.doFilter(WebSecurityConfiguration.java:317)
	at org.springframework.web.filter.DelegatingFilterProxy.invokeDelegate(DelegatingFilterProxy.java:355)
	at org.springframework.web.filter.DelegatingFilterProxy.doFilter(DelegatingFilterProxy.java:272)
	at org.apache.catalina.core.ApplicationFilterChain.doFilter(ApplicationFilterChain.java:111)
	at org.springframework.web.filter.RequestContextFilter.doFilterInternal(RequestContextFilter.java:100)
	at org.springframework.web.filter.OncePerRequestFilter.doFilter(OncePerRequestFilter.java:116)
	at org.apache.catalina.core.ApplicationFilterChain.doFilter(ApplicationFilterChain.java:111)
	at org.springframework.web.filter.FormContentFilter.doFilterInternal(FormContentFilter.java:93)
	at org.springframework.web.filter.OncePerRequestFilter.doFilter(OncePerRequestFilter.java:116)
	at org.apache.catalina.core.ApplicationFilterChain.doFilter(ApplicationFilterChain.java:111)
	at org.springframework.web.filter.CharacterEncodingFilter.doFilterInternal(CharacterEncodingFilter.java:199)
	at org.springframework.web.filter.OncePerRequestFilter.doFilter(OncePerRequestFilter.java:116)
	at org.apache.catalina.core.ApplicationFilterChain.doFilter(ApplicationFilterChain.java:111)
	at org.apache.catalina.core.StandardWrapperValve.invoke(StandardWrapperValve.java:165)
	at org.apache.catalina.core.StandardContextValve.invoke(StandardContextValve.java:77)
	at org.apache.catalina.authenticator.AuthenticatorBase.invoke(AuthenticatorBase.java:535)
	at org.apache.catalina.core.StandardHostValve.invoke(StandardHostValve.java:115)
	at org.apache.catalina.valves.ErrorReportValve.invoke(ErrorReportValve.java:86)
	at org.apache.catalina.core.StandardEngineValve.invoke(StandardEngineValve.java:71)
	at org.apache.catalina.connector.CoyoteAdapter.service(CoyoteAdapter.java:347)
	at org.apache.coyote.http11.Http11Processor.service(Http11Processor.java:406)
	at org.apache.coyote.AbstractProcessorLight.process(AbstractProcessorLight.java:71)
	at org.apache.coyote.AbstractProtocol$ConnectionHandler.process(AbstractProtocol.java:1307)
	at org.apache.tomcat.util.net.NioEndpoint$SocketProcessor.doRun(NioEndpoint.java:2036)
	at org.apache.tomcat.util.net.SocketProcessorBase.run(SocketProcessorBase.java:74)
	at org.apache.tomcat.util.threads.ThreadPoolExecutor.runWorker(ThreadPoolExecutor.java:949)
	at org.apache.tomcat.util.threads.ThreadPoolExecutor$Worker.run(ThreadPoolExecutor.java:483)
	at org.apache.tomcat.util.threads.TaskThread$WrappingRunnable.run(TaskThread.java:74)
	at java.base/java.lang.Thread.run(Thread.java:1474)
Caused by: java.lang.NumberFormatException: For input string: "null"
	at java.base/java.lang.NumberFormatException.forInputString(NumberFormatException.java:67)
	at java.base/java.lang.Long.parseLong(Long.java:594)
	at java.base/java.lang.Long.valueOf(Long.java:950)
	at org.springframework.util.NumberUtils.parseNumber(NumberUtils.java:204)
	at org.springframework.beans.propertyeditors.CustomNumberEditor.setAsText(CustomNumberEditor.java:115)
	at org.springframework.beans.TypeConverterDelegate.doConvertTextValue(TypeConverterDelegate.java:438)
	at org.springframework.beans.TypeConverterDelegate.doConvertValue(TypeConverterDelegate.java:411)
	at org.springframework.beans.TypeConverterDelegate.convertIfNecessary(TypeConverterDelegate.java:158)
	at org.springframework.beans.TypeConverterSupport.convertIfNecessary(TypeConverterSupport.java:75)
	at org.springframework.beans.TypeConverterSupport.convertIfNecessary(TypeConverterSupport.java:51)
	at org.springframework.validation.DataBinder.convertIfNecessary(DataBinder.java:846)
	at org.springframework.web.method.annotation.AbstractNamedValueMethodArgumentResolver.convertIfNecessary(AbstractNamedValueMethodArgumentResolver.java:287)
	... 83 common frames omitted
2026-10-06 11:51:10.743 WARN  [http-nio-8081-exec-5] o.s.w.s.m.m.a.ExceptionHandlerExceptionResolver - Resolved [org.springframework.web.method.annotation.MethodArgumentTypeMismatchException: Method parameter 'id': Failed to convert value of type 'java.lang.String' to required type 'java.lang.Long'; For input string: "null"]
2026-10-06 11:51:10.868 INFO  [http-nio-8081-exec-6] p.c.m.Controller.ProductoController - GET /productos filtro=ProductoFiltro[nombre=char, categoria=Cartas, rareza=null, idVendedor=null]
2026-10-06 11:51:10.872 DEBUG [http-nio-8081-exec-6] p.c.m.Service.base.BaseServiceImpl - Buscando Producto filtro=ProductoFiltro[nombre=char, categoria=Cartas, rareza=null, idVendedor=null]
2026-10-06 11:51:10.967 DEBUG [http-nio-8081-exec-6] org.hibernate.SQL - 
    select
        p1_0.id,
        p1_0.activo,
        p1_0.categoria,
        p1_0.estado_conservacion,
        p1_0.fecha_actualizacion,
        p1_0.fecha_creacion,
        p1_0.id_vendedor,
        p1_0.nombre,
        p1_0.precio_referencia,
        p1_0.rareza,
        p1_0.stock,
        p1_0.url_imagen,
        p1_0.version 
    from
        producto p1_0 
    where
        p1_0.activo=true 
        and (
            ? is null 
            or p1_0.id_vendedor=?
        ) 
        and (
            ? is null 
            or p1_0.categoria=?
        ) 
        and (
            ? is null 
            or p1_0.rareza=?
        ) 
        and (
            ? is null 
            or lower(p1_0.nombre) like lower(('%'||cast(? as varchar)||'%')) escape ''
        ) 
    fetch
        first ? rows only
2026-10-06 11:51:11.254 ERROR [http-nio-8081-exec-4] p.c.m.e.GlobalExceptionHandler - Error no controlado en /productos/null
org.springframework.web.method.annotation.MethodArgumentTypeMismatchException: Method parameter 'id': Failed to convert value of type 'java.lang.String' to required type 'java.lang.Long'; For input string: "null"
	at org.springframework.web.method.annotation.AbstractNamedValueMethodArgumentResolver.convertIfNecessary(AbstractNamedValueMethodArgumentResolver.java:295)
	at org.springframework.web.method.annotation.AbstractNamedValueMethodArgumentResolver.resolveArgument(AbstractNamedValueMethodArgumentResolver.java:134)
	at org.springframework.web.method.support.HandlerMethodArgumentResolverComposite.resolveArgument(HandlerMethodArgumentResolverComposite.java:122)
	at org.springframework.web.method.support.InvocableHandlerMethod.getMethodArgumentValues(InvocableHandlerMethod.java:224)
	at org.springframework.web.method.support.InvocableHandlerMethod.invokeForRequest(InvocableHandlerMethod.java:174)
	at org.springframework.web.servlet.mvc.method.annotation.ServletInvocableHandlerMethod.invokeAndHandle(ServletInvocableHandlerMethod.java:117)
	at org.springframework.web.servlet.mvc.method.annotation.RequestMappingHandlerAdapter.invokeHandlerMethod(RequestMappingHandlerAdapter.java:934)
	at org.springframework.web.servlet.mvc.method.annotation.RequestMappingHandlerAdapter.handleInternal(RequestMappingHandlerAdapter.java:853)
	at org.springframework.web.servlet.mvc.method.AbstractHandlerMethodAdapter.handle(AbstractHandlerMethodAdapter.java:86)
	at org.springframework.web.servlet.DispatcherServlet.doDispatch(DispatcherServlet.java:963)
	at org.springframework.web.servlet.DispatcherServlet.doService(DispatcherServlet.java:866)
	at org.springframework.web.servlet.FrameworkServlet.processRequest(FrameworkServlet.java:1000)
	at org.springframework.web.servlet.FrameworkServlet.doPut(FrameworkServlet.java:914)
	at jakarta.servlet.http.HttpServlet.service(HttpServlet.java:650)
	at org.springframework.web.servlet.FrameworkServlet.service(FrameworkServlet.java:874)
	at jakarta.servlet.http.HttpServlet.service(HttpServlet.java:710)
	at org.apache.catalina.core.ApplicationFilterChain.doFilter(ApplicationFilterChain.java:132)
	at org.apache.tomcat.websocket.server.WsFilter.doFilter(WsFilter.java:59)
	at org.apache.catalina.core.ApplicationFilterChain.doFilter(ApplicationFilterChain.java:111)
	at org.springframework.web.filter.CompositeFilter$VirtualFilterChain.doFilter(CompositeFilter.java:108)
	at org.springframework.security.web.FilterChainProxy.lambda$doFilterInternal$2(FilterChainProxy.java:235)
	at org.springframework.security.web.FilterChainProxy$VirtualFilterChain.doFilter(FilterChainProxy.java:376)
	at org.springframework.security.web.access.intercept.AuthorizationFilter.doFilter(AuthorizationFilter.java:101)
	at org.springframework.security.web.FilterChainProxy$VirtualFilterChain.doFilter(FilterChainProxy.java:385)
	at org.springframework.security.web.access.ExceptionTranslationFilter.doFilter(ExceptionTranslationFilter.java:126)
	at org.springframework.security.web.access.ExceptionTranslationFilter.doFilter(ExceptionTranslationFilter.java:120)
	at org.springframework.security.web.FilterChainProxy$VirtualFilterChain.doFilter(FilterChainProxy.java:385)
	at org.springframework.security.web.authentication.AnonymousAuthenticationFilter.doFilter(AnonymousAuthenticationFilter.java:100)
	at org.springframework.security.web.FilterChainProxy$VirtualFilterChain.doFilter(FilterChainProxy.java:385)
	at org.springframework.security.web.servletapi.SecurityContextHolderAwareRequestFilter.doFilter(SecurityContextHolderAwareRequestFilter.java:181)
	at org.springframework.security.web.FilterChainProxy$VirtualFilterChain.doFilter(FilterChainProxy.java:385)
	at org.springframework.security.web.savedrequest.RequestCacheAwareFilter.doFilter(RequestCacheAwareFilter.java:63)
	at org.springframework.security.web.FilterChainProxy$VirtualFilterChain.doFilter(FilterChainProxy.java:385)
	at org.springframework.security.web.authentication.logout.LogoutFilter.doFilter(LogoutFilter.java:110)
	at org.springframework.security.web.authentication.logout.LogoutFilter.doFilter(LogoutFilter.java:96)
	at org.springframework.security.web.FilterChainProxy$VirtualFilterChain.doFilter(FilterChainProxy.java:385)
	at org.springframework.security.web.header.HeaderWriterFilter.doHeadersAfter(HeaderWriterFilter.java:90)
	at org.springframework.security.web.header.HeaderWriterFilter.doFilterInternal(HeaderWriterFilter.java:75)
	at org.springframework.web.filter.OncePerRequestFilter.doFilter(OncePerRequestFilter.java:116)
	at org.springframework.security.web.FilterChainProxy$VirtualFilterChain.doFilter(FilterChainProxy.java:385)
	at org.springframework.security.web.context.SecurityContextHolderFilter.doFilter(SecurityContextHolderFilter.java:82)
	at org.springframework.security.web.context.SecurityContextHolderFilter.doFilter(SecurityContextHolderFilter.java:69)
	at org.springframework.security.web.FilterChainProxy$VirtualFilterChain.doFilter(FilterChainProxy.java:385)
	at org.springframework.security.web.context.request.async.WebAsyncManagerIntegrationFilter.doFilterInternal(WebAsyncManagerIntegrationFilter.java:62)
	at org.springframework.web.filter.OncePerRequestFilter.doFilter(OncePerRequestFilter.java:116)
	at org.springframework.security.web.FilterChainProxy$VirtualFilterChain.doFilter(FilterChainProxy.java:385)
	at org.springframework.security.web.session.DisableEncodeUrlFilter.doFilterInternal(DisableEncodeUrlFilter.java:42)
	at org.springframework.web.filter.OncePerRequestFilter.doFilter(OncePerRequestFilter.java:116)
	at org.springframework.security.web.FilterChainProxy$VirtualFilterChain.doFilter(FilterChainProxy.java:385)
	at org.springframework.security.web.FilterChainProxy.doFilterInternal(FilterChainProxy.java:237)
	at org.springframework.security.web.FilterChainProxy.doFilter(FilterChainProxy.java:195)
	at org.springframework.web.filter.CompositeFilter$VirtualFilterChain.doFilter(CompositeFilter.java:113)
	at org.springframework.web.filter.ServletRequestPathFilter.doFilter(ServletRequestPathFilter.java:52)
	at org.springframework.web.filter.CompositeFilter$VirtualFilterChain.doFilter(CompositeFilter.java:113)
	at org.springframework.web.filter.CompositeFilter.doFilter(CompositeFilter.java:74)
	at org.springframework.security.config.annotation.web.configuration.WebSecurityConfiguration$CompositeFilterChainProxy.doFilter(WebSecurityConfiguration.java:317)
	at org.springframework.web.filter.DelegatingFilterProxy.invokeDelegate(DelegatingFilterProxy.java:355)
	at org.springframework.web.filter.DelegatingFilterProxy.doFilter(DelegatingFilterProxy.java:272)
	at org.apache.catalina.core.ApplicationFilterChain.doFilter(ApplicationFilterChain.java:111)
	at org.springframework.web.filter.RequestContextFilter.doFilterInternal(RequestContextFilter.java:100)
	at org.springframework.web.filter.OncePerRequestFilter.doFilter(OncePerRequestFilter.java:116)
	at org.apache.catalina.core.ApplicationFilterChain.doFilter(ApplicationFilterChain.java:111)
	at org.springframework.web.filter.FormContentFilter.doFilterInternal(FormContentFilter.java:93)
	at org.springframework.web.filter.OncePerRequestFilter.doFilter(OncePerRequestFilter.java:116)
	at org.apache.catalina.core.ApplicationFilterChain.doFilter(ApplicationFilterChain.java:111)
	at org.springframework.web.filter.CharacterEncodingFilter.doFilterInternal(CharacterEncodingFilter.java:199)
	at org.springframework.web.filter.OncePerRequestFilter.doFilter(OncePerRequestFilter.java:116)
	at org.apache.catalina.core.ApplicationFilterChain.doFilter(ApplicationFilterChain.java:111)
	at org.apache.catalina.core.StandardWrapperValve.invoke(StandardWrapperValve.java:165)
	at org.apache.catalina.core.StandardContextValve.invoke(StandardContextValve.java:77)
	at org.apache.catalina.authenticator.AuthenticatorBase.invoke(AuthenticatorBase.java:535)
	at org.apache.catalina.core.StandardHostValve.invoke(StandardHostValve.java:115)
	at org.apache.catalina.valves.ErrorReportValve.invoke(ErrorReportValve.java:86)
	at org.apache.catalina.core.StandardEngineValve.invoke(StandardEngineValve.java:71)
	at org.apache.catalina.connector.CoyoteAdapter.service(CoyoteAdapter.java:347)
	at org.apache.coyote.http11.Http11Processor.service(Http11Processor.java:406)
	at org.apache.coyote.AbstractProcessorLight.process(AbstractProcessorLight.java:71)
	at org.apache.coyote.AbstractProtocol$ConnectionHandler.process(AbstractProtocol.java:1307)
	at org.apache.tomcat.util.net.NioEndpoint$SocketProcessor.doRun(NioEndpoint.java:2036)
	at org.apache.tomcat.util.net.SocketProcessorBase.run(SocketProcessorBase.java:74)
	at org.apache.tomcat.util.threads.ThreadPoolExecutor.runWorker(ThreadPoolExecutor.java:949)
	at org.apache.tomcat.util.threads.ThreadPoolExecutor$Worker.run(ThreadPoolExecutor.java:483)
	at org.apache.tomcat.util.threads.TaskThread$WrappingRunnable.run(TaskThread.java:74)
	at java.base/java.lang.Thread.run(Thread.java:1474)
Caused by: java.lang.NumberFormatException: For input string: "null"
	at java.base/java.lang.NumberFormatException.forInputString(NumberFormatException.java:67)
	at java.base/java.lang.Long.parseLong(Long.java:594)
	at java.base/java.lang.Long.valueOf(Long.java:950)
	at org.springframework.util.NumberUtils.parseNumber(NumberUtils.java:204)
	at org.springframework.beans.propertyeditors.CustomNumberEditor.setAsText(CustomNumberEditor.java:115)
	at org.springframework.beans.TypeConverterDelegate.doConvertTextValue(TypeConverterDelegate.java:438)
	at org.springframework.beans.TypeConverterDelegate.doConvertValue(TypeConverterDelegate.java:411)
	at org.springframework.beans.TypeConverterDelegate.convertIfNecessary(TypeConverterDelegate.java:158)
	at org.springframework.beans.TypeConverterSupport.convertIfNecessary(TypeConverterSupport.java:75)
	at org.springframework.beans.TypeConverterSupport.convertIfNecessary(TypeConverterSupport.java:51)
	at org.springframework.validation.DataBinder.convertIfNecessary(DataBinder.java:846)
	at org.springframework.web.method.annotation.AbstractNamedValueMethodArgumentResolver.convertIfNecessary(AbstractNamedValueMethodArgumentResolver.java:287)
	... 83 common frames omitted
2026-10-06 11:51:11.258 WARN  [http-nio-8081-exec-4] o.s.w.s.m.m.a.ExceptionHandlerExceptionResolver - Resolved [org.springframework.web.method.annotation.MethodArgumentTypeMismatchException: Method parameter 'id': Failed to convert value of type 'java.lang.String' to required type 'java.lang.Long'; For input string: "null"]
2026-10-06 11:51:11.345 INFO  [http-nio-8081-exec-9] p.c.m.Controller.ProductoController - POST /productos
2026-10-06 11:51:11.345 DEBUG [http-nio-8081-exec-9] p.c.m.Service.base.BaseServiceImpl - Creando Producto
2026-10-06 11:51:11.346 DEBUG [http-nio-8081-exec-9] org.hibernate.SQL - 
    insert 
    into
        producto
        (activo, categoria, estado_conservacion, fecha_actualizacion, fecha_creacion, id_vendedor, nombre, precio_referencia, rareza, stock, url_imagen, version) 
    values
        (?, ?, ?, ?, ?, ?, ?, ?, ?, ?, ?, ?)
2026-10-06 11:51:11.379 WARN  [http-nio-8081-exec-9] org.hibernate.orm.jdbc.error - HHH000247: ErrorCode: 0, SQLState: 23502
2026-10-06 11:51:11.379 WARN  [http-nio-8081-exec-9] org.hibernate.orm.jdbc.error - ERROR: null value in column "nombre" of relation "producto" violates not-null constraint
  Detail: Failing row contains (2, 1, null, null, null, null, 0, 100.00, null, null, t, 2026-10-06 11:51:11.346278, 2026-10-06 11:51:11.346278).
2026-10-06 11:51:11.409 ERROR [http-nio-8081-exec-9] p.c.m.e.GlobalExceptionHandler - Error no controlado en /productos
org.springframework.dao.DataIntegrityViolationException: could not execute statement [ERROR: null value in column "nombre" of relation "producto" violates not-null constraint
  Detail: Failing row contains (2, 1, null, null, null, null, 0, 100.00, null, null, t, 2026-10-06 11:51:11.346278, 2026-10-06 11:51:11.346278).] [insert into producto (activo,categoria,estado_conservacion,fecha_actualizacion,fecha_creacion,id_vendedor,nombre,precio_referencia,rareza,stock,url_imagen,version) values (?,?,?,?,?,?,?,?,?,?,?,?)]; SQL [insert into producto (activo,categoria,estado_conservacion,fecha_actualizacion,fecha_creacion,id_vendedor,nombre,precio_referencia,rareza,stock,url_imagen,version) values (?,?,?,?,?,?,?,?,?,?,?,?)]; constraint [nombre]
	at org.springframework.orm.jpa.hibernate.HibernateExceptionTranslator.convertHibernateAccessException(HibernateExceptionTranslator.java:169)
	at org.springframework.orm.jpa.hibernate.HibernateExceptionTranslator.convertHibernateAccessException(HibernateExceptionTranslator.java:131)
	at org.springframework.orm.jpa.hibernate.HibernateExceptionTranslator.translateExceptionIfPossible(HibernateExceptionTranslator.java:105)
	at org.springframework.orm.jpa.vendor.HibernateJpaDialect.translateExceptionIfPossible(HibernateJpaDialect.java:223)
	at org.springframework.orm.jpa.AbstractEntityManagerFactoryBean.translateExceptionIfPossible(AbstractEntityManagerFactoryBean.java:577)
	at org.springframework.dao.support.ChainedPersistenceExceptionTranslator.translateExceptionIfPossible(ChainedPersistenceExceptionTranslator.java:61)
	at org.springframework.dao.support.DataAccessUtils.translateIfNecessary(DataAccessUtils.java:346)
	at org.springframework.dao.support.PersistenceExceptionTranslationInterceptor.invoke(PersistenceExceptionTranslationInterceptor.java:157)
	at org.springframework.aop.framework.ReflectiveMethodInvocation.proceed(ReflectiveMethodInvocation.java:179)
	at org.springframework.data.jpa.repository.support.CrudMethodMetadataPostProcessor$CrudMethodMetadataPopulatingMethodInterceptor.invoke(CrudMethodMetadataPostProcessor.java:166)
	at org.springframework.aop.framework.ReflectiveMethodInvocation.proceed(ReflectiveMethodInvocation.java:179)
	at org.springframework.aop.framework.JdkDynamicAopProxy.invoke(JdkDynamicAopProxy.java:222)
	at jdk.proxy4/jdk.proxy4.$Proxy159.save(Unknown Source)
	at py.com.ms1lvccatalogo.Service.base.BaseServiceImpl.crear(BaseServiceImpl.java:34)
	at java.base/jdk.internal.reflect.DirectMethodHandleAccessor.invoke(DirectMethodHandleAccessor.java:104)
	at java.base/java.lang.reflect.Method.invoke(Method.java:565)
	at org.springframework.aop.support.AopUtils.invokeJoinpointUsingReflection(AopUtils.java:359)
	at org.springframework.aop.framework.ReflectiveMethodInvocation.invokeJoinpoint(ReflectiveMethodInvocation.java:190)
	at org.springframework.aop.framework.ReflectiveMethodInvocation.proceed(ReflectiveMethodInvocation.java:158)
	at org.springframework.transaction.interceptor.TransactionInterceptor$1.proceedWithInvocation(TransactionInterceptor.java:133)
	at org.springframework.transaction.interceptor.TransactionAspectSupport.invokeWithinTransaction(TransactionAspectSupport.java:371)
	at org.springframework.transaction.interceptor.TransactionInterceptor.invoke(TransactionInterceptor.java:130)
	at org.springframework.aop.framework.ReflectiveMethodInvocation.proceed(ReflectiveMethodInvocation.java:179)
	at org.springframework.aop.framework.CglibAopProxy$DynamicAdvisedInterceptor.intercept(CglibAopProxy.java:719)
	at py.com.ms1lvccatalogo.Service.producto.ProductoServiceImpl$$SpringCGLIB$$0.crear(<generated>)
	at py.com.ms1lvccatalogo.Controller.ProductoController.crear(ProductoController.java:29)
	at java.base/jdk.internal.reflect.DirectMethodHandleAccessor.invoke(DirectMethodHandleAccessor.java:104)
	at java.base/java.lang.reflect.Method.invoke(Method.java:565)
	at org.springframework.web.method.support.InvocableHandlerMethod.doInvoke(InvocableHandlerMethod.java:252)
	at org.springframework.web.method.support.InvocableHandlerMethod.invokeForRequest(InvocableHandlerMethod.java:184)
	at org.springframework.web.servlet.mvc.method.annotation.ServletInvocableHandlerMethod.invokeAndHandle(ServletInvocableHandlerMethod.java:117)
	at org.springframework.web.servlet.mvc.method.annotation.RequestMappingHandlerAdapter.invokeHandlerMethod(RequestMappingHandlerAdapter.java:934)
	at org.springframework.web.servlet.mvc.method.annotation.RequestMappingHandlerAdapter.handleInternal(RequestMappingHandlerAdapter.java:853)
	at org.springframework.web.servlet.mvc.method.AbstractHandlerMethodAdapter.handle(AbstractHandlerMethodAdapter.java:86)
	at org.springframework.web.servlet.DispatcherServlet.doDispatch(DispatcherServlet.java:963)
	at org.springframework.web.servlet.DispatcherServlet.doService(DispatcherServlet.java:866)
	at org.springframework.web.servlet.FrameworkServlet.processRequest(FrameworkServlet.java:1000)
	at org.springframework.web.servlet.FrameworkServlet.doPost(FrameworkServlet.java:903)
	at jakarta.servlet.http.HttpServlet.service(HttpServlet.java:649)
	at org.springframework.web.servlet.FrameworkServlet.service(FrameworkServlet.java:874)
	at jakarta.servlet.http.HttpServlet.service(HttpServlet.java:710)
	at org.apache.catalina.core.ApplicationFilterChain.doFilter(ApplicationFilterChain.java:132)
	at org.apache.tomcat.websocket.server.WsFilter.doFilter(WsFilter.java:59)
	at org.apache.catalina.core.ApplicationFilterChain.doFilter(ApplicationFilterChain.java:111)
	at org.springframework.web.filter.CompositeFilter$VirtualFilterChain.doFilter(CompositeFilter.java:108)
	at org.springframework.security.web.FilterChainProxy.lambda$doFilterInternal$2(FilterChainProxy.java:235)
	at org.springframework.security.web.FilterChainProxy$VirtualFilterChain.doFilter(FilterChainProxy.java:376)
	at org.springframework.security.web.access.intercept.AuthorizationFilter.doFilter(AuthorizationFilter.java:101)
	at org.springframework.security.web.FilterChainProxy$VirtualFilterChain.doFilter(FilterChainProxy.java:385)
	at org.springframework.security.web.access.ExceptionTranslationFilter.doFilter(ExceptionTranslationFilter.java:126)
	at org.springframework.security.web.access.ExceptionTranslationFilter.doFilter(ExceptionTranslationFilter.java:120)
	at org.springframework.security.web.FilterChainProxy$VirtualFilterChain.doFilter(FilterChainProxy.java:385)
	at org.springframework.security.web.authentication.AnonymousAuthenticationFilter.doFilter(AnonymousAuthenticationFilter.java:100)
	at org.springframework.security.web.FilterChainProxy$VirtualFilterChain.doFilter(FilterChainProxy.java:385)
	at org.springframework.security.web.servletapi.SecurityContextHolderAwareRequestFilter.doFilter(SecurityContextHolderAwareRequestFilter.java:181)
	at org.springframework.security.web.FilterChainProxy$VirtualFilterChain.doFilter(FilterChainProxy.java:385)
	at org.springframework.security.web.savedrequest.RequestCacheAwareFilter.doFilter(RequestCacheAwareFilter.java:63)
	at org.springframework.security.web.FilterChainProxy$VirtualFilterChain.doFilter(FilterChainProxy.java:385)
	at org.springframework.security.web.authentication.logout.LogoutFilter.doFilter(LogoutFilter.java:110)
	at org.springframework.security.web.authentication.logout.LogoutFilter.doFilter(LogoutFilter.java:96)
	at org.springframework.security.web.FilterChainProxy$VirtualFilterChain.doFilter(FilterChainProxy.java:385)
	at org.springframework.security.web.header.HeaderWriterFilter.doHeadersAfter(HeaderWriterFilter.java:90)
	at org.springframework.security.web.header.HeaderWriterFilter.doFilterInternal(HeaderWriterFilter.java:75)
	at org.springframework.web.filter.OncePerRequestFilter.doFilter(OncePerRequestFilter.java:116)
	at org.springframework.security.web.FilterChainProxy$VirtualFilterChain.doFilter(FilterChainProxy.java:385)
	at org.springframework.security.web.context.SecurityContextHolderFilter.doFilter(SecurityContextHolderFilter.java:82)
	at org.springframework.security.web.context.SecurityContextHolderFilter.doFilter(SecurityContextHolderFilter.java:69)
	at org.springframework.security.web.FilterChainProxy$VirtualFilterChain.doFilter(FilterChainProxy.java:385)
	at org.springframework.security.web.context.request.async.WebAsyncManagerIntegrationFilter.doFilterInternal(WebAsyncManagerIntegrationFilter.java:62)
	at org.springframework.web.filter.OncePerRequestFilter.doFilter(OncePerRequestFilter.java:116)
	at org.springframework.security.web.FilterChainProxy$VirtualFilterChain.doFilter(FilterChainProxy.java:385)
	at org.springframework.security.web.session.DisableEncodeUrlFilter.doFilterInternal(DisableEncodeUrlFilter.java:42)
	at org.springframework.web.filter.OncePerRequestFilter.doFilter(OncePerRequestFilter.java:116)
	at org.springframework.security.web.FilterChainProxy$VirtualFilterChain.doFilter(FilterChainProxy.java:385)
	at org.springframework.security.web.FilterChainProxy.doFilterInternal(FilterChainProxy.java:237)
	at org.springframework.security.web.FilterChainProxy.doFilter(FilterChainProxy.java:195)
	at org.springframework.web.filter.CompositeFilter$VirtualFilterChain.doFilter(CompositeFilter.java:113)
	at org.springframework.web.filter.ServletRequestPathFilter.doFilter(ServletRequestPathFilter.java:52)
	at org.springframework.web.filter.CompositeFilter$VirtualFilterChain.doFilter(CompositeFilter.java:113)
	at org.springframework.web.filter.CompositeFilter.doFilter(CompositeFilter.java:74)
	at org.springframework.security.config.annotation.web.configuration.WebSecurityConfiguration$CompositeFilterChainProxy.doFilter(WebSecurityConfiguration.java:317)
	at org.springframework.web.filter.DelegatingFilterProxy.invokeDelegate(DelegatingFilterProxy.java:355)
	at org.springframework.web.filter.DelegatingFilterProxy.doFilter(DelegatingFilterProxy.java:272)
	at org.apache.catalina.core.ApplicationFilterChain.doFilter(ApplicationFilterChain.java:111)
	at org.springframework.web.filter.RequestContextFilter.doFilterInternal(RequestContextFilter.java:100)
	at org.springframework.web.filter.OncePerRequestFilter.doFilter(OncePerRequestFilter.java:116)
	at org.apache.catalina.core.ApplicationFilterChain.doFilter(ApplicationFilterChain.java:111)
	at org.springframework.web.filter.FormContentFilter.doFilterInternal(FormContentFilter.java:93)
	at org.springframework.web.filter.OncePerRequestFilter.doFilter(OncePerRequestFilter.java:116)
	at org.apache.catalina.core.ApplicationFilterChain.doFilter(ApplicationFilterChain.java:111)
	at org.springframework.web.filter.CharacterEncodingFilter.doFilterInternal(CharacterEncodingFilter.java:199)
	at org.springframework.web.filter.OncePerRequestFilter.doFilter(OncePerRequestFilter.java:116)
	at org.apache.catalina.core.ApplicationFilterChain.doFilter(ApplicationFilterChain.java:111)
	at org.apache.catalina.core.StandardWrapperValve.invoke(StandardWrapperValve.java:165)
	at org.apache.catalina.core.StandardContextValve.invoke(StandardContextValve.java:77)
	at org.apache.catalina.authenticator.AuthenticatorBase.invoke(AuthenticatorBase.java:535)
	at org.apache.catalina.core.StandardHostValve.invoke(StandardHostValve.java:115)
	at org.apache.catalina.valves.ErrorReportValve.invoke(ErrorReportValve.java:86)
	at org.apache.catalina.core.StandardEngineValve.invoke(StandardEngineValve.java:71)
	at org.apache.catalina.connector.CoyoteAdapter.service(CoyoteAdapter.java:347)
	at org.apache.coyote.http11.Http11Processor.service(Http11Processor.java:406)
	at org.apache.coyote.AbstractProcessorLight.process(AbstractProcessorLight.java:71)
	at org.apache.coyote.AbstractProtocol$ConnectionHandler.process(AbstractProtocol.java:1307)
	at org.apache.tomcat.util.net.NioEndpoint$SocketProcessor.doRun(NioEndpoint.java:2036)
	at org.apache.tomcat.util.net.SocketProcessorBase.run(SocketProcessorBase.java:74)
	at org.apache.tomcat.util.threads.ThreadPoolExecutor.runWorker(ThreadPoolExecutor.java:949)
	at org.apache.tomcat.util.threads.ThreadPoolExecutor$Worker.run(ThreadPoolExecutor.java:483)
	at org.apache.tomcat.util.threads.TaskThread$WrappingRunnable.run(TaskThread.java:74)
	at java.base/java.lang.Thread.run(Thread.java:1474)
Caused by: org.hibernate.exception.ConstraintViolationException: could not execute statement [ERROR: null value in column "nombre" of relation "producto" violates not-null constraint
  Detail: Failing row contains (2, 1, null, null, null, null, 0, 100.00, null, null, t, 2026-10-06 11:51:11.346278, 2026-10-06 11:51:11.346278).] [insert into producto (activo,categoria,estado_conservacion,fecha_actualizacion,fecha_creacion,id_vendedor,nombre,precio_referencia,rareza,stock,url_imagen,version) values (?,?,?,?,?,?,?,?,?,?,?,?)]
	at org.hibernate.exception.internal.SQLStateConversionDelegate.convert(SQLStateConversionDelegate.java:73)
	at org.hibernate.exception.internal.StandardSQLExceptionConverter.convert(StandardSQLExceptionConverter.java:34)
	at org.hibernate.engine.jdbc.spi.SqlExceptionHelper.convert(SqlExceptionHelper.java:115)
	at org.hibernate.engine.jdbc.internal.ResultSetReturnImpl.executeUpdate(ResultSetReturnImpl.java:189)
	at org.hibernate.id.insert.GetGeneratedKeysDelegate.performMutation(GetGeneratedKeysDelegate.java:96)
	at org.hibernate.engine.jdbc.mutation.internal.MutationExecutorSingleNonBatched.performNonBatchedOperations(MutationExecutorSingleNonBatched.java:45)
	at org.hibernate.engine.jdbc.mutation.internal.AbstractMutationExecutor.execute(AbstractMutationExecutor.java:65)
	at org.hibernate.engine.jdbc.mutation.internal.AbstractMutationExecutor.execute(AbstractMutationExecutor.java:54)
	at org.hibernate.persister.entity.mutation.InsertCoordinatorStandard.doStaticInserts(InsertCoordinatorStandard.java:183)
	at org.hibernate.persister.entity.mutation.InsertCoordinatorStandard.coordinateInsert(InsertCoordinatorStandard.java:123)
	at org.hibernate.persister.entity.mutation.InsertCoordinatorStandard.insert(InsertCoordinatorStandard.java:87)
	at org.hibernate.action.internal.EntityIdentityInsertAction.execute(EntityIdentityInsertAction.java:87)
	at org.hibernate.engine.spi.ActionQueue.execute(ActionQueue.java:667)
	at org.hibernate.engine.spi.ActionQueue.addResolvedEntityInsertAction(ActionQueue.java:291)
	at org.hibernate.engine.spi.ActionQueue.addInsertAction(ActionQueue.java:270)
	at org.hibernate.engine.spi.ActionQueue.addAction(ActionQueue.java:322)
	at org.hibernate.event.internal.AbstractSaveEventListener.addInsertAction(AbstractSaveEventListener.java:384)
	at org.hibernate.event.internal.AbstractSaveEventListener.performSaveOrReplicate(AbstractSaveEventListener.java:298)
	at org.hibernate.event.internal.AbstractSaveEventListener.performSave(AbstractSaveEventListener.java:228)
	at org.hibernate.event.internal.AbstractSaveEventListener.saveWithGeneratedId(AbstractSaveEventListener.java:144)
	at org.hibernate.event.internal.DefaultPersistEventListener.entityIsTransient(DefaultPersistEventListener.java:144)
	at org.hibernate.event.internal.DefaultPersistEventListener.persist(DefaultPersistEventListener.java:91)
	at org.hibernate.event.internal.DefaultPersistEventListener.onPersist(DefaultPersistEventListener.java:75)
	at org.hibernate.event.internal.DefaultPersistEventListener.onPersist(DefaultPersistEventListener.java:51)
	at org.hibernate.event.service.internal.EventListenerGroupImpl.fireEventOnEachListener(EventListenerGroupImpl.java:138)
	at org.hibernate.internal.SessionImpl.firePersist(SessionImpl.java:709)
	at org.hibernate.internal.SessionImpl.persist(SessionImpl.java:692)
	at java.base/jdk.internal.reflect.DirectMethodHandleAccessor.invoke(DirectMethodHandleAccessor.java:104)
	at java.base/java.lang.reflect.Method.invoke(Method.java:565)
	at org.springframework.orm.jpa.SharedEntityManagerCreator$SharedEntityHandlerInvocationHandler.invokeMethod(SharedEntityManagerCreator.java:239)
	at org.springframework.orm.jpa.SharedEntityManagerCreator$SharedEntityManagerInvocationHandler.invoke(SharedEntityManagerCreator.java:392)
	at jdk.proxy4/jdk.proxy4.$Proxy146.persist(Unknown Source)
	at org.springframework.data.jpa.repository.support.SimpleJpaRepository.save(SimpleJpaRepository.java:664)
	at java.base/jdk.internal.reflect.DirectMethodHandleAccessor.invoke(DirectMethodHandleAccessor.java:104)
	at java.base/java.lang.reflect.Method.invoke(Method.java:565)
	at org.springframework.aop.support.AopUtils.invokeJoinpointUsingReflection(AopUtils.java:359)
	at org.springframework.data.repository.core.support.RepositoryMethodInvoker$RepositoryFragmentMethodInvoker.lambda$new$0(RepositoryMethodInvoker.java:278)
	at org.springframework.data.repository.core.support.RepositoryMethodInvoker.doInvoke(RepositoryMethodInvoker.java:169)
	at org.springframework.data.repository.core.support.RepositoryMethodInvoker.invoke(RepositoryMethodInvoker.java:158)
	at org.springframework.data.repository.core.support.RepositoryComposition$RepositoryFragments.invoke(RepositoryComposition.java:545)
	at org.springframework.data.repository.core.support.RepositoryComposition.invoke(RepositoryComposition.java:290)
	at org.springframework.data.repository.core.support.RepositoryFactorySupport$ImplementationMethodExecutionInterceptor.invoke(RepositoryFactorySupport.java:690)
	at org.springframework.aop.framework.ReflectiveMethodInvocation.proceed(ReflectiveMethodInvocation.java:179)
	at org.springframework.data.repository.core.support.QueryExecutorMethodInterceptor.doInvoke(QueryExecutorMethodInterceptor.java:171)
	at org.springframework.data.repository.core.support.QueryExecutorMethodInterceptor.invoke(QueryExecutorMethodInterceptor.java:146)
	at org.springframework.aop.framework.ReflectiveMethodInvocation.proceed(ReflectiveMethodInvocation.java:179)
	at org.springframework.data.projection.DefaultMethodInvokingMethodInterceptor.invoke(DefaultMethodInvokingMethodInterceptor.java:69)
	at org.springframework.aop.framework.ReflectiveMethodInvocation.proceed(ReflectiveMethodInvocation.java:179)
	at org.springframework.transaction.interceptor.TransactionInterceptor$1.proceedWithInvocation(TransactionInterceptor.java:133)
	at org.springframework.transaction.interceptor.TransactionAspectSupport.invokeWithinTransaction(TransactionAspectSupport.java:371)
	at org.springframework.transaction.interceptor.TransactionInterceptor.invoke(TransactionInterceptor.java:130)
	at org.springframework.aop.framework.ReflectiveMethodInvocation.proceed(ReflectiveMethodInvocation.java:179)
	at org.springframework.dao.support.PersistenceExceptionTranslationInterceptor.invoke(PersistenceExceptionTranslationInterceptor.java:135)
	... 101 common frames omitted
Caused by: org.postgresql.util.PSQLException: ERROR: null value in column "nombre" of relation "producto" violates not-null constraint
  Detail: Failing row contains (2, 1, null, null, null, null, 0, 100.00, null, null, t, 2026-10-06 11:51:11.346278, 2026-10-06 11:51:11.346278).
	at org.postgresql.core.v3.QueryExecutorImpl.receiveErrorResponse(QueryExecutorImpl.java:2993)
	at org.postgresql.core.v3.QueryExecutorImpl.processResults(QueryExecutorImpl.java:2656)
	at org.postgresql.core.v3.QueryExecutorImpl.execute(QueryExecutorImpl.java:446)
	at org.postgresql.jdbc.PgStatement.executeInternal(PgStatement.java:533)
	at org.postgresql.jdbc.PgStatement.execute(PgStatement.java:449)
	at org.postgresql.jdbc.PgPreparedStatement.executeWithFlags(PgPreparedStatement.java:197)
	at org.postgresql.jdbc.PgPreparedStatement.executeUpdate(PgPreparedStatement.java:158)
	at com.zaxxer.hikari.pool.ProxyPreparedStatement.executeUpdate(ProxyPreparedStatement.java:61)
	at com.zaxxer.hikari.pool.HikariProxyPreparedStatement.executeUpdate(HikariProxyPreparedStatement.java)
	at org.hibernate.engine.jdbc.internal.ResultSetReturnImpl.executeUpdate(ResultSetReturnImpl.java:185)
	... 150 common frames omitted
2026-10-06 11:51:11.413 WARN  [http-nio-8081-exec-9] o.s.w.s.m.m.a.ExceptionHandlerExceptionResolver - Resolved [org.springframework.dao.DataIntegrityViolationException: could not execute statement [ERROR: null value in column "nombre" of relation "producto" violates not-null constraint<EOL>  Detail: Failing row contains (2, 1, null, null, null, null, 0, 100.00, null, null, t, 2026-10-06 11:51:11.346278, 2026-10-06 11:51:11.346278).] [insert into producto (activo,categoria,estado_conservacion,fecha_actualizacion,fecha_creacion,id_vendedor,nombre,precio_referencia,rareza,stock,url_imagen,version) values (?,?,?,?,?,?,?,?,?,?,?,?)]; SQL [insert into producto (activo,categoria,estado_conservacion,fecha_actualizacion,fecha_creacion,id_vendedor,nombre,precio_referencia,rareza,stock,url_imagen,version) values (?,?,?,?,?,?,?,?,?,?,?,?)]; constraint [nombre]]
2026-10-06 11:51:11.513 INFO  [http-nio-8081-exec-3] p.c.m.C.PublicacionController - POST /publicaciones
2026-10-06 11:51:11.514 DEBUG [http-nio-8081-exec-3] p.c.m.Service.base.BaseServiceImpl - Creando Publicacion
2026-10-06 11:51:11.519 DEBUG [http-nio-8081-exec-3] org.hibernate.SQL - 
    insert 
    into
        publicacion
        (descripcion, estado_publicacion, fecha_actualizacion, fecha_creacion, fecha_publicacion, id_vendedor, tipo_venta, titulo) 
    values
        (?, ?, ?, ?, ?, ?, ?, ?)
2026-10-06 11:51:11.720 INFO  [http-nio-8081-exec-1] p.c.m.C.PublicacionController - GET /publicaciones/1
2026-10-06 11:51:11.720 DEBUG [http-nio-8081-exec-1] p.c.m.Service.base.BaseServiceImpl - Obteniendo Publicacion 1
2026-10-06 11:51:11.729 DEBUG [http-nio-8081-exec-1] org.hibernate.SQL - 
    select
        p1_0.id,
        p1_0.descripcion,
        p1_0.estado_publicacion,
        p1_0.fecha_actualizacion,
        p1_0.fecha_creacion,
        p1_0.fecha_publicacion,
        p1_0.id_vendedor,
        p1_0.tipo_venta,
        p1_0.titulo 
    from
        publicacion p1_0 
    where
        p1_0.id=?
2026-10-06 11:51:11.846 INFO  [http-nio-8081-exec-7] p.c.m.C.PublicacionController - GET /publicaciones filtro=PublicacionFiltro(titulo=null, idVendedor=1, estadoPublicacion=ACTIVA, tipoVenta=null)
2026-10-06 11:51:11.848 DEBUG [http-nio-8081-exec-7] p.c.m.Service.base.BaseServiceImpl - Buscando Publicacion filtro=PublicacionFiltro(titulo=null, idVendedor=1, estadoPublicacion=ACTIVA, tipoVenta=null)
2026-10-06 11:51:11.852 DEBUG [http-nio-8081-exec-7] org.hibernate.SQL - 
    select
        p1_0.id,
        p1_0.descripcion,
        p1_0.estado_publicacion,
        p1_0.fecha_actualizacion,
        p1_0.fecha_creacion,
        p1_0.fecha_publicacion,
        p1_0.id_vendedor,
        p1_0.tipo_venta,
        p1_0.titulo 
    from
        publicacion p1_0 
    where
        p1_0.estado_publicacion<>'CANCELADA' 
        and (
            ? is null 
            or p1_0.id_vendedor=?
        ) 
        and (
            ? is null 
            or p1_0.estado_publicacion=?
        ) 
        and (
            ? is null 
            or p1_0.tipo_venta=?
        ) 
        and (
            ? is null 
            or lower(p1_0.titulo) like lower(('%'||cast(? as varchar)||'%')) escape ''
        ) 
    fetch
        first ? rows only
2026-10-06 11:51:12.022 INFO  [http-nio-8081-exec-5] p.c.m.C.PublicacionController - PUT /publicaciones/1
2026-10-06 11:51:12.024 DEBUG [http-nio-8081-exec-5] org.hibernate.SQL - 
    select
        p1_0.id,
        p1_0.descripcion,
        p1_0.estado_publicacion,
        p1_0.fecha_actualizacion,
        p1_0.fecha_creacion,
        p1_0.fecha_publicacion,
        p1_0.id_vendedor,
        p1_0.tipo_venta,
        p1_0.titulo 
    from
        publicacion p1_0 
    where
        p1_0.id=?
2026-10-06 11:51:12.054 DEBUG [http-nio-8081-exec-5] p.c.m.Service.base.BaseServiceImpl - Actualizando Publicacion 1
2026-10-06 11:51:12.063 DEBUG [http-nio-8081-exec-5] org.hibernate.SQL - 
    update
        publicacion 
    set
        descripcion=?,
        estado_publicacion=?,
        fecha_actualizacion=?,
        fecha_publicacion=?,
        id_vendedor=?,
        tipo_venta=?,
        titulo=? 
    where
        id=?
2026-10-06 11:51:12.238 INFO  [http-nio-8081-exec-2] p.c.m.C.DetallePublicacionController - POST /publicaciones/1/detalles
2026-10-06 11:51:12.239 DEBUG [http-nio-8081-exec-2] p.c.m.S.d.DetallePublicacionServiceImpl - Agregando producto null a publicacion 1
2026-10-06 11:51:12.240 DEBUG [http-nio-8081-exec-2] org.hibernate.SQL - 
    select
        p1_0.id,
        p1_0.descripcion,
        p1_0.estado_publicacion,
        p1_0.fecha_actualizacion,
        p1_0.fecha_creacion,
        p1_0.fecha_publicacion,
        p1_0.id_vendedor,
        p1_0.tipo_venta,
        p1_0.titulo 
    from
        publicacion p1_0 
    where
        p1_0.id=?
2026-10-06 11:51:12.301 ERROR [http-nio-8081-exec-2] p.c.m.e.GlobalExceptionHandler - Error no controlado en /publicaciones/1/detalles
org.springframework.dao.InvalidDataAccessApiUsageException: The given id must not be null
	at org.springframework.orm.jpa.EntityManagerFactoryUtils.convertJpaAccessExceptionIfPossible(EntityManagerFactoryUtils.java:482)
	at org.springframework.orm.jpa.hibernate.HibernateExceptionTranslator.translateExceptionIfPossible(HibernateExceptionTranslator.java:112)
	at org.springframework.orm.jpa.vendor.HibernateJpaDialect.translateExceptionIfPossible(HibernateJpaDialect.java:223)
	at org.springframework.orm.jpa.AbstractEntityManagerFactoryBean.translateExceptionIfPossible(AbstractEntityManagerFactoryBean.java:577)
	at org.springframework.dao.support.ChainedPersistenceExceptionTranslator.translateExceptionIfPossible(ChainedPersistenceExceptionTranslator.java:61)
	at org.springframework.dao.support.DataAccessUtils.translateIfNecessary(DataAccessUtils.java:346)
	at org.springframework.dao.support.PersistenceExceptionTranslationInterceptor.invoke(PersistenceExceptionTranslationInterceptor.java:157)
	at org.springframework.aop.framework.ReflectiveMethodInvocation.proceed(ReflectiveMethodInvocation.java:179)
	at org.springframework.data.jpa.repository.support.CrudMethodMetadataPostProcessor$CrudMethodMetadataPopulatingMethodInterceptor.invoke(CrudMethodMetadataPostProcessor.java:166)
	at org.springframework.aop.framework.ReflectiveMethodInvocation.proceed(ReflectiveMethodInvocation.java:179)
	at org.springframework.aop.framework.JdkDynamicAopProxy.invoke(JdkDynamicAopProxy.java:222)
	at jdk.proxy4/jdk.proxy4.$Proxy159.findById(Unknown Source)
	at py.com.ms1lvccatalogo.Service.base.BaseServiceImpl.buscarPorId(BaseServiceImpl.java:66)
	at py.com.ms1lvccatalogo.Service.producto.ProductoServiceImpl.buscarPorId(ProductoServiceImpl.java:34)
	at py.com.ms1lvccatalogo.Service.producto.ProductoServiceImpl.buscarPorId(ProductoServiceImpl.java:19)
	at py.com.ms1lvccatalogo.Service.base.BaseServiceImpl.obtenerEntidad(BaseServiceImpl.java:62)
	at java.base/jdk.internal.reflect.DirectMethodHandleAccessor.invoke(DirectMethodHandleAccessor.java:104)
	at java.base/java.lang.reflect.Method.invoke(Method.java:565)
	at org.springframework.aop.support.AopUtils.invokeJoinpointUsingReflection(AopUtils.java:359)
	at org.springframework.aop.framework.ReflectiveMethodInvocation.invokeJoinpoint(ReflectiveMethodInvocation.java:190)
	at org.springframework.aop.framework.ReflectiveMethodInvocation.proceed(ReflectiveMethodInvocation.java:158)
	at org.springframework.transaction.interceptor.TransactionInterceptor$1.proceedWithInvocation(TransactionInterceptor.java:133)
	at org.springframework.transaction.interceptor.TransactionAspectSupport.invokeWithinTransaction(TransactionAspectSupport.java:371)
	at org.springframework.transaction.interceptor.TransactionInterceptor.invoke(TransactionInterceptor.java:130)
	at org.springframework.aop.framework.ReflectiveMethodInvocation.proceed(ReflectiveMethodInvocation.java:179)
	at org.springframework.aop.framework.CglibAopProxy$DynamicAdvisedInterceptor.intercept(CglibAopProxy.java:719)
	at py.com.ms1lvccatalogo.Service.producto.ProductoServiceImpl$$SpringCGLIB$$0.obtenerEntidad(<generated>)
	at py.com.ms1lvccatalogo.Service.detallepublicacion.DetallePublicacionServiceImpl.crear(DetallePublicacionServiceImpl.java:38)
	at java.base/jdk.internal.reflect.DirectMethodHandleAccessor.invoke(DirectMethodHandleAccessor.java:104)
	at java.base/java.lang.reflect.Method.invoke(Method.java:565)
	at org.springframework.aop.support.AopUtils.invokeJoinpointUsingReflection(AopUtils.java:359)
	at org.springframework.aop.framework.ReflectiveMethodInvocation.invokeJoinpoint(ReflectiveMethodInvocation.java:190)
	at org.springframework.aop.framework.ReflectiveMethodInvocation.proceed(ReflectiveMethodInvocation.java:158)
	at org.springframework.transaction.interceptor.TransactionInterceptor$1.proceedWithInvocation(TransactionInterceptor.java:133)
	at org.springframework.transaction.interceptor.TransactionAspectSupport.invokeWithinTransaction(TransactionAspectSupport.java:371)
	at org.springframework.transaction.interceptor.TransactionInterceptor.invoke(TransactionInterceptor.java:130)
	at org.springframework.aop.framework.ReflectiveMethodInvocation.proceed(ReflectiveMethodInvocation.java:179)
	at org.springframework.aop.framework.CglibAopProxy$DynamicAdvisedInterceptor.intercept(CglibAopProxy.java:719)
	at py.com.ms1lvccatalogo.Service.detallepublicacion.DetallePublicacionServiceImpl$$SpringCGLIB$$0.crear(<generated>)
	at py.com.ms1lvccatalogo.Controller.DetallePublicacionController.crear(DetallePublicacionController.java:36)
	at java.base/jdk.internal.reflect.DirectMethodHandleAccessor.invoke(DirectMethodHandleAccessor.java:104)
	at java.base/java.lang.reflect.Method.invoke(Method.java:565)
	at org.springframework.web.method.support.InvocableHandlerMethod.doInvoke(InvocableHandlerMethod.java:252)
	at org.springframework.web.method.support.InvocableHandlerMethod.invokeForRequest(InvocableHandlerMethod.java:184)
	at org.springframework.web.servlet.mvc.method.annotation.ServletInvocableHandlerMethod.invokeAndHandle(ServletInvocableHandlerMethod.java:117)
	at org.springframework.web.servlet.mvc.method.annotation.RequestMappingHandlerAdapter.invokeHandlerMethod(RequestMappingHandlerAdapter.java:934)
	at org.springframework.web.servlet.mvc.method.annotation.RequestMappingHandlerAdapter.handleInternal(RequestMappingHandlerAdapter.java:853)
	at org.springframework.web.servlet.mvc.method.AbstractHandlerMethodAdapter.handle(AbstractHandlerMethodAdapter.java:86)
	at org.springframework.web.servlet.DispatcherServlet.doDispatch(DispatcherServlet.java:963)
	at org.springframework.web.servlet.DispatcherServlet.doService(DispatcherServlet.java:866)
	at org.springframework.web.servlet.FrameworkServlet.processRequest(FrameworkServlet.java:1000)
	at org.springframework.web.servlet.FrameworkServlet.doPost(FrameworkServlet.java:903)
	at jakarta.servlet.http.HttpServlet.service(HttpServlet.java:649)
	at org.springframework.web.servlet.FrameworkServlet.service(FrameworkServlet.java:874)
	at jakarta.servlet.http.HttpServlet.service(HttpServlet.java:710)
	at org.apache.catalina.core.ApplicationFilterChain.doFilter(ApplicationFilterChain.java:132)
	at org.apache.tomcat.websocket.server.WsFilter.doFilter(WsFilter.java:59)
	at org.apache.catalina.core.ApplicationFilterChain.doFilter(ApplicationFilterChain.java:111)
	at org.springframework.web.filter.CompositeFilter$VirtualFilterChain.doFilter(CompositeFilter.java:108)
	at org.springframework.security.web.FilterChainProxy.lambda$doFilterInternal$2(FilterChainProxy.java:235)
	at org.springframework.security.web.FilterChainProxy$VirtualFilterChain.doFilter(FilterChainProxy.java:376)
	at org.springframework.security.web.access.intercept.AuthorizationFilter.doFilter(AuthorizationFilter.java:101)
	at org.springframework.security.web.FilterChainProxy$VirtualFilterChain.doFilter(FilterChainProxy.java:385)
	at org.springframework.security.web.access.ExceptionTranslationFilter.doFilter(ExceptionTranslationFilter.java:126)
	at org.springframework.security.web.access.ExceptionTranslationFilter.doFilter(ExceptionTranslationFilter.java:120)
	at org.springframework.security.web.FilterChainProxy$VirtualFilterChain.doFilter(FilterChainProxy.java:385)
	at org.springframework.security.web.authentication.AnonymousAuthenticationFilter.doFilter(AnonymousAuthenticationFilter.java:100)
	at org.springframework.security.web.FilterChainProxy$VirtualFilterChain.doFilter(FilterChainProxy.java:385)
	at org.springframework.security.web.servletapi.SecurityContextHolderAwareRequestFilter.doFilter(SecurityContextHolderAwareRequestFilter.java:181)
	at org.springframework.security.web.FilterChainProxy$VirtualFilterChain.doFilter(FilterChainProxy.java:385)
	at org.springframework.security.web.savedrequest.RequestCacheAwareFilter.doFilter(RequestCacheAwareFilter.java:63)
	at org.springframework.security.web.FilterChainProxy$VirtualFilterChain.doFilter(FilterChainProxy.java:385)
	at org.springframework.security.web.authentication.logout.LogoutFilter.doFilter(LogoutFilter.java:110)
	at org.springframework.security.web.authentication.logout.LogoutFilter.doFilter(LogoutFilter.java:96)
	at org.springframework.security.web.FilterChainProxy$VirtualFilterChain.doFilter(FilterChainProxy.java:385)
	at org.springframework.security.web.header.HeaderWriterFilter.doHeadersAfter(HeaderWriterFilter.java:90)
	at org.springframework.security.web.header.HeaderWriterFilter.doFilterInternal(HeaderWriterFilter.java:75)
	at org.springframework.web.filter.OncePerRequestFilter.doFilter(OncePerRequestFilter.java:116)
	at org.springframework.security.web.FilterChainProxy$VirtualFilterChain.doFilter(FilterChainProxy.java:385)
	at org.springframework.security.web.context.SecurityContextHolderFilter.doFilter(SecurityContextHolderFilter.java:82)
	at org.springframework.security.web.context.SecurityContextHolderFilter.doFilter(SecurityContextHolderFilter.java:69)
	at org.springframework.security.web.FilterChainProxy$VirtualFilterChain.doFilter(FilterChainProxy.java:385)
	at org.springframework.security.web.context.request.async.WebAsyncManagerIntegrationFilter.doFilterInternal(WebAsyncManagerIntegrationFilter.java:62)
	at org.springframework.web.filter.OncePerRequestFilter.doFilter(OncePerRequestFilter.java:116)
	at org.springframework.security.web.FilterChainProxy$VirtualFilterChain.doFilter(FilterChainProxy.java:385)
	at org.springframework.security.web.session.DisableEncodeUrlFilter.doFilterInternal(DisableEncodeUrlFilter.java:42)
	at org.springframework.web.filter.OncePerRequestFilter.doFilter(OncePerRequestFilter.java:116)
	at org.springframework.security.web.FilterChainProxy$VirtualFilterChain.doFilter(FilterChainProxy.java:385)
	at org.springframework.security.web.FilterChainProxy.doFilterInternal(FilterChainProxy.java:237)
	at org.springframework.security.web.FilterChainProxy.doFilter(FilterChainProxy.java:195)
	at org.springframework.web.filter.CompositeFilter$VirtualFilterChain.doFilter(CompositeFilter.java:113)
	at org.springframework.web.filter.ServletRequestPathFilter.doFilter(ServletRequestPathFilter.java:52)
	at org.springframework.web.filter.CompositeFilter$VirtualFilterChain.doFilter(CompositeFilter.java:113)
	at org.springframework.web.filter.CompositeFilter.doFilter(CompositeFilter.java:74)
	at org.springframework.security.config.annotation.web.configuration.WebSecurityConfiguration$CompositeFilterChainProxy.doFilter(WebSecurityConfiguration.java:317)
	at org.springframework.web.filter.DelegatingFilterProxy.invokeDelegate(DelegatingFilterProxy.java:355)
	at org.springframework.web.filter.DelegatingFilterProxy.doFilter(DelegatingFilterProxy.java:272)
	at org.apache.catalina.core.ApplicationFilterChain.doFilter(ApplicationFilterChain.java:111)
	at org.springframework.web.filter.RequestContextFilter.doFilterInternal(RequestContextFilter.java:100)
	at org.springframework.web.filter.OncePerRequestFilter.doFilter(OncePerRequestFilter.java:116)
	at org.apache.catalina.core.ApplicationFilterChain.doFilter(ApplicationFilterChain.java:111)
	at org.springframework.web.filter.FormContentFilter.doFilterInternal(FormContentFilter.java:93)
	at org.springframework.web.filter.OncePerRequestFilter.doFilter(OncePerRequestFilter.java:116)
	at org.apache.catalina.core.ApplicationFilterChain.doFilter(ApplicationFilterChain.java:111)
	at org.springframework.web.filter.CharacterEncodingFilter.doFilterInternal(CharacterEncodingFilter.java:199)
	at org.springframework.web.filter.OncePerRequestFilter.doFilter(OncePerRequestFilter.java:116)
	at org.apache.catalina.core.ApplicationFilterChain.doFilter(ApplicationFilterChain.java:111)
	at org.apache.catalina.core.StandardWrapperValve.invoke(StandardWrapperValve.java:165)
	at org.apache.catalina.core.StandardContextValve.invoke(StandardContextValve.java:77)
	at org.apache.catalina.authenticator.AuthenticatorBase.invoke(AuthenticatorBase.java:535)
	at org.apache.catalina.core.StandardHostValve.invoke(StandardHostValve.java:115)
	at org.apache.catalina.valves.ErrorReportValve.invoke(ErrorReportValve.java:86)
	at org.apache.catalina.core.StandardEngineValve.invoke(StandardEngineValve.java:71)
	at org.apache.catalina.connector.CoyoteAdapter.service(CoyoteAdapter.java:347)
	at org.apache.coyote.http11.Http11Processor.service(Http11Processor.java:406)
	at org.apache.coyote.AbstractProcessorLight.process(AbstractProcessorLight.java:71)
	at org.apache.coyote.AbstractProtocol$ConnectionHandler.process(AbstractProtocol.java:1307)
	at org.apache.tomcat.util.net.NioEndpoint$SocketProcessor.doRun(NioEndpoint.java:2036)
	at org.apache.tomcat.util.net.SocketProcessorBase.run(SocketProcessorBase.java:74)
	at org.apache.tomcat.util.threads.ThreadPoolExecutor.runWorker(ThreadPoolExecutor.java:949)
	at org.apache.tomcat.util.threads.ThreadPoolExecutor$Worker.run(ThreadPoolExecutor.java:483)
	at org.apache.tomcat.util.threads.TaskThread$WrappingRunnable.run(TaskThread.java:74)
	at java.base/java.lang.Thread.run(Thread.java:1474)
Caused by: java.lang.IllegalArgumentException: The given id must not be null
	at org.springframework.util.Assert.notNull(Assert.java:182)
	at org.springframework.data.jpa.repository.support.SimpleJpaRepository.findById(SimpleJpaRepository.java:330)
	at java.base/jdk.internal.reflect.DirectMethodHandleAccessor.invoke(DirectMethodHandleAccessor.java:104)
	at java.base/java.lang.reflect.Method.invoke(Method.java:565)
	at org.springframework.aop.support.AopUtils.invokeJoinpointUsingReflection(AopUtils.java:359)
	at org.springframework.data.repository.core.support.RepositoryMethodInvoker$RepositoryFragmentMethodInvoker.lambda$new$0(RepositoryMethodInvoker.java:278)
	at org.springframework.data.repository.core.support.RepositoryMethodInvoker.doInvoke(RepositoryMethodInvoker.java:169)
	at org.springframework.data.repository.core.support.RepositoryMethodInvoker.invoke(RepositoryMethodInvoker.java:158)
	at org.springframework.data.repository.core.support.RepositoryComposition$RepositoryFragments.invoke(RepositoryComposition.java:545)
	at org.springframework.data.repository.core.support.RepositoryComposition.invoke(RepositoryComposition.java:290)
	at org.springframework.data.repository.core.support.RepositoryFactorySupport$ImplementationMethodExecutionInterceptor.invoke(RepositoryFactorySupport.java:690)
	at org.springframework.aop.framework.ReflectiveMethodInvocation.proceed(ReflectiveMethodInvocation.java:179)
	at org.springframework.data.repository.core.support.QueryExecutorMethodInterceptor.doInvoke(QueryExecutorMethodInterceptor.java:171)
	at org.springframework.data.repository.core.support.QueryExecutorMethodInterceptor.invoke(QueryExecutorMethodInterceptor.java:146)
	at org.springframework.aop.framework.ReflectiveMethodInvocation.proceed(ReflectiveMethodInvocation.java:179)
	at org.springframework.data.projection.DefaultMethodInvokingMethodInterceptor.invoke(DefaultMethodInvokingMethodInterceptor.java:69)
	at org.springframework.aop.framework.ReflectiveMethodInvocation.proceed(ReflectiveMethodInvocation.java:179)
	at org.springframework.transaction.interceptor.TransactionInterceptor$1.proceedWithInvocation(TransactionInterceptor.java:133)
	at org.springframework.transaction.interceptor.TransactionAspectSupport.invokeWithinTransaction(TransactionAspectSupport.java:371)
	at org.springframework.transaction.interceptor.TransactionInterceptor.invoke(TransactionInterceptor.java:130)
	at org.springframework.aop.framework.ReflectiveMethodInvocation.proceed(ReflectiveMethodInvocation.java:179)
	at org.springframework.dao.support.PersistenceExceptionTranslationInterceptor.invoke(PersistenceExceptionTranslationInterceptor.java:135)
	... 116 common frames omitted
2026-10-06 11:51:12.306 WARN  [http-nio-8081-exec-2] o.s.w.s.m.m.a.ExceptionHandlerExceptionResolver - Resolved [org.springframework.dao.InvalidDataAccessApiUsageException: The given id must not be null]
2026-10-06 11:51:12.392 INFO  [http-nio-8081-exec-4] p.c.m.C.DetallePublicacionController - POST /publicaciones/1/detalles
2026-10-06 11:51:12.392 DEBUG [http-nio-8081-exec-4] p.c.m.S.d.DetallePublicacionServiceImpl - Agregando producto null a publicacion 1
2026-10-06 11:51:12.393 DEBUG [http-nio-8081-exec-4] org.hibernate.SQL - 
    select
        p1_0.id,
        p1_0.descripcion,
        p1_0.estado_publicacion,
        p1_0.fecha_actualizacion,
        p1_0.fecha_creacion,
        p1_0.fecha_publicacion,
        p1_0.id_vendedor,
        p1_0.tipo_venta,
        p1_0.titulo 
    from
        publicacion p1_0 
    where
        p1_0.id=?
2026-10-06 11:51:12.452 ERROR [http-nio-8081-exec-4] p.c.m.e.GlobalExceptionHandler - Error no controlado en /publicaciones/1/detalles
org.springframework.dao.InvalidDataAccessApiUsageException: The given id must not be null
	at org.springframework.orm.jpa.EntityManagerFactoryUtils.convertJpaAccessExceptionIfPossible(EntityManagerFactoryUtils.java:482)
	at org.springframework.orm.jpa.hibernate.HibernateExceptionTranslator.translateExceptionIfPossible(HibernateExceptionTranslator.java:112)
	at org.springframework.orm.jpa.vendor.HibernateJpaDialect.translateExceptionIfPossible(HibernateJpaDialect.java:223)
	at org.springframework.orm.jpa.AbstractEntityManagerFactoryBean.translateExceptionIfPossible(AbstractEntityManagerFactoryBean.java:577)
	at org.springframework.dao.support.ChainedPersistenceExceptionTranslator.translateExceptionIfPossible(ChainedPersistenceExceptionTranslator.java:61)
	at org.springframework.dao.support.DataAccessUtils.translateIfNecessary(DataAccessUtils.java:346)
	at org.springframework.dao.support.PersistenceExceptionTranslationInterceptor.invoke(PersistenceExceptionTranslationInterceptor.java:157)
	at org.springframework.aop.framework.ReflectiveMethodInvocation.proceed(ReflectiveMethodInvocation.java:179)
	at org.springframework.data.jpa.repository.support.CrudMethodMetadataPostProcessor$CrudMethodMetadataPopulatingMethodInterceptor.invoke(CrudMethodMetadataPostProcessor.java:166)
	at org.springframework.aop.framework.ReflectiveMethodInvocation.proceed(ReflectiveMethodInvocation.java:179)
	at org.springframework.aop.framework.JdkDynamicAopProxy.invoke(JdkDynamicAopProxy.java:222)
	at jdk.proxy4/jdk.proxy4.$Proxy159.findById(Unknown Source)
	at py.com.ms1lvccatalogo.Service.base.BaseServiceImpl.buscarPorId(BaseServiceImpl.java:66)
	at py.com.ms1lvccatalogo.Service.producto.ProductoServiceImpl.buscarPorId(ProductoServiceImpl.java:34)
	at py.com.ms1lvccatalogo.Service.producto.ProductoServiceImpl.buscarPorId(ProductoServiceImpl.java:19)
	at py.com.ms1lvccatalogo.Service.base.BaseServiceImpl.obtenerEntidad(BaseServiceImpl.java:62)
	at java.base/jdk.internal.reflect.DirectMethodHandleAccessor.invoke(DirectMethodHandleAccessor.java:104)
	at java.base/java.lang.reflect.Method.invoke(Method.java:565)
	at org.springframework.aop.support.AopUtils.invokeJoinpointUsingReflection(AopUtils.java:359)
	at org.springframework.aop.framework.ReflectiveMethodInvocation.invokeJoinpoint(ReflectiveMethodInvocation.java:190)
	at org.springframework.aop.framework.ReflectiveMethodInvocation.proceed(ReflectiveMethodInvocation.java:158)
	at org.springframework.transaction.interceptor.TransactionInterceptor$1.proceedWithInvocation(TransactionInterceptor.java:133)
	at org.springframework.transaction.interceptor.TransactionAspectSupport.invokeWithinTransaction(TransactionAspectSupport.java:371)
	at org.springframework.transaction.interceptor.TransactionInterceptor.invoke(TransactionInterceptor.java:130)
	at org.springframework.aop.framework.ReflectiveMethodInvocation.proceed(ReflectiveMethodInvocation.java:179)
	at org.springframework.aop.framework.CglibAopProxy$DynamicAdvisedInterceptor.intercept(CglibAopProxy.java:719)
	at py.com.ms1lvccatalogo.Service.producto.ProductoServiceImpl$$SpringCGLIB$$0.obtenerEntidad(<generated>)
	at py.com.ms1lvccatalogo.Service.detallepublicacion.DetallePublicacionServiceImpl.crear(DetallePublicacionServiceImpl.java:38)
	at java.base/jdk.internal.reflect.DirectMethodHandleAccessor.invoke(DirectMethodHandleAccessor.java:104)
	at java.base/java.lang.reflect.Method.invoke(Method.java:565)
	at org.springframework.aop.support.AopUtils.invokeJoinpointUsingReflection(AopUtils.java:359)
	at org.springframework.aop.framework.ReflectiveMethodInvocation.invokeJoinpoint(ReflectiveMethodInvocation.java:190)
	at org.springframework.aop.framework.ReflectiveMethodInvocation.proceed(ReflectiveMethodInvocation.java:158)
	at org.springframework.transaction.interceptor.TransactionInterceptor$1.proceedWithInvocation(TransactionInterceptor.java:133)
	at org.springframework.transaction.interceptor.TransactionAspectSupport.invokeWithinTransaction(TransactionAspectSupport.java:371)
	at org.springframework.transaction.interceptor.TransactionInterceptor.invoke(TransactionInterceptor.java:130)
	at org.springframework.aop.framework.ReflectiveMethodInvocation.proceed(ReflectiveMethodInvocation.java:179)
	at org.springframework.aop.framework.CglibAopProxy$DynamicAdvisedInterceptor.intercept(CglibAopProxy.java:719)
	at py.com.ms1lvccatalogo.Service.detallepublicacion.DetallePublicacionServiceImpl$$SpringCGLIB$$0.crear(<generated>)
	at py.com.ms1lvccatalogo.Controller.DetallePublicacionController.crear(DetallePublicacionController.java:36)
	at java.base/jdk.internal.reflect.DirectMethodHandleAccessor.invoke(DirectMethodHandleAccessor.java:104)
	at java.base/java.lang.reflect.Method.invoke(Method.java:565)
	at org.springframework.web.method.support.InvocableHandlerMethod.doInvoke(InvocableHandlerMethod.java:252)
	at org.springframework.web.method.support.InvocableHandlerMethod.invokeForRequest(InvocableHandlerMethod.java:184)
	at org.springframework.web.servlet.mvc.method.annotation.ServletInvocableHandlerMethod.invokeAndHandle(ServletInvocableHandlerMethod.java:117)
	at org.springframework.web.servlet.mvc.method.annotation.RequestMappingHandlerAdapter.invokeHandlerMethod(RequestMappingHandlerAdapter.java:934)
	at org.springframework.web.servlet.mvc.method.annotation.RequestMappingHandlerAdapter.handleInternal(RequestMappingHandlerAdapter.java:853)
	at org.springframework.web.servlet.mvc.method.AbstractHandlerMethodAdapter.handle(AbstractHandlerMethodAdapter.java:86)
	at org.springframework.web.servlet.DispatcherServlet.doDispatch(DispatcherServlet.java:963)
	at org.springframework.web.servlet.DispatcherServlet.doService(DispatcherServlet.java:866)
	at org.springframework.web.servlet.FrameworkServlet.processRequest(FrameworkServlet.java:1000)
	at org.springframework.web.servlet.FrameworkServlet.doPost(FrameworkServlet.java:903)
	at jakarta.servlet.http.HttpServlet.service(HttpServlet.java:649)
	at org.springframework.web.servlet.FrameworkServlet.service(FrameworkServlet.java:874)
	at jakarta.servlet.http.HttpServlet.service(HttpServlet.java:710)
	at org.apache.catalina.core.ApplicationFilterChain.doFilter(ApplicationFilterChain.java:132)
	at org.apache.tomcat.websocket.server.WsFilter.doFilter(WsFilter.java:59)
	at org.apache.catalina.core.ApplicationFilterChain.doFilter(ApplicationFilterChain.java:111)
	at org.springframework.web.filter.CompositeFilter$VirtualFilterChain.doFilter(CompositeFilter.java:108)
	at org.springframework.security.web.FilterChainProxy.lambda$doFilterInternal$2(FilterChainProxy.java:235)
	at org.springframework.security.web.FilterChainProxy$VirtualFilterChain.doFilter(FilterChainProxy.java:376)
	at org.springframework.security.web.access.intercept.AuthorizationFilter.doFilter(AuthorizationFilter.java:101)
	at org.springframework.security.web.FilterChainProxy$VirtualFilterChain.doFilter(FilterChainProxy.java:385)
	at org.springframework.security.web.access.ExceptionTranslationFilter.doFilter(ExceptionTranslationFilter.java:126)
	at org.springframework.security.web.access.ExceptionTranslationFilter.doFilter(ExceptionTranslationFilter.java:120)
	at org.springframework.security.web.FilterChainProxy$VirtualFilterChain.doFilter(FilterChainProxy.java:385)
	at org.springframework.security.web.authentication.AnonymousAuthenticationFilter.doFilter(AnonymousAuthenticationFilter.java:100)
	at org.springframework.security.web.FilterChainProxy$VirtualFilterChain.doFilter(FilterChainProxy.java:385)
	at org.springframework.security.web.servletapi.SecurityContextHolderAwareRequestFilter.doFilter(SecurityContextHolderAwareRequestFilter.java:181)
	at org.springframework.security.web.FilterChainProxy$VirtualFilterChain.doFilter(FilterChainProxy.java:385)
	at org.springframework.security.web.savedrequest.RequestCacheAwareFilter.doFilter(RequestCacheAwareFilter.java:63)
	at org.springframework.security.web.FilterChainProxy$VirtualFilterChain.doFilter(FilterChainProxy.java:385)
	at org.springframework.security.web.authentication.logout.LogoutFilter.doFilter(LogoutFilter.java:110)
	at org.springframework.security.web.authentication.logout.LogoutFilter.doFilter(LogoutFilter.java:96)
	at org.springframework.security.web.FilterChainProxy$VirtualFilterChain.doFilter(FilterChainProxy.java:385)
	at org.springframework.security.web.header.HeaderWriterFilter.doHeadersAfter(HeaderWriterFilter.java:90)
	at org.springframework.security.web.header.HeaderWriterFilter.doFilterInternal(HeaderWriterFilter.java:75)
	at org.springframework.web.filter.OncePerRequestFilter.doFilter(OncePerRequestFilter.java:116)
	at org.springframework.security.web.FilterChainProxy$VirtualFilterChain.doFilter(FilterChainProxy.java:385)
	at org.springframework.security.web.context.SecurityContextHolderFilter.doFilter(SecurityContextHolderFilter.java:82)
	at org.springframework.security.web.context.SecurityContextHolderFilter.doFilter(SecurityContextHolderFilter.java:69)
	at org.springframework.security.web.FilterChainProxy$VirtualFilterChain.doFilter(FilterChainProxy.java:385)
	at org.springframework.security.web.context.request.async.WebAsyncManagerIntegrationFilter.doFilterInternal(WebAsyncManagerIntegrationFilter.java:62)
	at org.springframework.web.filter.OncePerRequestFilter.doFilter(OncePerRequestFilter.java:116)
	at org.springframework.security.web.FilterChainProxy$VirtualFilterChain.doFilter(FilterChainProxy.java:385)
	at org.springframework.security.web.session.DisableEncodeUrlFilter.doFilterInternal(DisableEncodeUrlFilter.java:42)
	at org.springframework.web.filter.OncePerRequestFilter.doFilter(OncePerRequestFilter.java:116)
	at org.springframework.security.web.FilterChainProxy$VirtualFilterChain.doFilter(FilterChainProxy.java:385)
	at org.springframework.security.web.FilterChainProxy.doFilterInternal(FilterChainProxy.java:237)
	at org.springframework.security.web.FilterChainProxy.doFilter(FilterChainProxy.java:195)
	at org.springframework.web.filter.CompositeFilter$VirtualFilterChain.doFilter(CompositeFilter.java:113)
	at org.springframework.web.filter.ServletRequestPathFilter.doFilter(ServletRequestPathFilter.java:52)
	at org.springframework.web.filter.CompositeFilter$VirtualFilterChain.doFilter(CompositeFilter.java:113)
	at org.springframework.web.filter.CompositeFilter.doFilter(CompositeFilter.java:74)
	at org.springframework.security.config.annotation.web.configuration.WebSecurityConfiguration$CompositeFilterChainProxy.doFilter(WebSecurityConfiguration.java:317)
	at org.springframework.web.filter.DelegatingFilterProxy.invokeDelegate(DelegatingFilterProxy.java:355)
	at org.springframework.web.filter.DelegatingFilterProxy.doFilter(DelegatingFilterProxy.java:272)
	at org.apache.catalina.core.ApplicationFilterChain.doFilter(ApplicationFilterChain.java:111)
	at org.springframework.web.filter.RequestContextFilter.doFilterInternal(RequestContextFilter.java:100)
	at org.springframework.web.filter.OncePerRequestFilter.doFilter(OncePerRequestFilter.java:116)
	at org.apache.catalina.core.ApplicationFilterChain.doFilter(ApplicationFilterChain.java:111)
	at org.springframework.web.filter.FormContentFilter.doFilterInternal(FormContentFilter.java:93)
	at org.springframework.web.filter.OncePerRequestFilter.doFilter(OncePerRequestFilter.java:116)
	at org.apache.catalina.core.ApplicationFilterChain.doFilter(ApplicationFilterChain.java:111)
	at org.springframework.web.filter.CharacterEncodingFilter.doFilterInternal(CharacterEncodingFilter.java:199)
	at org.springframework.web.filter.OncePerRequestFilter.doFilter(OncePerRequestFilter.java:116)
	at org.apache.catalina.core.ApplicationFilterChain.doFilter(ApplicationFilterChain.java:111)
	at org.apache.catalina.core.StandardWrapperValve.invoke(StandardWrapperValve.java:165)
	at org.apache.catalina.core.StandardContextValve.invoke(StandardContextValve.java:77)
	at org.apache.catalina.authenticator.AuthenticatorBase.invoke(AuthenticatorBase.java:535)
	at org.apache.catalina.core.StandardHostValve.invoke(StandardHostValve.java:115)
	at org.apache.catalina.valves.ErrorReportValve.invoke(ErrorReportValve.java:86)
	at org.apache.catalina.core.StandardEngineValve.invoke(StandardEngineValve.java:71)
	at org.apache.catalina.connector.CoyoteAdapter.service(CoyoteAdapter.java:347)
	at org.apache.coyote.http11.Http11Processor.service(Http11Processor.java:406)
	at org.apache.coyote.AbstractProcessorLight.process(AbstractProcessorLight.java:71)
	at org.apache.coyote.AbstractProtocol$ConnectionHandler.process(AbstractProtocol.java:1307)
	at org.apache.tomcat.util.net.NioEndpoint$SocketProcessor.doRun(NioEndpoint.java:2036)
	at org.apache.tomcat.util.net.SocketProcessorBase.run(SocketProcessorBase.java:74)
	at org.apache.tomcat.util.threads.ThreadPoolExecutor.runWorker(ThreadPoolExecutor.java:949)
	at org.apache.tomcat.util.threads.ThreadPoolExecutor$Worker.run(ThreadPoolExecutor.java:483)
	at org.apache.tomcat.util.threads.TaskThread$WrappingRunnable.run(TaskThread.java:74)
	at java.base/java.lang.Thread.run(Thread.java:1474)
Caused by: java.lang.IllegalArgumentException: The given id must not be null
	at org.springframework.util.Assert.notNull(Assert.java:182)
	at org.springframework.data.jpa.repository.support.SimpleJpaRepository.findById(SimpleJpaRepository.java:330)
	at java.base/jdk.internal.reflect.DirectMethodHandleAccessor.invoke(DirectMethodHandleAccessor.java:104)
	at java.base/java.lang.reflect.Method.invoke(Method.java:565)
	at org.springframework.aop.support.AopUtils.invokeJoinpointUsingReflection(AopUtils.java:359)
	at org.springframework.data.repository.core.support.RepositoryMethodInvoker$RepositoryFragmentMethodInvoker.lambda$new$0(RepositoryMethodInvoker.java:278)
	at org.springframework.data.repository.core.support.RepositoryMethodInvoker.doInvoke(RepositoryMethodInvoker.java:169)
	at org.springframework.data.repository.core.support.RepositoryMethodInvoker.invoke(RepositoryMethodInvoker.java:158)
	at org.springframework.data.repository.core.support.RepositoryComposition$RepositoryFragments.invoke(RepositoryComposition.java:545)
	at org.springframework.data.repository.core.support.RepositoryComposition.invoke(RepositoryComposition.java:290)
	at org.springframework.data.repository.core.support.RepositoryFactorySupport$ImplementationMethodExecutionInterceptor.invoke(RepositoryFactorySupport.java:690)
	at org.springframework.aop.framework.ReflectiveMethodInvocation.proceed(ReflectiveMethodInvocation.java:179)
	at org.springframework.data.repository.core.support.QueryExecutorMethodInterceptor.doInvoke(QueryExecutorMethodInterceptor.java:171)
	at org.springframework.data.repository.core.support.QueryExecutorMethodInterceptor.invoke(QueryExecutorMethodInterceptor.java:146)
	at org.springframework.aop.framework.ReflectiveMethodInvocation.proceed(ReflectiveMethodInvocation.java:179)
	at org.springframework.data.projection.DefaultMethodInvokingMethodInterceptor.invoke(DefaultMethodInvokingMethodInterceptor.java:69)
	at org.springframework.aop.framework.ReflectiveMethodInvocation.proceed(ReflectiveMethodInvocation.java:179)
	at org.springframework.transaction.interceptor.TransactionInterceptor$1.proceedWithInvocation(TransactionInterceptor.java:133)
	at org.springframework.transaction.interceptor.TransactionAspectSupport.invokeWithinTransaction(TransactionAspectSupport.java:371)
	at org.springframework.transaction.interceptor.TransactionInterceptor.invoke(TransactionInterceptor.java:130)
	at org.springframework.aop.framework.ReflectiveMethodInvocation.proceed(ReflectiveMethodInvocation.java:179)
	at org.springframework.dao.support.PersistenceExceptionTranslationInterceptor.invoke(PersistenceExceptionTranslationInterceptor.java:135)
	... 116 common frames omitted
2026-10-06 11:51:12.456 WARN  [http-nio-8081-exec-4] o.s.w.s.m.m.a.ExceptionHandlerExceptionResolver - Resolved [org.springframework.dao.InvalidDataAccessApiUsageException: The given id must not be null]
2026-10-06 11:51:12.549 INFO  [http-nio-8081-exec-9] p.c.m.C.DetallePublicacionController - GET /publicaciones/1/detalles
2026-10-06 11:51:12.551 DEBUG [http-nio-8081-exec-9] org.hibernate.SQL - 
    select
        p1_0.id,
        p1_0.descripcion,
        p1_0.estado_publicacion,
        p1_0.fecha_actualizacion,
        p1_0.fecha_creacion,
        p1_0.fecha_publicacion,
        p1_0.id_vendedor,
        p1_0.tipo_venta,
        p1_0.titulo 
    from
        publicacion p1_0 
    where
        p1_0.id=?
2026-10-06 11:51:12.619 DEBUG [http-nio-8081-exec-9] org.hibernate.SQL - 
    select
        dp1_0.id,
        dp1_0.cantidad_publicada,
        dp1_0.precio_unitario,
        dp1_0.id_producto,
        dp1_0.id_publicacion 
    from
        detalle_publicacion dp1_0 
    where
        dp1_0.id_publicacion=? 
    fetch
        first ? rows only
2026-10-06 11:51:12.794 ERROR [http-nio-8081-exec-10] p.c.m.e.GlobalExceptionHandler - Error no controlado en /publicaciones/1/detalles/null
org.springframework.web.method.annotation.MethodArgumentTypeMismatchException: Method parameter 'idDetalle': Failed to convert value of type 'java.lang.String' to required type 'java.lang.Long'; For input string: "null"
	at org.springframework.web.method.annotation.AbstractNamedValueMethodArgumentResolver.convertIfNecessary(AbstractNamedValueMethodArgumentResolver.java:295)
	at org.springframework.web.method.annotation.AbstractNamedValueMethodArgumentResolver.resolveArgument(AbstractNamedValueMethodArgumentResolver.java:134)
	at org.springframework.web.method.support.HandlerMethodArgumentResolverComposite.resolveArgument(HandlerMethodArgumentResolverComposite.java:122)
	at org.springframework.web.method.support.InvocableHandlerMethod.getMethodArgumentValues(InvocableHandlerMethod.java:224)
	at org.springframework.web.method.support.InvocableHandlerMethod.invokeForRequest(InvocableHandlerMethod.java:174)
	at org.springframework.web.servlet.mvc.method.annotation.ServletInvocableHandlerMethod.invokeAndHandle(ServletInvocableHandlerMethod.java:117)
	at org.springframework.web.servlet.mvc.method.annotation.RequestMappingHandlerAdapter.invokeHandlerMethod(RequestMappingHandlerAdapter.java:934)
	at org.springframework.web.servlet.mvc.method.annotation.RequestMappingHandlerAdapter.handleInternal(RequestMappingHandlerAdapter.java:853)
	at org.springframework.web.servlet.mvc.method.AbstractHandlerMethodAdapter.handle(AbstractHandlerMethodAdapter.java:86)
	at org.springframework.web.servlet.DispatcherServlet.doDispatch(DispatcherServlet.java:963)
	at org.springframework.web.servlet.DispatcherServlet.doService(DispatcherServlet.java:866)
	at org.springframework.web.servlet.FrameworkServlet.processRequest(FrameworkServlet.java:1000)
	at org.springframework.web.servlet.FrameworkServlet.doPut(FrameworkServlet.java:914)
	at jakarta.servlet.http.HttpServlet.service(HttpServlet.java:650)
	at org.springframework.web.servlet.FrameworkServlet.service(FrameworkServlet.java:874)
	at jakarta.servlet.http.HttpServlet.service(HttpServlet.java:710)
	at org.apache.catalina.core.ApplicationFilterChain.doFilter(ApplicationFilterChain.java:132)
	at org.apache.tomcat.websocket.server.WsFilter.doFilter(WsFilter.java:59)
	at org.apache.catalina.core.ApplicationFilterChain.doFilter(ApplicationFilterChain.java:111)
	at org.springframework.web.filter.CompositeFilter$VirtualFilterChain.doFilter(CompositeFilter.java:108)
	at org.springframework.security.web.FilterChainProxy.lambda$doFilterInternal$2(FilterChainProxy.java:235)
	at org.springframework.security.web.FilterChainProxy$VirtualFilterChain.doFilter(FilterChainProxy.java:376)
	at org.springframework.security.web.access.intercept.AuthorizationFilter.doFilter(AuthorizationFilter.java:101)
	at org.springframework.security.web.FilterChainProxy$VirtualFilterChain.doFilter(FilterChainProxy.java:385)
	at org.springframework.security.web.access.ExceptionTranslationFilter.doFilter(ExceptionTranslationFilter.java:126)
	at org.springframework.security.web.access.ExceptionTranslationFilter.doFilter(ExceptionTranslationFilter.java:120)
	at org.springframework.security.web.FilterChainProxy$VirtualFilterChain.doFilter(FilterChainProxy.java:385)
	at org.springframework.security.web.authentication.AnonymousAuthenticationFilter.doFilter(AnonymousAuthenticationFilter.java:100)
	at org.springframework.security.web.FilterChainProxy$VirtualFilterChain.doFilter(FilterChainProxy.java:385)
	at org.springframework.security.web.servletapi.SecurityContextHolderAwareRequestFilter.doFilter(SecurityContextHolderAwareRequestFilter.java:181)
	at org.springframework.security.web.FilterChainProxy$VirtualFilterChain.doFilter(FilterChainProxy.java:385)
	at org.springframework.security.web.savedrequest.RequestCacheAwareFilter.doFilter(RequestCacheAwareFilter.java:63)
	at org.springframework.security.web.FilterChainProxy$VirtualFilterChain.doFilter(FilterChainProxy.java:385)
	at org.springframework.security.web.authentication.logout.LogoutFilter.doFilter(LogoutFilter.java:110)
	at org.springframework.security.web.authentication.logout.LogoutFilter.doFilter(LogoutFilter.java:96)
	at org.springframework.security.web.FilterChainProxy$VirtualFilterChain.doFilter(FilterChainProxy.java:385)
	at org.springframework.security.web.header.HeaderWriterFilter.doHeadersAfter(HeaderWriterFilter.java:90)
	at org.springframework.security.web.header.HeaderWriterFilter.doFilterInternal(HeaderWriterFilter.java:75)
	at org.springframework.web.filter.OncePerRequestFilter.doFilter(OncePerRequestFilter.java:116)
	at org.springframework.security.web.FilterChainProxy$VirtualFilterChain.doFilter(FilterChainProxy.java:385)
	at org.springframework.security.web.context.SecurityContextHolderFilter.doFilter(SecurityContextHolderFilter.java:82)
	at org.springframework.security.web.context.SecurityContextHolderFilter.doFilter(SecurityContextHolderFilter.java:69)
	at org.springframework.security.web.FilterChainProxy$VirtualFilterChain.doFilter(FilterChainProxy.java:385)
	at org.springframework.security.web.context.request.async.WebAsyncManagerIntegrationFilter.doFilterInternal(WebAsyncManagerIntegrationFilter.java:62)
	at org.springframework.web.filter.OncePerRequestFilter.doFilter(OncePerRequestFilter.java:116)
	at org.springframework.security.web.FilterChainProxy$VirtualFilterChain.doFilter(FilterChainProxy.java:385)
	at org.springframework.security.web.session.DisableEncodeUrlFilter.doFilterInternal(DisableEncodeUrlFilter.java:42)
	at org.springframework.web.filter.OncePerRequestFilter.doFilter(OncePerRequestFilter.java:116)
	at org.springframework.security.web.FilterChainProxy$VirtualFilterChain.doFilter(FilterChainProxy.java:385)
	at org.springframework.security.web.FilterChainProxy.doFilterInternal(FilterChainProxy.java:237)
	at org.springframework.security.web.FilterChainProxy.doFilter(FilterChainProxy.java:195)
	at org.springframework.web.filter.CompositeFilter$VirtualFilterChain.doFilter(CompositeFilter.java:113)
	at org.springframework.web.filter.ServletRequestPathFilter.doFilter(ServletRequestPathFilter.java:52)
	at org.springframework.web.filter.CompositeFilter$VirtualFilterChain.doFilter(CompositeFilter.java:113)
	at org.springframework.web.filter.CompositeFilter.doFilter(CompositeFilter.java:74)
	at org.springframework.security.config.annotation.web.configuration.WebSecurityConfiguration$CompositeFilterChainProxy.doFilter(WebSecurityConfiguration.java:317)
	at org.springframework.web.filter.DelegatingFilterProxy.invokeDelegate(DelegatingFilterProxy.java:355)
	at org.springframework.web.filter.DelegatingFilterProxy.doFilter(DelegatingFilterProxy.java:272)
	at org.apache.catalina.core.ApplicationFilterChain.doFilter(ApplicationFilterChain.java:111)
	at org.springframework.web.filter.RequestContextFilter.doFilterInternal(RequestContextFilter.java:100)
	at org.springframework.web.filter.OncePerRequestFilter.doFilter(OncePerRequestFilter.java:116)
	at org.apache.catalina.core.ApplicationFilterChain.doFilter(ApplicationFilterChain.java:111)
	at org.springframework.web.filter.FormContentFilter.doFilterInternal(FormContentFilter.java:93)
	at org.springframework.web.filter.OncePerRequestFilter.doFilter(OncePerRequestFilter.java:116)
	at org.apache.catalina.core.ApplicationFilterChain.doFilter(ApplicationFilterChain.java:111)
	at org.springframework.web.filter.CharacterEncodingFilter.doFilterInternal(CharacterEncodingFilter.java:199)
	at org.springframework.web.filter.OncePerRequestFilter.doFilter(OncePerRequestFilter.java:116)
	at org.apache.catalina.core.ApplicationFilterChain.doFilter(ApplicationFilterChain.java:111)
	at org.apache.catalina.core.StandardWrapperValve.invoke(StandardWrapperValve.java:165)
	at org.apache.catalina.core.StandardContextValve.invoke(StandardContextValve.java:77)
	at org.apache.catalina.authenticator.AuthenticatorBase.invoke(AuthenticatorBase.java:535)
	at org.apache.catalina.core.StandardHostValve.invoke(StandardHostValve.java:115)
	at org.apache.catalina.valves.ErrorReportValve.invoke(ErrorReportValve.java:86)
	at org.apache.catalina.core.StandardEngineValve.invoke(StandardEngineValve.java:71)
	at org.apache.catalina.connector.CoyoteAdapter.service(CoyoteAdapter.java:347)
	at org.apache.coyote.http11.Http11Processor.service(Http11Processor.java:406)
	at org.apache.coyote.AbstractProcessorLight.process(AbstractProcessorLight.java:71)
	at org.apache.coyote.AbstractProtocol$ConnectionHandler.process(AbstractProtocol.java:1307)
	at org.apache.tomcat.util.net.NioEndpoint$SocketProcessor.doRun(NioEndpoint.java:2036)
	at org.apache.tomcat.util.net.SocketProcessorBase.run(SocketProcessorBase.java:74)
	at org.apache.tomcat.util.threads.ThreadPoolExecutor.runWorker(ThreadPoolExecutor.java:949)
	at org.apache.tomcat.util.threads.ThreadPoolExecutor$Worker.run(ThreadPoolExecutor.java:483)
	at org.apache.tomcat.util.threads.TaskThread$WrappingRunnable.run(TaskThread.java:74)
	at java.base/java.lang.Thread.run(Thread.java:1474)
Caused by: java.lang.NumberFormatException: For input string: "null"
	at java.base/java.lang.NumberFormatException.forInputString(NumberFormatException.java:67)
	at java.base/java.lang.Long.parseLong(Long.java:594)
	at java.base/java.lang.Long.valueOf(Long.java:950)
	at org.springframework.util.NumberUtils.parseNumber(NumberUtils.java:204)
	at org.springframework.beans.propertyeditors.CustomNumberEditor.setAsText(CustomNumberEditor.java:115)
	at org.springframework.beans.TypeConverterDelegate.doConvertTextValue(TypeConverterDelegate.java:438)
	at org.springframework.beans.TypeConverterDelegate.doConvertValue(TypeConverterDelegate.java:411)
	at org.springframework.beans.TypeConverterDelegate.convertIfNecessary(TypeConverterDelegate.java:158)
	at org.springframework.beans.TypeConverterSupport.convertIfNecessary(TypeConverterSupport.java:75)
	at org.springframework.beans.TypeConverterSupport.convertIfNecessary(TypeConverterSupport.java:51)
	at org.springframework.validation.DataBinder.convertIfNecessary(DataBinder.java:846)
	at org.springframework.web.method.annotation.AbstractNamedValueMethodArgumentResolver.convertIfNecessary(AbstractNamedValueMethodArgumentResolver.java:287)
	... 83 common frames omitted
2026-10-06 11:51:12.798 WARN  [http-nio-8081-exec-10] o.s.w.s.m.m.a.ExceptionHandlerExceptionResolver - Resolved [org.springframework.web.method.annotation.MethodArgumentTypeMismatchException: Method parameter 'idDetalle': Failed to convert value of type 'java.lang.String' to required type 'java.lang.Long'; For input string: "null"]
2026-10-06 11:51:12.876 ERROR [http-nio-8081-exec-1] p.c.m.e.GlobalExceptionHandler - Error no controlado en /publicaciones/1/detalles/null
org.springframework.web.method.annotation.MethodArgumentTypeMismatchException: Method parameter 'idDetalle': Failed to convert value of type 'java.lang.String' to required type 'java.lang.Long'; For input string: "null"
	at org.springframework.web.method.annotation.AbstractNamedValueMethodArgumentResolver.convertIfNecessary(AbstractNamedValueMethodArgumentResolver.java:295)
	at org.springframework.web.method.annotation.AbstractNamedValueMethodArgumentResolver.resolveArgument(AbstractNamedValueMethodArgumentResolver.java:134)
	at org.springframework.web.method.support.HandlerMethodArgumentResolverComposite.resolveArgument(HandlerMethodArgumentResolverComposite.java:122)
	at org.springframework.web.method.support.InvocableHandlerMethod.getMethodArgumentValues(InvocableHandlerMethod.java:224)
	at org.springframework.web.method.support.InvocableHandlerMethod.invokeForRequest(InvocableHandlerMethod.java:174)
	at org.springframework.web.servlet.mvc.method.annotation.ServletInvocableHandlerMethod.invokeAndHandle(ServletInvocableHandlerMethod.java:117)
	at org.springframework.web.servlet.mvc.method.annotation.RequestMappingHandlerAdapter.invokeHandlerMethod(RequestMappingHandlerAdapter.java:934)
	at org.springframework.web.servlet.mvc.method.annotation.RequestMappingHandlerAdapter.handleInternal(RequestMappingHandlerAdapter.java:853)
	at org.springframework.web.servlet.mvc.method.AbstractHandlerMethodAdapter.handle(AbstractHandlerMethodAdapter.java:86)
	at org.springframework.web.servlet.DispatcherServlet.doDispatch(DispatcherServlet.java:963)
	at org.springframework.web.servlet.DispatcherServlet.doService(DispatcherServlet.java:866)
	at org.springframework.web.servlet.FrameworkServlet.processRequest(FrameworkServlet.java:1000)
	at org.springframework.web.servlet.FrameworkServlet.doPut(FrameworkServlet.java:914)
	at jakarta.servlet.http.HttpServlet.service(HttpServlet.java:650)
	at org.springframework.web.servlet.FrameworkServlet.service(FrameworkServlet.java:874)
	at jakarta.servlet.http.HttpServlet.service(HttpServlet.java:710)
	at org.apache.catalina.core.ApplicationFilterChain.doFilter(ApplicationFilterChain.java:132)
	at org.apache.tomcat.websocket.server.WsFilter.doFilter(WsFilter.java:59)
	at org.apache.catalina.core.ApplicationFilterChain.doFilter(ApplicationFilterChain.java:111)
	at org.springframework.web.filter.CompositeFilter$VirtualFilterChain.doFilter(CompositeFilter.java:108)
	at org.springframework.security.web.FilterChainProxy.lambda$doFilterInternal$2(FilterChainProxy.java:235)
	at org.springframework.security.web.FilterChainProxy$VirtualFilterChain.doFilter(FilterChainProxy.java:376)
	at org.springframework.security.web.access.intercept.AuthorizationFilter.doFilter(AuthorizationFilter.java:101)
	at org.springframework.security.web.FilterChainProxy$VirtualFilterChain.doFilter(FilterChainProxy.java:385)
	at org.springframework.security.web.access.ExceptionTranslationFilter.doFilter(ExceptionTranslationFilter.java:126)
	at org.springframework.security.web.access.ExceptionTranslationFilter.doFilter(ExceptionTranslationFilter.java:120)
	at org.springframework.security.web.FilterChainProxy$VirtualFilterChain.doFilter(FilterChainProxy.java:385)
	at org.springframework.security.web.authentication.AnonymousAuthenticationFilter.doFilter(AnonymousAuthenticationFilter.java:100)
	at org.springframework.security.web.FilterChainProxy$VirtualFilterChain.doFilter(FilterChainProxy.java:385)
	at org.springframework.security.web.servletapi.SecurityContextHolderAwareRequestFilter.doFilter(SecurityContextHolderAwareRequestFilter.java:181)
	at org.springframework.security.web.FilterChainProxy$VirtualFilterChain.doFilter(FilterChainProxy.java:385)
	at org.springframework.security.web.savedrequest.RequestCacheAwareFilter.doFilter(RequestCacheAwareFilter.java:63)
	at org.springframework.security.web.FilterChainProxy$VirtualFilterChain.doFilter(FilterChainProxy.java:385)
	at org.springframework.security.web.authentication.logout.LogoutFilter.doFilter(LogoutFilter.java:110)
	at org.springframework.security.web.authentication.logout.LogoutFilter.doFilter(LogoutFilter.java:96)
	at org.springframework.security.web.FilterChainProxy$VirtualFilterChain.doFilter(FilterChainProxy.java:385)
	at org.springframework.security.web.header.HeaderWriterFilter.doHeadersAfter(HeaderWriterFilter.java:90)
	at org.springframework.security.web.header.HeaderWriterFilter.doFilterInternal(HeaderWriterFilter.java:75)
	at org.springframework.web.filter.OncePerRequestFilter.doFilter(OncePerRequestFilter.java:116)
	at org.springframework.security.web.FilterChainProxy$VirtualFilterChain.doFilter(FilterChainProxy.java:385)
	at org.springframework.security.web.context.SecurityContextHolderFilter.doFilter(SecurityContextHolderFilter.java:82)
	at org.springframework.security.web.context.SecurityContextHolderFilter.doFilter(SecurityContextHolderFilter.java:69)
	at org.springframework.security.web.FilterChainProxy$VirtualFilterChain.doFilter(FilterChainProxy.java:385)
	at org.springframework.security.web.context.request.async.WebAsyncManagerIntegrationFilter.doFilterInternal(WebAsyncManagerIntegrationFilter.java:62)
	at org.springframework.web.filter.OncePerRequestFilter.doFilter(OncePerRequestFilter.java:116)
	at org.springframework.security.web.FilterChainProxy$VirtualFilterChain.doFilter(FilterChainProxy.java:385)
	at org.springframework.security.web.session.DisableEncodeUrlFilter.doFilterInternal(DisableEncodeUrlFilter.java:42)
	at org.springframework.web.filter.OncePerRequestFilter.doFilter(OncePerRequestFilter.java:116)
	at org.springframework.security.web.FilterChainProxy$VirtualFilterChain.doFilter(FilterChainProxy.java:385)
	at org.springframework.security.web.FilterChainProxy.doFilterInternal(FilterChainProxy.java:237)
	at org.springframework.security.web.FilterChainProxy.doFilter(FilterChainProxy.java:195)
	at org.springframework.web.filter.CompositeFilter$VirtualFilterChain.doFilter(CompositeFilter.java:113)
	at org.springframework.web.filter.ServletRequestPathFilter.doFilter(ServletRequestPathFilter.java:52)
	at org.springframework.web.filter.CompositeFilter$VirtualFilterChain.doFilter(CompositeFilter.java:113)
	at org.springframework.web.filter.CompositeFilter.doFilter(CompositeFilter.java:74)
	at org.springframework.security.config.annotation.web.configuration.WebSecurityConfiguration$CompositeFilterChainProxy.doFilter(WebSecurityConfiguration.java:317)
	at org.springframework.web.filter.DelegatingFilterProxy.invokeDelegate(DelegatingFilterProxy.java:355)
	at org.springframework.web.filter.DelegatingFilterProxy.doFilter(DelegatingFilterProxy.java:272)
	at org.apache.catalina.core.ApplicationFilterChain.doFilter(ApplicationFilterChain.java:111)
	at org.springframework.web.filter.RequestContextFilter.doFilterInternal(RequestContextFilter.java:100)
	at org.springframework.web.filter.OncePerRequestFilter.doFilter(OncePerRequestFilter.java:116)
	at org.apache.catalina.core.ApplicationFilterChain.doFilter(ApplicationFilterChain.java:111)
	at org.springframework.web.filter.FormContentFilter.doFilterInternal(FormContentFilter.java:93)
	at org.springframework.web.filter.OncePerRequestFilter.doFilter(OncePerRequestFilter.java:116)
	at org.apache.catalina.core.ApplicationFilterChain.doFilter(ApplicationFilterChain.java:111)
	at org.springframework.web.filter.CharacterEncodingFilter.doFilterInternal(CharacterEncodingFilter.java:199)
	at org.springframework.web.filter.OncePerRequestFilter.doFilter(OncePerRequestFilter.java:116)
	at org.apache.catalina.core.ApplicationFilterChain.doFilter(ApplicationFilterChain.java:111)
	at org.apache.catalina.core.StandardWrapperValve.invoke(StandardWrapperValve.java:165)
	at org.apache.catalina.core.StandardContextValve.invoke(StandardContextValve.java:77)
	at org.apache.catalina.authenticator.AuthenticatorBase.invoke(AuthenticatorBase.java:535)
	at org.apache.catalina.core.StandardHostValve.invoke(StandardHostValve.java:115)
	at org.apache.catalina.valves.ErrorReportValve.invoke(ErrorReportValve.java:86)
	at org.apache.catalina.core.StandardEngineValve.invoke(StandardEngineValve.java:71)
	at org.apache.catalina.connector.CoyoteAdapter.service(CoyoteAdapter.java:347)
	at org.apache.coyote.http11.Http11Processor.service(Http11Processor.java:406)
	at org.apache.coyote.AbstractProcessorLight.process(AbstractProcessorLight.java:71)
	at org.apache.coyote.AbstractProtocol$ConnectionHandler.process(AbstractProtocol.java:1307)
	at org.apache.tomcat.util.net.NioEndpoint$SocketProcessor.doRun(NioEndpoint.java:2036)
	at org.apache.tomcat.util.net.SocketProcessorBase.run(SocketProcessorBase.java:74)
	at org.apache.tomcat.util.threads.ThreadPoolExecutor.runWorker(ThreadPoolExecutor.java:949)
	at org.apache.tomcat.util.threads.ThreadPoolExecutor$Worker.run(ThreadPoolExecutor.java:483)
	at org.apache.tomcat.util.threads.TaskThread$WrappingRunnable.run(TaskThread.java:74)
	at java.base/java.lang.Thread.run(Thread.java:1474)
Caused by: java.lang.NumberFormatException: For input string: "null"
	at java.base/java.lang.NumberFormatException.forInputString(NumberFormatException.java:67)
	at java.base/java.lang.Long.parseLong(Long.java:594)
	at java.base/java.lang.Long.valueOf(Long.java:950)
	at org.springframework.util.NumberUtils.parseNumber(NumberUtils.java:204)
	at org.springframework.beans.propertyeditors.CustomNumberEditor.setAsText(CustomNumberEditor.java:115)
	at org.springframework.beans.TypeConverterDelegate.doConvertTextValue(TypeConverterDelegate.java:438)
	at org.springframework.beans.TypeConverterDelegate.doConvertValue(TypeConverterDelegate.java:411)
	at org.springframework.beans.TypeConverterDelegate.convertIfNecessary(TypeConverterDelegate.java:158)
	at org.springframework.beans.TypeConverterSupport.convertIfNecessary(TypeConverterSupport.java:75)
	at org.springframework.beans.TypeConverterSupport.convertIfNecessary(TypeConverterSupport.java:51)
	at org.springframework.validation.DataBinder.convertIfNecessary(DataBinder.java:846)
	at org.springframework.web.method.annotation.AbstractNamedValueMethodArgumentResolver.convertIfNecessary(AbstractNamedValueMethodArgumentResolver.java:287)
	... 83 common frames omitted
2026-10-06 11:51:12.880 WARN  [http-nio-8081-exec-1] o.s.w.s.m.m.a.ExceptionHandlerExceptionResolver - Resolved [org.springframework.web.method.annotation.MethodArgumentTypeMismatchException: Method parameter 'idDetalle': Failed to convert value of type 'java.lang.String' to required type 'java.lang.Long'; For input string: "null"]
2026-10-06 11:51:12.971 INFO  [http-nio-8081-exec-5] p.c.m.C.PublicacionController - PATCH /publicaciones/1/estado
2026-10-06 11:51:12.972 DEBUG [http-nio-8081-exec-5] org.hibernate.SQL - 
    select
        p1_0.id,
        p1_0.descripcion,
        p1_0.estado_publicacion,
        p1_0.fecha_actualizacion,
        p1_0.fecha_creacion,
        p1_0.fecha_publicacion,
        p1_0.id_vendedor,
        p1_0.tipo_venta,
        p1_0.titulo 
    from
        publicacion p1_0 
    where
        p1_0.id=?
2026-10-06 11:51:13.004 DEBUG [http-nio-8081-exec-5] p.c.m.S.p.PublicacionServiceImpl - Publicacion 1: ACTIVA -> PAUSADA
2026-10-06 11:51:13.005 DEBUG [http-nio-8081-exec-5] org.hibernate.SQL - 
    update
        publicacion 
    set
        descripcion=?,
        estado_publicacion=?,
        fecha_actualizacion=?,
        fecha_publicacion=?,
        id_vendedor=?,
        tipo_venta=?,
        titulo=? 
    where
        id=?
2026-10-06 11:51:13.155 INFO  [http-nio-8081-exec-2] p.c.m.C.PublicacionController - DELETE /publicaciones/1
2026-10-06 11:51:13.156 DEBUG [http-nio-8081-exec-2] org.hibernate.SQL - 
    select
        p1_0.id,
        p1_0.descripcion,
        p1_0.estado_publicacion,
        p1_0.fecha_actualizacion,
        p1_0.fecha_creacion,
        p1_0.fecha_publicacion,
        p1_0.id_vendedor,
        p1_0.tipo_venta,
        p1_0.titulo 
    from
        publicacion p1_0 
    where
        p1_0.id=?
2026-10-06 11:51:13.189 DEBUG [http-nio-8081-exec-2] p.c.m.S.p.PublicacionServiceImpl - Cancelando publicacion 1
2026-10-06 11:51:13.190 DEBUG [http-nio-8081-exec-2] org.hibernate.SQL - 
    update
        publicacion 
    set
        descripcion=?,
        estado_publicacion=?,
        fecha_actualizacion=?,
        fecha_publicacion=?,
        id_vendedor=?,
        tipo_venta=?,
        titulo=? 
    where
        id=?
2026-10-06 11:51:13.327 INFO  [http-nio-8081-exec-6] p.c.m.C.PublicacionController - GET /publicaciones/1
2026-10-06 11:51:13.328 DEBUG [http-nio-8081-exec-6] p.c.m.Service.base.BaseServiceImpl - Obteniendo Publicacion 1
2026-10-06 11:51:13.328 DEBUG [http-nio-8081-exec-6] org.hibernate.SQL - 
    select
        p1_0.id,
        p1_0.descripcion,
        p1_0.estado_publicacion,
        p1_0.fecha_actualizacion,
        p1_0.fecha_creacion,
        p1_0.fecha_publicacion,
        p1_0.id_vendedor,
        p1_0.tipo_venta,
        p1_0.titulo 
    from
        publicacion p1_0 
    where
        p1_0.id=?
2026-10-06 11:51:13.389 ERROR [http-nio-8081-exec-6] p.c.m.e.GlobalExceptionHandler - Error no controlado en /publicaciones/1
jakarta.persistence.EntityNotFoundException: Publicacion no encontrado: 1
	at py.com.ms1lvccatalogo.Service.publicacion.PublicacionServiceImpl.buscarPorId(PublicacionServiceImpl.java:35)
	at py.com.ms1lvccatalogo.Service.publicacion.PublicacionServiceImpl.buscarPorId(PublicacionServiceImpl.java:18)
	at py.com.ms1lvccatalogo.Service.base.BaseServiceImpl.obtener(BaseServiceImpl.java:41)
	at java.base/jdk.internal.reflect.DirectMethodHandleAccessor.invoke(DirectMethodHandleAccessor.java:104)
	at java.base/java.lang.reflect.Method.invoke(Method.java:565)
	at org.springframework.aop.support.AopUtils.invokeJoinpointUsingReflection(AopUtils.java:359)
	at org.springframework.aop.framework.ReflectiveMethodInvocation.invokeJoinpoint(ReflectiveMethodInvocation.java:190)
	at org.springframework.aop.framework.ReflectiveMethodInvocation.proceed(ReflectiveMethodInvocation.java:158)
	at org.springframework.transaction.interceptor.TransactionInterceptor$1.proceedWithInvocation(TransactionInterceptor.java:133)
	at org.springframework.transaction.interceptor.TransactionAspectSupport.invokeWithinTransaction(TransactionAspectSupport.java:371)
	at org.springframework.transaction.interceptor.TransactionInterceptor.invoke(TransactionInterceptor.java:130)
	at org.springframework.aop.framework.ReflectiveMethodInvocation.proceed(ReflectiveMethodInvocation.java:179)
	at org.springframework.aop.framework.CglibAopProxy$DynamicAdvisedInterceptor.intercept(CglibAopProxy.java:719)
	at py.com.ms1lvccatalogo.Service.publicacion.PublicacionServiceImpl$$SpringCGLIB$$0.obtener(<generated>)
	at py.com.ms1lvccatalogo.Controller.PublicacionController.obtener(PublicacionController.java:32)
	at java.base/jdk.internal.reflect.DirectMethodHandleAccessor.invoke(DirectMethodHandleAccessor.java:104)
	at java.base/java.lang.reflect.Method.invoke(Method.java:565)
	at org.springframework.web.method.support.InvocableHandlerMethod.doInvoke(InvocableHandlerMethod.java:252)
	at org.springframework.web.method.support.InvocableHandlerMethod.invokeForRequest(InvocableHandlerMethod.java:184)
	at org.springframework.web.servlet.mvc.method.annotation.ServletInvocableHandlerMethod.invokeAndHandle(ServletInvocableHandlerMethod.java:117)
	at org.springframework.web.servlet.mvc.method.annotation.RequestMappingHandlerAdapter.invokeHandlerMethod(RequestMappingHandlerAdapter.java:934)
	at org.springframework.web.servlet.mvc.method.annotation.RequestMappingHandlerAdapter.handleInternal(RequestMappingHandlerAdapter.java:853)
	at org.springframework.web.servlet.mvc.method.AbstractHandlerMethodAdapter.handle(AbstractHandlerMethodAdapter.java:86)
	at org.springframework.web.servlet.DispatcherServlet.doDispatch(DispatcherServlet.java:963)
	at org.springframework.web.servlet.DispatcherServlet.doService(DispatcherServlet.java:866)
	at org.springframework.web.servlet.FrameworkServlet.processRequest(FrameworkServlet.java:1000)
	at org.springframework.web.servlet.FrameworkServlet.doGet(FrameworkServlet.java:892)
	at jakarta.servlet.http.HttpServlet.service(HttpServlet.java:622)
	at org.springframework.web.servlet.FrameworkServlet.service(FrameworkServlet.java:874)
	at jakarta.servlet.http.HttpServlet.service(HttpServlet.java:710)
	at org.apache.catalina.core.ApplicationFilterChain.doFilter(ApplicationFilterChain.java:132)
	at org.apache.tomcat.websocket.server.WsFilter.doFilter(WsFilter.java:59)
	at org.apache.catalina.core.ApplicationFilterChain.doFilter(ApplicationFilterChain.java:111)
	at org.springframework.web.filter.CompositeFilter$VirtualFilterChain.doFilter(CompositeFilter.java:108)
	at org.springframework.security.web.FilterChainProxy.lambda$doFilterInternal$2(FilterChainProxy.java:235)
	at org.springframework.security.web.FilterChainProxy$VirtualFilterChain.doFilter(FilterChainProxy.java:376)
	at org.springframework.security.web.access.intercept.AuthorizationFilter.doFilter(AuthorizationFilter.java:101)
	at org.springframework.security.web.FilterChainProxy$VirtualFilterChain.doFilter(FilterChainProxy.java:385)
	at org.springframework.security.web.access.ExceptionTranslationFilter.doFilter(ExceptionTranslationFilter.java:126)
	at org.springframework.security.web.access.ExceptionTranslationFilter.doFilter(ExceptionTranslationFilter.java:120)
	at org.springframework.security.web.FilterChainProxy$VirtualFilterChain.doFilter(FilterChainProxy.java:385)
	at org.springframework.security.web.authentication.AnonymousAuthenticationFilter.doFilter(AnonymousAuthenticationFilter.java:100)
	at org.springframework.security.web.FilterChainProxy$VirtualFilterChain.doFilter(FilterChainProxy.java:385)
	at org.springframework.security.web.servletapi.SecurityContextHolderAwareRequestFilter.doFilter(SecurityContextHolderAwareRequestFilter.java:181)
	at org.springframework.security.web.FilterChainProxy$VirtualFilterChain.doFilter(FilterChainProxy.java:385)
	at org.springframework.security.web.savedrequest.RequestCacheAwareFilter.doFilter(RequestCacheAwareFilter.java:63)
	at org.springframework.security.web.FilterChainProxy$VirtualFilterChain.doFilter(FilterChainProxy.java:385)
	at org.springframework.security.web.authentication.logout.LogoutFilter.doFilter(LogoutFilter.java:110)
	at org.springframework.security.web.authentication.logout.LogoutFilter.doFilter(LogoutFilter.java:96)
	at org.springframework.security.web.FilterChainProxy$VirtualFilterChain.doFilter(FilterChainProxy.java:385)
	at org.springframework.security.web.header.HeaderWriterFilter.doHeadersAfter(HeaderWriterFilter.java:90)
	at org.springframework.security.web.header.HeaderWriterFilter.doFilterInternal(HeaderWriterFilter.java:75)
	at org.springframework.web.filter.OncePerRequestFilter.doFilter(OncePerRequestFilter.java:116)
	at org.springframework.security.web.FilterChainProxy$VirtualFilterChain.doFilter(FilterChainProxy.java:385)
	at org.springframework.security.web.context.SecurityContextHolderFilter.doFilter(SecurityContextHolderFilter.java:82)
	at org.springframework.security.web.context.SecurityContextHolderFilter.doFilter(SecurityContextHolderFilter.java:69)
	at org.springframework.security.web.FilterChainProxy$VirtualFilterChain.doFilter(FilterChainProxy.java:385)
	at org.springframework.security.web.context.request.async.WebAsyncManagerIntegrationFilter.doFilterInternal(WebAsyncManagerIntegrationFilter.java:62)
	at org.springframework.web.filter.OncePerRequestFilter.doFilter(OncePerRequestFilter.java:116)
	at org.springframework.security.web.FilterChainProxy$VirtualFilterChain.doFilter(FilterChainProxy.java:385)
	at org.springframework.security.web.session.DisableEncodeUrlFilter.doFilterInternal(DisableEncodeUrlFilter.java:42)
	at org.springframework.web.filter.OncePerRequestFilter.doFilter(OncePerRequestFilter.java:116)
	at org.springframework.security.web.FilterChainProxy$VirtualFilterChain.doFilter(FilterChainProxy.java:385)
	at org.springframework.security.web.FilterChainProxy.doFilterInternal(FilterChainProxy.java:237)
	at org.springframework.security.web.FilterChainProxy.doFilter(FilterChainProxy.java:195)
	at org.springframework.web.filter.CompositeFilter$VirtualFilterChain.doFilter(CompositeFilter.java:113)
	at org.springframework.web.filter.ServletRequestPathFilter.doFilter(ServletRequestPathFilter.java:52)
	at org.springframework.web.filter.CompositeFilter$VirtualFilterChain.doFilter(CompositeFilter.java:113)
	at org.springframework.web.filter.CompositeFilter.doFilter(CompositeFilter.java:74)
	at org.springframework.security.config.annotation.web.configuration.WebSecurityConfiguration$CompositeFilterChainProxy.doFilter(WebSecurityConfiguration.java:317)
	at org.springframework.web.filter.DelegatingFilterProxy.invokeDelegate(DelegatingFilterProxy.java:355)
	at org.springframework.web.filter.DelegatingFilterProxy.doFilter(DelegatingFilterProxy.java:272)
	at org.apache.catalina.core.ApplicationFilterChain.doFilter(ApplicationFilterChain.java:111)
	at org.springframework.web.filter.RequestContextFilter.doFilterInternal(RequestContextFilter.java:100)
	at org.springframework.web.filter.OncePerRequestFilter.doFilter(OncePerRequestFilter.java:116)
	at org.apache.catalina.core.ApplicationFilterChain.doFilter(ApplicationFilterChain.java:111)
	at org.springframework.web.filter.FormContentFilter.doFilterInternal(FormContentFilter.java:93)
	at org.springframework.web.filter.OncePerRequestFilter.doFilter(OncePerRequestFilter.java:116)
	at org.apache.catalina.core.ApplicationFilterChain.doFilter(ApplicationFilterChain.java:111)
	at org.springframework.web.filter.CharacterEncodingFilter.doFilterInternal(CharacterEncodingFilter.java:199)
	at org.springframework.web.filter.OncePerRequestFilter.doFilter(OncePerRequestFilter.java:116)
	at org.apache.catalina.core.ApplicationFilterChain.doFilter(ApplicationFilterChain.java:111)
	at org.apache.catalina.core.StandardWrapperValve.invoke(StandardWrapperValve.java:165)
	at org.apache.catalina.core.StandardContextValve.invoke(StandardContextValve.java:77)
	at org.apache.catalina.authenticator.AuthenticatorBase.invoke(AuthenticatorBase.java:535)
	at org.apache.catalina.core.StandardHostValve.invoke(StandardHostValve.java:115)
	at org.apache.catalina.valves.ErrorReportValve.invoke(ErrorReportValve.java:86)
	at org.apache.catalina.core.StandardEngineValve.invoke(StandardEngineValve.java:71)
	at org.apache.catalina.connector.CoyoteAdapter.service(CoyoteAdapter.java:347)
	at org.apache.coyote.http11.Http11Processor.service(Http11Processor.java:406)
	at org.apache.coyote.AbstractProcessorLight.process(AbstractProcessorLight.java:71)
	at org.apache.coyote.AbstractProtocol$ConnectionHandler.process(AbstractProtocol.java:1307)
	at org.apache.tomcat.util.net.NioEndpoint$SocketProcessor.doRun(NioEndpoint.java:2036)
	at org.apache.tomcat.util.net.SocketProcessorBase.run(SocketProcessorBase.java:74)
	at org.apache.tomcat.util.threads.ThreadPoolExecutor.runWorker(ThreadPoolExecutor.java:949)
	at org.apache.tomcat.util.threads.ThreadPoolExecutor$Worker.run(ThreadPoolExecutor.java:483)
	at org.apache.tomcat.util.threads.TaskThread$WrappingRunnable.run(TaskThread.java:74)
	at java.base/java.lang.Thread.run(Thread.java:1474)
2026-10-06 11:51:13.391 WARN  [http-nio-8081-exec-6] o.s.w.s.m.m.a.ExceptionHandlerExceptionResolver - Resolved [jakarta.persistence.EntityNotFoundException: Publicacion no encontrado: 1]
2026-10-06 11:51:13.484 INFO  [http-nio-8081-exec-8] p.c.m.C.PublicacionController - PATCH /publicaciones/1/estado
2026-10-06 11:51:13.485 DEBUG [http-nio-8081-exec-8] org.hibernate.SQL - 
    select
        p1_0.id,
        p1_0.descripcion,
        p1_0.estado_publicacion,
        p1_0.fecha_actualizacion,
        p1_0.fecha_creacion,
        p1_0.fecha_publicacion,
        p1_0.id_vendedor,
        p1_0.tipo_venta,
        p1_0.titulo 
    from
        publicacion p1_0 
    where
        p1_0.id=?
2026-10-06 11:51:13.547 ERROR [http-nio-8081-exec-8] p.c.m.e.GlobalExceptionHandler - Error no controlado en /publicaciones/1/estado
py.com.ms1lvccatalogo.exception.ConflictException: La publicacion 1 esta CANCELADA y no admite cambios de estado
	at py.com.ms1lvccatalogo.Service.publicacion.PublicacionServiceImpl.actualizarEstado(PublicacionServiceImpl.java:54)
	at java.base/jdk.internal.reflect.DirectMethodHandleAccessor.invoke(DirectMethodHandleAccessor.java:104)
	at java.base/java.lang.reflect.Method.invoke(Method.java:565)
	at org.springframework.aop.support.AopUtils.invokeJoinpointUsingReflection(AopUtils.java:359)
	at org.springframework.aop.framework.ReflectiveMethodInvocation.invokeJoinpoint(ReflectiveMethodInvocation.java:190)
	at org.springframework.aop.framework.ReflectiveMethodInvocation.proceed(ReflectiveMethodInvocation.java:158)
	at org.springframework.transaction.interceptor.TransactionInterceptor$1.proceedWithInvocation(TransactionInterceptor.java:133)
	at org.springframework.transaction.interceptor.TransactionAspectSupport.invokeWithinTransaction(TransactionAspectSupport.java:371)
	at org.springframework.transaction.interceptor.TransactionInterceptor.invoke(TransactionInterceptor.java:130)
	at org.springframework.aop.framework.ReflectiveMethodInvocation.proceed(ReflectiveMethodInvocation.java:179)
	at org.springframework.aop.framework.CglibAopProxy$DynamicAdvisedInterceptor.intercept(CglibAopProxy.java:719)
	at py.com.ms1lvccatalogo.Service.publicacion.PublicacionServiceImpl$$SpringCGLIB$$0.actualizarEstado(<generated>)
	at py.com.ms1lvccatalogo.Controller.PublicacionController.actualizarEstado(PublicacionController.java:52)
	at java.base/jdk.internal.reflect.DirectMethodHandleAccessor.invoke(DirectMethodHandleAccessor.java:104)
	at java.base/java.lang.reflect.Method.invoke(Method.java:565)
	at org.springframework.web.method.support.InvocableHandlerMethod.doInvoke(InvocableHandlerMethod.java:252)
	at org.springframework.web.method.support.InvocableHandlerMethod.invokeForRequest(InvocableHandlerMethod.java:184)
	at org.springframework.web.servlet.mvc.method.annotation.ServletInvocableHandlerMethod.invokeAndHandle(ServletInvocableHandlerMethod.java:117)
	at org.springframework.web.servlet.mvc.method.annotation.RequestMappingHandlerAdapter.invokeHandlerMethod(RequestMappingHandlerAdapter.java:934)
	at org.springframework.web.servlet.mvc.method.annotation.RequestMappingHandlerAdapter.handleInternal(RequestMappingHandlerAdapter.java:853)
	at org.springframework.web.servlet.mvc.method.AbstractHandlerMethodAdapter.handle(AbstractHandlerMethodAdapter.java:86)
	at org.springframework.web.servlet.DispatcherServlet.doDispatch(DispatcherServlet.java:963)
	at org.springframework.web.servlet.DispatcherServlet.doService(DispatcherServlet.java:866)
	at org.springframework.web.servlet.FrameworkServlet.processRequest(FrameworkServlet.java:1000)
	at org.springframework.web.servlet.FrameworkServlet.service(FrameworkServlet.java:877)
	at jakarta.servlet.http.HttpServlet.service(HttpServlet.java:710)
	at org.apache.catalina.core.ApplicationFilterChain.doFilter(ApplicationFilterChain.java:132)
	at org.apache.tomcat.websocket.server.WsFilter.doFilter(WsFilter.java:59)
	at org.apache.catalina.core.ApplicationFilterChain.doFilter(ApplicationFilterChain.java:111)
	at org.springframework.web.filter.CompositeFilter$VirtualFilterChain.doFilter(CompositeFilter.java:108)
	at org.springframework.security.web.FilterChainProxy.lambda$doFilterInternal$2(FilterChainProxy.java:235)
	at org.springframework.security.web.FilterChainProxy$VirtualFilterChain.doFilter(FilterChainProxy.java:376)
	at org.springframework.security.web.access.intercept.AuthorizationFilter.doFilter(AuthorizationFilter.java:101)
	at org.springframework.security.web.FilterChainProxy$VirtualFilterChain.doFilter(FilterChainProxy.java:385)
	at org.springframework.security.web.access.ExceptionTranslationFilter.doFilter(ExceptionTranslationFilter.java:126)
	at org.springframework.security.web.access.ExceptionTranslationFilter.doFilter(ExceptionTranslationFilter.java:120)
	at org.springframework.security.web.FilterChainProxy$VirtualFilterChain.doFilter(FilterChainProxy.java:385)
	at org.springframework.security.web.authentication.AnonymousAuthenticationFilter.doFilter(AnonymousAuthenticationFilter.java:100)
	at org.springframework.security.web.FilterChainProxy$VirtualFilterChain.doFilter(FilterChainProxy.java:385)
	at org.springframework.security.web.servletapi.SecurityContextHolderAwareRequestFilter.doFilter(SecurityContextHolderAwareRequestFilter.java:181)
	at org.springframework.security.web.FilterChainProxy$VirtualFilterChain.doFilter(FilterChainProxy.java:385)
	at org.springframework.security.web.savedrequest.RequestCacheAwareFilter.doFilter(RequestCacheAwareFilter.java:63)
	at org.springframework.security.web.FilterChainProxy$VirtualFilterChain.doFilter(FilterChainProxy.java:385)
	at org.springframework.security.web.authentication.logout.LogoutFilter.doFilter(LogoutFilter.java:110)
	at org.springframework.security.web.authentication.logout.LogoutFilter.doFilter(LogoutFilter.java:96)
	at org.springframework.security.web.FilterChainProxy$VirtualFilterChain.doFilter(FilterChainProxy.java:385)
	at org.springframework.security.web.header.HeaderWriterFilter.doHeadersAfter(HeaderWriterFilter.java:90)
	at org.springframework.security.web.header.HeaderWriterFilter.doFilterInternal(HeaderWriterFilter.java:75)
	at org.springframework.web.filter.OncePerRequestFilter.doFilter(OncePerRequestFilter.java:116)
	at org.springframework.security.web.FilterChainProxy$VirtualFilterChain.doFilter(FilterChainProxy.java:385)
	at org.springframework.security.web.context.SecurityContextHolderFilter.doFilter(SecurityContextHolderFilter.java:82)
	at org.springframework.security.web.context.SecurityContextHolderFilter.doFilter(SecurityContextHolderFilter.java:69)
	at org.springframework.security.web.FilterChainProxy$VirtualFilterChain.doFilter(FilterChainProxy.java:385)
	at org.springframework.security.web.context.request.async.WebAsyncManagerIntegrationFilter.doFilterInternal(WebAsyncManagerIntegrationFilter.java:62)
	at org.springframework.web.filter.OncePerRequestFilter.doFilter(OncePerRequestFilter.java:116)
	at org.springframework.security.web.FilterChainProxy$VirtualFilterChain.doFilter(FilterChainProxy.java:385)
	at org.springframework.security.web.session.DisableEncodeUrlFilter.doFilterInternal(DisableEncodeUrlFilter.java:42)
	at org.springframework.web.filter.OncePerRequestFilter.doFilter(OncePerRequestFilter.java:116)
	at org.springframework.security.web.FilterChainProxy$VirtualFilterChain.doFilter(FilterChainProxy.java:385)
	at org.springframework.security.web.FilterChainProxy.doFilterInternal(FilterChainProxy.java:237)
	at org.springframework.security.web.FilterChainProxy.doFilter(FilterChainProxy.java:195)
	at org.springframework.web.filter.CompositeFilter$VirtualFilterChain.doFilter(CompositeFilter.java:113)
	at org.springframework.web.filter.ServletRequestPathFilter.doFilter(ServletRequestPathFilter.java:52)
	at org.springframework.web.filter.CompositeFilter$VirtualFilterChain.doFilter(CompositeFilter.java:113)
	at org.springframework.web.filter.CompositeFilter.doFilter(CompositeFilter.java:74)
	at org.springframework.security.config.annotation.web.configuration.WebSecurityConfiguration$CompositeFilterChainProxy.doFilter(WebSecurityConfiguration.java:317)
	at org.springframework.web.filter.DelegatingFilterProxy.invokeDelegate(DelegatingFilterProxy.java:355)
	at org.springframework.web.filter.DelegatingFilterProxy.doFilter(DelegatingFilterProxy.java:272)
	at org.apache.catalina.core.ApplicationFilterChain.doFilter(ApplicationFilterChain.java:111)
	at org.springframework.web.filter.RequestContextFilter.doFilterInternal(RequestContextFilter.java:100)
	at org.springframework.web.filter.OncePerRequestFilter.doFilter(OncePerRequestFilter.java:116)
	at org.apache.catalina.core.ApplicationFilterChain.doFilter(ApplicationFilterChain.java:111)
	at org.springframework.web.filter.FormContentFilter.doFilterInternal(FormContentFilter.java:93)
	at org.springframework.web.filter.OncePerRequestFilter.doFilter(OncePerRequestFilter.java:116)
	at org.apache.catalina.core.ApplicationFilterChain.doFilter(ApplicationFilterChain.java:111)
	at org.springframework.web.filter.CharacterEncodingFilter.doFilterInternal(CharacterEncodingFilter.java:199)
	at org.springframework.web.filter.OncePerRequestFilter.doFilter(OncePerRequestFilter.java:116)
	at org.apache.catalina.core.ApplicationFilterChain.doFilter(ApplicationFilterChain.java:111)
	at org.apache.catalina.core.StandardWrapperValve.invoke(StandardWrapperValve.java:165)
	at org.apache.catalina.core.StandardContextValve.invoke(StandardContextValve.java:77)
	at org.apache.catalina.authenticator.AuthenticatorBase.invoke(AuthenticatorBase.java:535)
	at org.apache.catalina.core.StandardHostValve.invoke(StandardHostValve.java:115)
	at org.apache.catalina.valves.ErrorReportValve.invoke(ErrorReportValve.java:86)
	at org.apache.catalina.core.StandardEngineValve.invoke(StandardEngineValve.java:71)
	at org.apache.catalina.connector.CoyoteAdapter.service(CoyoteAdapter.java:347)
	at org.apache.coyote.http11.Http11Processor.service(Http11Processor.java:406)
	at org.apache.coyote.AbstractProcessorLight.process(AbstractProcessorLight.java:71)
	at org.apache.coyote.AbstractProtocol$ConnectionHandler.process(AbstractProtocol.java:1307)
	at org.apache.tomcat.util.net.NioEndpoint$SocketProcessor.doRun(NioEndpoint.java:2036)
	at org.apache.tomcat.util.net.SocketProcessorBase.run(SocketProcessorBase.java:74)
	at org.apache.tomcat.util.threads.ThreadPoolExecutor.runWorker(ThreadPoolExecutor.java:949)
	at org.apache.tomcat.util.threads.ThreadPoolExecutor$Worker.run(ThreadPoolExecutor.java:483)
	at org.apache.tomcat.util.threads.TaskThread$WrappingRunnable.run(TaskThread.java:74)
	at java.base/java.lang.Thread.run(Thread.java:1474)
2026-10-06 11:51:13.549 WARN  [http-nio-8081-exec-8] o.s.w.s.m.m.a.ExceptionHandlerExceptionResolver - Resolved [py.com.ms1lvccatalogo.exception.ConflictException: La publicacion 1 esta CANCELADA y no admite cambios de estado]
2026-10-06 11:51:13.625 INFO  [http-nio-8081-exec-10] p.c.m.C.DetallePublicacionController - POST /publicaciones/1/detalles
2026-10-06 11:51:13.625 DEBUG [http-nio-8081-exec-10] p.c.m.S.d.DetallePublicacionServiceImpl - Agregando producto null a publicacion 1
2026-10-06 11:51:13.626 DEBUG [http-nio-8081-exec-10] org.hibernate.SQL - 
    select
        p1_0.id,
        p1_0.descripcion,
        p1_0.estado_publicacion,
        p1_0.fecha_actualizacion,
        p1_0.fecha_creacion,
        p1_0.fecha_publicacion,
        p1_0.id_vendedor,
        p1_0.tipo_venta,
        p1_0.titulo 
    from
        publicacion p1_0 
    where
        p1_0.id=?
2026-10-06 11:51:13.686 ERROR [http-nio-8081-exec-10] p.c.m.e.GlobalExceptionHandler - Error no controlado en /publicaciones/1/detalles
jakarta.persistence.EntityNotFoundException: Publicacion no encontrado: 1
	at py.com.ms1lvccatalogo.Service.publicacion.PublicacionServiceImpl.buscarPorId(PublicacionServiceImpl.java:35)
	at py.com.ms1lvccatalogo.Service.publicacion.PublicacionServiceImpl.buscarPorId(PublicacionServiceImpl.java:18)
	at py.com.ms1lvccatalogo.Service.base.BaseServiceImpl.obtenerEntidad(BaseServiceImpl.java:62)
	at java.base/jdk.internal.reflect.DirectMethodHandleAccessor.invoke(DirectMethodHandleAccessor.java:104)
	at java.base/java.lang.reflect.Method.invoke(Method.java:565)
	at org.springframework.aop.support.AopUtils.invokeJoinpointUsingReflection(AopUtils.java:359)
	at org.springframework.aop.framework.ReflectiveMethodInvocation.invokeJoinpoint(ReflectiveMethodInvocation.java:190)
	at org.springframework.aop.framework.ReflectiveMethodInvocation.proceed(ReflectiveMethodInvocation.java:158)
	at org.springframework.transaction.interceptor.TransactionInterceptor$1.proceedWithInvocation(TransactionInterceptor.java:133)
	at org.springframework.transaction.interceptor.TransactionAspectSupport.invokeWithinTransaction(TransactionAspectSupport.java:371)
	at org.springframework.transaction.interceptor.TransactionInterceptor.invoke(TransactionInterceptor.java:130)
	at org.springframework.aop.framework.ReflectiveMethodInvocation.proceed(ReflectiveMethodInvocation.java:179)
	at org.springframework.aop.framework.CglibAopProxy$DynamicAdvisedInterceptor.intercept(CglibAopProxy.java:719)
	at py.com.ms1lvccatalogo.Service.publicacion.PublicacionServiceImpl$$SpringCGLIB$$0.obtenerEntidad(<generated>)
	at py.com.ms1lvccatalogo.Service.detallepublicacion.DetallePublicacionServiceImpl.crear(DetallePublicacionServiceImpl.java:37)
	at java.base/jdk.internal.reflect.DirectMethodHandleAccessor.invoke(DirectMethodHandleAccessor.java:104)
	at java.base/java.lang.reflect.Method.invoke(Method.java:565)
	at org.springframework.aop.support.AopUtils.invokeJoinpointUsingReflection(AopUtils.java:359)
	at org.springframework.aop.framework.ReflectiveMethodInvocation.invokeJoinpoint(ReflectiveMethodInvocation.java:190)
	at org.springframework.aop.framework.ReflectiveMethodInvocation.proceed(ReflectiveMethodInvocation.java:158)
	at org.springframework.transaction.interceptor.TransactionInterceptor$1.proceedWithInvocation(TransactionInterceptor.java:133)
	at org.springframework.transaction.interceptor.TransactionAspectSupport.invokeWithinTransaction(TransactionAspectSupport.java:371)
	at org.springframework.transaction.interceptor.TransactionInterceptor.invoke(TransactionInterceptor.java:130)
	at org.springframework.aop.framework.ReflectiveMethodInvocation.proceed(ReflectiveMethodInvocation.java:179)
	at org.springframework.aop.framework.CglibAopProxy$DynamicAdvisedInterceptor.intercept(CglibAopProxy.java:719)
	at py.com.ms1lvccatalogo.Service.detallepublicacion.DetallePublicacionServiceImpl$$SpringCGLIB$$0.crear(<generated>)
	at py.com.ms1lvccatalogo.Controller.DetallePublicacionController.crear(DetallePublicacionController.java:36)
	at java.base/jdk.internal.reflect.DirectMethodHandleAccessor.invoke(DirectMethodHandleAccessor.java:104)
	at java.base/java.lang.reflect.Method.invoke(Method.java:565)
	at org.springframework.web.method.support.InvocableHandlerMethod.doInvoke(InvocableHandlerMethod.java:252)
	at org.springframework.web.method.support.InvocableHandlerMethod.invokeForRequest(InvocableHandlerMethod.java:184)
	at org.springframework.web.servlet.mvc.method.annotation.ServletInvocableHandlerMethod.invokeAndHandle(ServletInvocableHandlerMethod.java:117)
	at org.springframework.web.servlet.mvc.method.annotation.RequestMappingHandlerAdapter.invokeHandlerMethod(RequestMappingHandlerAdapter.java:934)
	at org.springframework.web.servlet.mvc.method.annotation.RequestMappingHandlerAdapter.handleInternal(RequestMappingHandlerAdapter.java:853)
	at org.springframework.web.servlet.mvc.method.AbstractHandlerMethodAdapter.handle(AbstractHandlerMethodAdapter.java:86)
	at org.springframework.web.servlet.DispatcherServlet.doDispatch(DispatcherServlet.java:963)
	at org.springframework.web.servlet.DispatcherServlet.doService(DispatcherServlet.java:866)
	at org.springframework.web.servlet.FrameworkServlet.processRequest(FrameworkServlet.java:1000)
	at org.springframework.web.servlet.FrameworkServlet.doPost(FrameworkServlet.java:903)
	at jakarta.servlet.http.HttpServlet.service(HttpServlet.java:649)
	at org.springframework.web.servlet.FrameworkServlet.service(FrameworkServlet.java:874)
	at jakarta.servlet.http.HttpServlet.service(HttpServlet.java:710)
	at org.apache.catalina.core.ApplicationFilterChain.doFilter(ApplicationFilterChain.java:132)
	at org.apache.tomcat.websocket.server.WsFilter.doFilter(WsFilter.java:59)
	at org.apache.catalina.core.ApplicationFilterChain.doFilter(ApplicationFilterChain.java:111)
	at org.springframework.web.filter.CompositeFilter$VirtualFilterChain.doFilter(CompositeFilter.java:108)
	at org.springframework.security.web.FilterChainProxy.lambda$doFilterInternal$2(FilterChainProxy.java:235)
	at org.springframework.security.web.FilterChainProxy$VirtualFilterChain.doFilter(FilterChainProxy.java:376)
	at org.springframework.security.web.access.intercept.AuthorizationFilter.doFilter(AuthorizationFilter.java:101)
	at org.springframework.security.web.FilterChainProxy$VirtualFilterChain.doFilter(FilterChainProxy.java:385)
	at org.springframework.security.web.access.ExceptionTranslationFilter.doFilter(ExceptionTranslationFilter.java:126)
	at org.springframework.security.web.access.ExceptionTranslationFilter.doFilter(ExceptionTranslationFilter.java:120)
	at org.springframework.security.web.FilterChainProxy$VirtualFilterChain.doFilter(FilterChainProxy.java:385)
	at org.springframework.security.web.authentication.AnonymousAuthenticationFilter.doFilter(AnonymousAuthenticationFilter.java:100)
	at org.springframework.security.web.FilterChainProxy$VirtualFilterChain.doFilter(FilterChainProxy.java:385)
	at org.springframework.security.web.servletapi.SecurityContextHolderAwareRequestFilter.doFilter(SecurityContextHolderAwareRequestFilter.java:181)
	at org.springframework.security.web.FilterChainProxy$VirtualFilterChain.doFilter(FilterChainProxy.java:385)
	at org.springframework.security.web.savedrequest.RequestCacheAwareFilter.doFilter(RequestCacheAwareFilter.java:63)
	at org.springframework.security.web.FilterChainProxy$VirtualFilterChain.doFilter(FilterChainProxy.java:385)
	at org.springframework.security.web.authentication.logout.LogoutFilter.doFilter(LogoutFilter.java:110)
	at org.springframework.security.web.authentication.logout.LogoutFilter.doFilter(LogoutFilter.java:96)
	at org.springframework.security.web.FilterChainProxy$VirtualFilterChain.doFilter(FilterChainProxy.java:385)
	at org.springframework.security.web.header.HeaderWriterFilter.doHeadersAfter(HeaderWriterFilter.java:90)
	at org.springframework.security.web.header.HeaderWriterFilter.doFilterInternal(HeaderWriterFilter.java:75)
	at org.springframework.web.filter.OncePerRequestFilter.doFilter(OncePerRequestFilter.java:116)
	at org.springframework.security.web.FilterChainProxy$VirtualFilterChain.doFilter(FilterChainProxy.java:385)
	at org.springframework.security.web.context.SecurityContextHolderFilter.doFilter(SecurityContextHolderFilter.java:82)
	at org.springframework.security.web.context.SecurityContextHolderFilter.doFilter(SecurityContextHolderFilter.java:69)
	at org.springframework.security.web.FilterChainProxy$VirtualFilterChain.doFilter(FilterChainProxy.java:385)
	at org.springframework.security.web.context.request.async.WebAsyncManagerIntegrationFilter.doFilterInternal(WebAsyncManagerIntegrationFilter.java:62)
	at org.springframework.web.filter.OncePerRequestFilter.doFilter(OncePerRequestFilter.java:116)
	at org.springframework.security.web.FilterChainProxy$VirtualFilterChain.doFilter(FilterChainProxy.java:385)
	at org.springframework.security.web.session.DisableEncodeUrlFilter.doFilterInternal(DisableEncodeUrlFilter.java:42)
	at org.springframework.web.filter.OncePerRequestFilter.doFilter(OncePerRequestFilter.java:116)
	at org.springframework.security.web.FilterChainProxy$VirtualFilterChain.doFilter(FilterChainProxy.java:385)
	at org.springframework.security.web.FilterChainProxy.doFilterInternal(FilterChainProxy.java:237)
	at org.springframework.security.web.FilterChainProxy.doFilter(FilterChainProxy.java:195)
	at org.springframework.web.filter.CompositeFilter$VirtualFilterChain.doFilter(CompositeFilter.java:113)
	at org.springframework.web.filter.ServletRequestPathFilter.doFilter(ServletRequestPathFilter.java:52)
	at org.springframework.web.filter.CompositeFilter$VirtualFilterChain.doFilter(CompositeFilter.java:113)
	at org.springframework.web.filter.CompositeFilter.doFilter(CompositeFilter.java:74)
	at org.springframework.security.config.annotation.web.configuration.WebSecurityConfiguration$CompositeFilterChainProxy.doFilter(WebSecurityConfiguration.java:317)
	at org.springframework.web.filter.DelegatingFilterProxy.invokeDelegate(DelegatingFilterProxy.java:355)
	at org.springframework.web.filter.DelegatingFilterProxy.doFilter(DelegatingFilterProxy.java:272)
	at org.apache.catalina.core.ApplicationFilterChain.doFilter(ApplicationFilterChain.java:111)
	at org.springframework.web.filter.RequestContextFilter.doFilterInternal(RequestContextFilter.java:100)
	at org.springframework.web.filter.OncePerRequestFilter.doFilter(OncePerRequestFilter.java:116)
	at org.apache.catalina.core.ApplicationFilterChain.doFilter(ApplicationFilterChain.java:111)
	at org.springframework.web.filter.FormContentFilter.doFilterInternal(FormContentFilter.java:93)
	at org.springframework.web.filter.OncePerRequestFilter.doFilter(OncePerRequestFilter.java:116)
	at org.apache.catalina.core.ApplicationFilterChain.doFilter(ApplicationFilterChain.java:111)
	at org.springframework.web.filter.CharacterEncodingFilter.doFilterInternal(CharacterEncodingFilter.java:199)
	at org.springframework.web.filter.OncePerRequestFilter.doFilter(OncePerRequestFilter.java:116)
	at org.apache.catalina.core.ApplicationFilterChain.doFilter(ApplicationFilterChain.java:111)
	at org.apache.catalina.core.StandardWrapperValve.invoke(StandardWrapperValve.java:165)
	at org.apache.catalina.core.StandardContextValve.invoke(StandardContextValve.java:77)
	at org.apache.catalina.authenticator.AuthenticatorBase.invoke(AuthenticatorBase.java:535)
	at org.apache.catalina.core.StandardHostValve.invoke(StandardHostValve.java:115)
	at org.apache.catalina.valves.ErrorReportValve.invoke(ErrorReportValve.java:86)
	at org.apache.catalina.core.StandardEngineValve.invoke(StandardEngineValve.java:71)
	at org.apache.catalina.connector.CoyoteAdapter.service(CoyoteAdapter.java:347)
	at org.apache.coyote.http11.Http11Processor.service(Http11Processor.java:406)
	at org.apache.coyote.AbstractProcessorLight.process(AbstractProcessorLight.java:71)
	at org.apache.coyote.AbstractProtocol$ConnectionHandler.process(AbstractProtocol.java:1307)
	at org.apache.tomcat.util.net.NioEndpoint$SocketProcessor.doRun(NioEndpoint.java:2036)
	at org.apache.tomcat.util.net.SocketProcessorBase.run(SocketProcessorBase.java:74)
	at org.apache.tomcat.util.threads.ThreadPoolExecutor.runWorker(ThreadPoolExecutor.java:949)
	at org.apache.tomcat.util.threads.ThreadPoolExecutor$Worker.run(ThreadPoolExecutor.java:483)
	at org.apache.tomcat.util.threads.TaskThread$WrappingRunnable.run(TaskThread.java:74)
	at java.base/java.lang.Thread.run(Thread.java:1474)
2026-10-06 11:51:13.688 WARN  [http-nio-8081-exec-10] o.s.w.s.m.m.a.ExceptionHandlerExceptionResolver - Resolved [jakarta.persistence.EntityNotFoundException: Publicacion no encontrado: 1]
2026-10-06 11:51:13.765 ERROR [http-nio-8081-exec-1] p.c.m.e.GlobalExceptionHandler - Error no controlado en /productos/null
org.springframework.web.method.annotation.MethodArgumentTypeMismatchException: Method parameter 'id': Failed to convert value of type 'java.lang.String' to required type 'java.lang.Long'; For input string: "null"
	at org.springframework.web.method.annotation.AbstractNamedValueMethodArgumentResolver.convertIfNecessary(AbstractNamedValueMethodArgumentResolver.java:295)
	at org.springframework.web.method.annotation.AbstractNamedValueMethodArgumentResolver.resolveArgument(AbstractNamedValueMethodArgumentResolver.java:134)
	at org.springframework.web.method.support.HandlerMethodArgumentResolverComposite.resolveArgument(HandlerMethodArgumentResolverComposite.java:122)
	at org.springframework.web.method.support.InvocableHandlerMethod.getMethodArgumentValues(InvocableHandlerMethod.java:224)
	at org.springframework.web.method.support.InvocableHandlerMethod.invokeForRequest(InvocableHandlerMethod.java:174)
	at org.springframework.web.servlet.mvc.method.annotation.ServletInvocableHandlerMethod.invokeAndHandle(ServletInvocableHandlerMethod.java:117)
	at org.springframework.web.servlet.mvc.method.annotation.RequestMappingHandlerAdapter.invokeHandlerMethod(RequestMappingHandlerAdapter.java:934)
	at org.springframework.web.servlet.mvc.method.annotation.RequestMappingHandlerAdapter.handleInternal(RequestMappingHandlerAdapter.java:853)
	at org.springframework.web.servlet.mvc.method.AbstractHandlerMethodAdapter.handle(AbstractHandlerMethodAdapter.java:86)
	at org.springframework.web.servlet.DispatcherServlet.doDispatch(DispatcherServlet.java:963)
	at org.springframework.web.servlet.DispatcherServlet.doService(DispatcherServlet.java:866)
	at org.springframework.web.servlet.FrameworkServlet.processRequest(FrameworkServlet.java:1000)
	at org.springframework.web.servlet.FrameworkServlet.doDelete(FrameworkServlet.java:925)
	at jakarta.servlet.http.HttpServlet.service(HttpServlet.java:651)
	at org.springframework.web.servlet.FrameworkServlet.service(FrameworkServlet.java:874)
	at jakarta.servlet.http.HttpServlet.service(HttpServlet.java:710)
	at org.apache.catalina.core.ApplicationFilterChain.doFilter(ApplicationFilterChain.java:132)
	at org.apache.tomcat.websocket.server.WsFilter.doFilter(WsFilter.java:59)
	at org.apache.catalina.core.ApplicationFilterChain.doFilter(ApplicationFilterChain.java:111)
	at org.springframework.web.filter.CompositeFilter$VirtualFilterChain.doFilter(CompositeFilter.java:108)
	at org.springframework.security.web.FilterChainProxy.lambda$doFilterInternal$2(FilterChainProxy.java:235)
	at org.springframework.security.web.FilterChainProxy$VirtualFilterChain.doFilter(FilterChainProxy.java:376)
	at org.springframework.security.web.access.intercept.AuthorizationFilter.doFilter(AuthorizationFilter.java:101)
	at org.springframework.security.web.FilterChainProxy$VirtualFilterChain.doFilter(FilterChainProxy.java:385)
	at org.springframework.security.web.access.ExceptionTranslationFilter.doFilter(ExceptionTranslationFilter.java:126)
	at org.springframework.security.web.access.ExceptionTranslationFilter.doFilter(ExceptionTranslationFilter.java:120)
	at org.springframework.security.web.FilterChainProxy$VirtualFilterChain.doFilter(FilterChainProxy.java:385)
	at org.springframework.security.web.authentication.AnonymousAuthenticationFilter.doFilter(AnonymousAuthenticationFilter.java:100)
	at org.springframework.security.web.FilterChainProxy$VirtualFilterChain.doFilter(FilterChainProxy.java:385)
	at org.springframework.security.web.servletapi.SecurityContextHolderAwareRequestFilter.doFilter(SecurityContextHolderAwareRequestFilter.java:181)
	at org.springframework.security.web.FilterChainProxy$VirtualFilterChain.doFilter(FilterChainProxy.java:385)
	at org.springframework.security.web.savedrequest.RequestCacheAwareFilter.doFilter(RequestCacheAwareFilter.java:63)
	at org.springframework.security.web.FilterChainProxy$VirtualFilterChain.doFilter(FilterChainProxy.java:385)
	at org.springframework.security.web.authentication.logout.LogoutFilter.doFilter(LogoutFilter.java:110)
	at org.springframework.security.web.authentication.logout.LogoutFilter.doFilter(LogoutFilter.java:96)
	at org.springframework.security.web.FilterChainProxy$VirtualFilterChain.doFilter(FilterChainProxy.java:385)
	at org.springframework.security.web.header.HeaderWriterFilter.doHeadersAfter(HeaderWriterFilter.java:90)
	at org.springframework.security.web.header.HeaderWriterFilter.doFilterInternal(HeaderWriterFilter.java:75)
	at org.springframework.web.filter.OncePerRequestFilter.doFilter(OncePerRequestFilter.java:116)
	at org.springframework.security.web.FilterChainProxy$VirtualFilterChain.doFilter(FilterChainProxy.java:385)
	at org.springframework.security.web.context.SecurityContextHolderFilter.doFilter(SecurityContextHolderFilter.java:82)
	at org.springframework.security.web.context.SecurityContextHolderFilter.doFilter(SecurityContextHolderFilter.java:69)
	at org.springframework.security.web.FilterChainProxy$VirtualFilterChain.doFilter(FilterChainProxy.java:385)
	at org.springframework.security.web.context.request.async.WebAsyncManagerIntegrationFilter.doFilterInternal(WebAsyncManagerIntegrationFilter.java:62)
	at org.springframework.web.filter.OncePerRequestFilter.doFilter(OncePerRequestFilter.java:116)
	at org.springframework.security.web.FilterChainProxy$VirtualFilterChain.doFilter(FilterChainProxy.java:385)
	at org.springframework.security.web.session.DisableEncodeUrlFilter.doFilterInternal(DisableEncodeUrlFilter.java:42)
	at org.springframework.web.filter.OncePerRequestFilter.doFilter(OncePerRequestFilter.java:116)
	at org.springframework.security.web.FilterChainProxy$VirtualFilterChain.doFilter(FilterChainProxy.java:385)
	at org.springframework.security.web.FilterChainProxy.doFilterInternal(FilterChainProxy.java:237)
	at org.springframework.security.web.FilterChainProxy.doFilter(FilterChainProxy.java:195)
	at org.springframework.web.filter.CompositeFilter$VirtualFilterChain.doFilter(CompositeFilter.java:113)
	at org.springframework.web.filter.ServletRequestPathFilter.doFilter(ServletRequestPathFilter.java:52)
	at org.springframework.web.filter.CompositeFilter$VirtualFilterChain.doFilter(CompositeFilter.java:113)
	at org.springframework.web.filter.CompositeFilter.doFilter(CompositeFilter.java:74)
	at org.springframework.security.config.annotation.web.configuration.WebSecurityConfiguration$CompositeFilterChainProxy.doFilter(WebSecurityConfiguration.java:317)
	at org.springframework.web.filter.DelegatingFilterProxy.invokeDelegate(DelegatingFilterProxy.java:355)
	at org.springframework.web.filter.DelegatingFilterProxy.doFilter(DelegatingFilterProxy.java:272)
	at org.apache.catalina.core.ApplicationFilterChain.doFilter(ApplicationFilterChain.java:111)
	at org.springframework.web.filter.RequestContextFilter.doFilterInternal(RequestContextFilter.java:100)
	at org.springframework.web.filter.OncePerRequestFilter.doFilter(OncePerRequestFilter.java:116)
	at org.apache.catalina.core.ApplicationFilterChain.doFilter(ApplicationFilterChain.java:111)
	at org.springframework.web.filter.FormContentFilter.doFilterInternal(FormContentFilter.java:93)
	at org.springframework.web.filter.OncePerRequestFilter.doFilter(OncePerRequestFilter.java:116)
	at org.apache.catalina.core.ApplicationFilterChain.doFilter(ApplicationFilterChain.java:111)
	at org.springframework.web.filter.CharacterEncodingFilter.doFilterInternal(CharacterEncodingFilter.java:199)
	at org.springframework.web.filter.OncePerRequestFilter.doFilter(OncePerRequestFilter.java:116)
	at org.apache.catalina.core.ApplicationFilterChain.doFilter(ApplicationFilterChain.java:111)
	at org.apache.catalina.core.StandardWrapperValve.invoke(StandardWrapperValve.java:165)
	at org.apache.catalina.core.StandardContextValve.invoke(StandardContextValve.java:77)
	at org.apache.catalina.authenticator.AuthenticatorBase.invoke(AuthenticatorBase.java:535)
	at org.apache.catalina.core.StandardHostValve.invoke(StandardHostValve.java:115)
	at org.apache.catalina.valves.ErrorReportValve.invoke(ErrorReportValve.java:86)
	at org.apache.catalina.core.StandardEngineValve.invoke(StandardEngineValve.java:71)
	at org.apache.catalina.connector.CoyoteAdapter.service(CoyoteAdapter.java:347)
	at org.apache.coyote.http11.Http11Processor.service(Http11Processor.java:406)
	at org.apache.coyote.AbstractProcessorLight.process(AbstractProcessorLight.java:71)
	at org.apache.coyote.AbstractProtocol$ConnectionHandler.process(AbstractProtocol.java:1307)
	at org.apache.tomcat.util.net.NioEndpoint$SocketProcessor.doRun(NioEndpoint.java:2036)
	at org.apache.tomcat.util.net.SocketProcessorBase.run(SocketProcessorBase.java:74)
	at org.apache.tomcat.util.threads.ThreadPoolExecutor.runWorker(ThreadPoolExecutor.java:949)
	at org.apache.tomcat.util.threads.ThreadPoolExecutor$Worker.run(ThreadPoolExecutor.java:483)
	at org.apache.tomcat.util.threads.TaskThread$WrappingRunnable.run(TaskThread.java:74)
	at java.base/java.lang.Thread.run(Thread.java:1474)
Caused by: java.lang.NumberFormatException: For input string: "null"
	at java.base/java.lang.NumberFormatException.forInputString(NumberFormatException.java:67)
	at java.base/java.lang.Long.parseLong(Long.java:594)
	at java.base/java.lang.Long.valueOf(Long.java:950)
	at org.springframework.util.NumberUtils.parseNumber(NumberUtils.java:204)
	at org.springframework.beans.propertyeditors.CustomNumberEditor.setAsText(CustomNumberEditor.java:115)
	at org.springframework.beans.TypeConverterDelegate.doConvertTextValue(TypeConverterDelegate.java:438)
	at org.springframework.beans.TypeConverterDelegate.doConvertValue(TypeConverterDelegate.java:411)
	at org.springframework.beans.TypeConverterDelegate.convertIfNecessary(TypeConverterDelegate.java:158)
	at org.springframework.beans.TypeConverterSupport.convertIfNecessary(TypeConverterSupport.java:75)
	at org.springframework.beans.TypeConverterSupport.convertIfNecessary(TypeConverterSupport.java:51)
	at org.springframework.validation.DataBinder.convertIfNecessary(DataBinder.java:846)
	at org.springframework.web.method.annotation.AbstractNamedValueMethodArgumentResolver.convertIfNecessary(AbstractNamedValueMethodArgumentResolver.java:287)
	... 83 common frames omitted
2026-10-06 11:51:13.769 WARN  [http-nio-8081-exec-1] o.s.w.s.m.m.a.ExceptionHandlerExceptionResolver - Resolved [org.springframework.web.method.annotation.MethodArgumentTypeMismatchException: Method parameter 'id': Failed to convert value of type 'java.lang.String' to required type 'java.lang.Long'; For input string: "null"]
2026-10-06 11:51:13.857 ERROR [http-nio-8081-exec-5] p.c.m.e.GlobalExceptionHandler - Error no controlado en /productos/null
org.springframework.web.method.annotation.MethodArgumentTypeMismatchException: Method parameter 'id': Failed to convert value of type 'java.lang.String' to required type 'java.lang.Long'; For input string: "null"
	at org.springframework.web.method.annotation.AbstractNamedValueMethodArgumentResolver.convertIfNecessary(AbstractNamedValueMethodArgumentResolver.java:295)
	at org.springframework.web.method.annotation.AbstractNamedValueMethodArgumentResolver.resolveArgument(AbstractNamedValueMethodArgumentResolver.java:134)
	at org.springframework.web.method.support.HandlerMethodArgumentResolverComposite.resolveArgument(HandlerMethodArgumentResolverComposite.java:122)
	at org.springframework.web.method.support.InvocableHandlerMethod.getMethodArgumentValues(InvocableHandlerMethod.java:224)
	at org.springframework.web.method.support.InvocableHandlerMethod.invokeForRequest(InvocableHandlerMethod.java:174)
	at org.springframework.web.servlet.mvc.method.annotation.ServletInvocableHandlerMethod.invokeAndHandle(ServletInvocableHandlerMethod.java:117)
	at org.springframework.web.servlet.mvc.method.annotation.RequestMappingHandlerAdapter.invokeHandlerMethod(RequestMappingHandlerAdapter.java:934)
	at org.springframework.web.servlet.mvc.method.annotation.RequestMappingHandlerAdapter.handleInternal(RequestMappingHandlerAdapter.java:853)
	at org.springframework.web.servlet.mvc.method.AbstractHandlerMethodAdapter.handle(AbstractHandlerMethodAdapter.java:86)
	at org.springframework.web.servlet.DispatcherServlet.doDispatch(DispatcherServlet.java:963)
	at org.springframework.web.servlet.DispatcherServlet.doService(DispatcherServlet.java:866)
	at org.springframework.web.servlet.FrameworkServlet.processRequest(FrameworkServlet.java:1000)
	at org.springframework.web.servlet.FrameworkServlet.doGet(FrameworkServlet.java:892)
	at jakarta.servlet.http.HttpServlet.service(HttpServlet.java:622)
	at org.springframework.web.servlet.FrameworkServlet.service(FrameworkServlet.java:874)
	at jakarta.servlet.http.HttpServlet.service(HttpServlet.java:710)
	at org.apache.catalina.core.ApplicationFilterChain.doFilter(ApplicationFilterChain.java:132)
	at org.apache.tomcat.websocket.server.WsFilter.doFilter(WsFilter.java:59)
	at org.apache.catalina.core.ApplicationFilterChain.doFilter(ApplicationFilterChain.java:111)
	at org.springframework.web.filter.CompositeFilter$VirtualFilterChain.doFilter(CompositeFilter.java:108)
	at org.springframework.security.web.FilterChainProxy.lambda$doFilterInternal$2(FilterChainProxy.java:235)
	at org.springframework.security.web.FilterChainProxy$VirtualFilterChain.doFilter(FilterChainProxy.java:376)
	at org.springframework.security.web.access.intercept.AuthorizationFilter.doFilter(AuthorizationFilter.java:101)
	at org.springframework.security.web.FilterChainProxy$VirtualFilterChain.doFilter(FilterChainProxy.java:385)
	at org.springframework.security.web.access.ExceptionTranslationFilter.doFilter(ExceptionTranslationFilter.java:126)
	at org.springframework.security.web.access.ExceptionTranslationFilter.doFilter(ExceptionTranslationFilter.java:120)
	at org.springframework.security.web.FilterChainProxy$VirtualFilterChain.doFilter(FilterChainProxy.java:385)
	at org.springframework.security.web.authentication.AnonymousAuthenticationFilter.doFilter(AnonymousAuthenticationFilter.java:100)
	at org.springframework.security.web.FilterChainProxy$VirtualFilterChain.doFilter(FilterChainProxy.java:385)
	at org.springframework.security.web.servletapi.SecurityContextHolderAwareRequestFilter.doFilter(SecurityContextHolderAwareRequestFilter.java:181)
	at org.springframework.security.web.FilterChainProxy$VirtualFilterChain.doFilter(FilterChainProxy.java:385)
	at org.springframework.security.web.savedrequest.RequestCacheAwareFilter.doFilter(RequestCacheAwareFilter.java:63)
	at org.springframework.security.web.FilterChainProxy$VirtualFilterChain.doFilter(FilterChainProxy.java:385)
	at org.springframework.security.web.authentication.logout.LogoutFilter.doFilter(LogoutFilter.java:110)
	at org.springframework.security.web.authentication.logout.LogoutFilter.doFilter(LogoutFilter.java:96)
	at org.springframework.security.web.FilterChainProxy$VirtualFilterChain.doFilter(FilterChainProxy.java:385)
	at org.springframework.security.web.header.HeaderWriterFilter.doHeadersAfter(HeaderWriterFilter.java:90)
	at org.springframework.security.web.header.HeaderWriterFilter.doFilterInternal(HeaderWriterFilter.java:75)
	at org.springframework.web.filter.OncePerRequestFilter.doFilter(OncePerRequestFilter.java:116)
	at org.springframework.security.web.FilterChainProxy$VirtualFilterChain.doFilter(FilterChainProxy.java:385)
	at org.springframework.security.web.context.SecurityContextHolderFilter.doFilter(SecurityContextHolderFilter.java:82)
	at org.springframework.security.web.context.SecurityContextHolderFilter.doFilter(SecurityContextHolderFilter.java:69)
	at org.springframework.security.web.FilterChainProxy$VirtualFilterChain.doFilter(FilterChainProxy.java:385)
	at org.springframework.security.web.context.request.async.WebAsyncManagerIntegrationFilter.doFilterInternal(WebAsyncManagerIntegrationFilter.java:62)
	at org.springframework.web.filter.OncePerRequestFilter.doFilter(OncePerRequestFilter.java:116)
	at org.springframework.security.web.FilterChainProxy$VirtualFilterChain.doFilter(FilterChainProxy.java:385)
	at org.springframework.security.web.session.DisableEncodeUrlFilter.doFilterInternal(DisableEncodeUrlFilter.java:42)
	at org.springframework.web.filter.OncePerRequestFilter.doFilter(OncePerRequestFilter.java:116)
	at org.springframework.security.web.FilterChainProxy$VirtualFilterChain.doFilter(FilterChainProxy.java:385)
	at org.springframework.security.web.FilterChainProxy.doFilterInternal(FilterChainProxy.java:237)
	at org.springframework.security.web.FilterChainProxy.doFilter(FilterChainProxy.java:195)
	at org.springframework.web.filter.CompositeFilter$VirtualFilterChain.doFilter(CompositeFilter.java:113)
	at org.springframework.web.filter.ServletRequestPathFilter.doFilter(ServletRequestPathFilter.java:52)
	at org.springframework.web.filter.CompositeFilter$VirtualFilterChain.doFilter(CompositeFilter.java:113)
	at org.springframework.web.filter.CompositeFilter.doFilter(CompositeFilter.java:74)
	at org.springframework.security.config.annotation.web.configuration.WebSecurityConfiguration$CompositeFilterChainProxy.doFilter(WebSecurityConfiguration.java:317)
	at org.springframework.web.filter.DelegatingFilterProxy.invokeDelegate(DelegatingFilterProxy.java:355)
	at org.springframework.web.filter.DelegatingFilterProxy.doFilter(DelegatingFilterProxy.java:272)
	at org.apache.catalina.core.ApplicationFilterChain.doFilter(ApplicationFilterChain.java:111)
	at org.springframework.web.filter.RequestContextFilter.doFilterInternal(RequestContextFilter.java:100)
	at org.springframework.web.filter.OncePerRequestFilter.doFilter(OncePerRequestFilter.java:116)
	at org.apache.catalina.core.ApplicationFilterChain.doFilter(ApplicationFilterChain.java:111)
	at org.springframework.web.filter.FormContentFilter.doFilterInternal(FormContentFilter.java:93)
	at org.springframework.web.filter.OncePerRequestFilter.doFilter(OncePerRequestFilter.java:116)
	at org.apache.catalina.core.ApplicationFilterChain.doFilter(ApplicationFilterChain.java:111)
	at org.springframework.web.filter.CharacterEncodingFilter.doFilterInternal(CharacterEncodingFilter.java:199)
	at org.springframework.web.filter.OncePerRequestFilter.doFilter(OncePerRequestFilter.java:116)
	at org.apache.catalina.core.ApplicationFilterChain.doFilter(ApplicationFilterChain.java:111)
	at org.apache.catalina.core.StandardWrapperValve.invoke(StandardWrapperValve.java:165)
	at org.apache.catalina.core.StandardContextValve.invoke(StandardContextValve.java:77)
	at org.apache.catalina.authenticator.AuthenticatorBase.invoke(AuthenticatorBase.java:535)
	at org.apache.catalina.core.StandardHostValve.invoke(StandardHostValve.java:115)
	at org.apache.catalina.valves.ErrorReportValve.invoke(ErrorReportValve.java:86)
	at org.apache.catalina.core.StandardEngineValve.invoke(StandardEngineValve.java:71)
	at org.apache.catalina.connector.CoyoteAdapter.service(CoyoteAdapter.java:347)
	at org.apache.coyote.http11.Http11Processor.service(Http11Processor.java:406)
	at org.apache.coyote.AbstractProcessorLight.process(AbstractProcessorLight.java:71)
	at org.apache.coyote.AbstractProtocol$ConnectionHandler.process(AbstractProtocol.java:1307)
	at org.apache.tomcat.util.net.NioEndpoint$SocketProcessor.doRun(NioEndpoint.java:2036)
	at org.apache.tomcat.util.net.SocketProcessorBase.run(SocketProcessorBase.java:74)
	at org.apache.tomcat.util.threads.ThreadPoolExecutor.runWorker(ThreadPoolExecutor.java:949)
	at org.apache.tomcat.util.threads.ThreadPoolExecutor$Worker.run(ThreadPoolExecutor.java:483)
	at org.apache.tomcat.util.threads.TaskThread$WrappingRunnable.run(TaskThread.java:74)
	at java.base/java.lang.Thread.run(Thread.java:1474)
Caused by: java.lang.NumberFormatException: For input string: "null"
	at java.base/java.lang.NumberFormatException.forInputString(NumberFormatException.java:67)
	at java.base/java.lang.Long.parseLong(Long.java:594)
	at java.base/java.lang.Long.valueOf(Long.java:950)
	at org.springframework.util.NumberUtils.parseNumber(NumberUtils.java:204)
	at org.springframework.beans.propertyeditors.CustomNumberEditor.setAsText(CustomNumberEditor.java:115)
	at org.springframework.beans.TypeConverterDelegate.doConvertTextValue(TypeConverterDelegate.java:438)
	at org.springframework.beans.TypeConverterDelegate.doConvertValue(TypeConverterDelegate.java:411)
	at org.springframework.beans.TypeConverterDelegate.convertIfNecessary(TypeConverterDelegate.java:158)
	at org.springframework.beans.TypeConverterSupport.convertIfNecessary(TypeConverterSupport.java:75)
	at org.springframework.beans.TypeConverterSupport.convertIfNecessary(TypeConverterSupport.java:51)
	at org.springframework.validation.DataBinder.convertIfNecessary(DataBinder.java:846)
	at org.springframework.web.method.annotation.AbstractNamedValueMethodArgumentResolver.convertIfNecessary(AbstractNamedValueMethodArgumentResolver.java:287)
	... 83 common frames omitted
2026-10-06 11:51:13.861 WARN  [http-nio-8081-exec-5] o.s.w.s.m.m.a.ExceptionHandlerExceptionResolver - Resolved [org.springframework.web.method.annotation.MethodArgumentTypeMismatchException: Method parameter 'id': Failed to convert value of type 'java.lang.String' to required type 'java.lang.Long'; For input string: "null"]
2026-10-06 11:52:28.598 INFO  [http-nio-8081-exec-2] p.c.m.Controller.ProductoController - POST /productos
2026-10-06 11:52:28.630 DEBUG [http-nio-8081-exec-2] p.c.m.Service.base.BaseServiceImpl - Creando Producto
2026-10-06 11:52:28.630 DEBUG [http-nio-8081-exec-2] org.hibernate.SQL - 
    insert 
    into
        producto
        (activo, categoria, estado_conservacion, fecha_actualizacion, fecha_creacion, id_vendedor, nombre, precio_referencia, rareza, stock, url_imagen, version) 
    values
        (?, ?, ?, ?, ?, ?, ?, ?, ?, ?, ?, ?)
2026-10-06 11:52:28.713 WARN  [http-nio-8081-exec-2] org.hibernate.orm.jdbc.error - HHH000247: ErrorCode: 0, SQLState: 23505
2026-10-06 11:52:28.713 WARN  [http-nio-8081-exec-2] org.hibernate.orm.jdbc.error - ERROR: duplicate key value violates unique constraint "producto_pkey"
  Detail: Key (id)=(3) already exists.
2026-10-06 11:52:28.745 ERROR [http-nio-8081-exec-2] p.c.m.e.GlobalExceptionHandler - Error no controlado en /productos
org.springframework.dao.DataIntegrityViolationException: could not execute statement [ERROR: duplicate key value violates unique constraint "producto_pkey"
  Detail: Key (id)=(3) already exists.] [insert into producto (activo,categoria,estado_conservacion,fecha_actualizacion,fecha_creacion,id_vendedor,nombre,precio_referencia,rareza,stock,url_imagen,version) values (?,?,?,?,?,?,?,?,?,?,?,?)]; SQL [insert into producto (activo,categoria,estado_conservacion,fecha_actualizacion,fecha_creacion,id_vendedor,nombre,precio_referencia,rareza,stock,url_imagen,version) values (?,?,?,?,?,?,?,?,?,?,?,?)]; constraint [producto_pkey]
	at org.springframework.orm.jpa.hibernate.HibernateExceptionTranslator.convertHibernateAccessException(HibernateExceptionTranslator.java:169)
	at org.springframework.orm.jpa.hibernate.HibernateExceptionTranslator.convertHibernateAccessException(HibernateExceptionTranslator.java:131)
	at org.springframework.orm.jpa.hibernate.HibernateExceptionTranslator.translateExceptionIfPossible(HibernateExceptionTranslator.java:105)
	at org.springframework.orm.jpa.vendor.HibernateJpaDialect.translateExceptionIfPossible(HibernateJpaDialect.java:223)
	at org.springframework.orm.jpa.AbstractEntityManagerFactoryBean.translateExceptionIfPossible(AbstractEntityManagerFactoryBean.java:577)
	at org.springframework.dao.support.ChainedPersistenceExceptionTranslator.translateExceptionIfPossible(ChainedPersistenceExceptionTranslator.java:61)
	at org.springframework.dao.support.DataAccessUtils.translateIfNecessary(DataAccessUtils.java:346)
	at org.springframework.dao.support.PersistenceExceptionTranslationInterceptor.invoke(PersistenceExceptionTranslationInterceptor.java:157)
	at org.springframework.aop.framework.ReflectiveMethodInvocation.proceed(ReflectiveMethodInvocation.java:179)
	at org.springframework.data.jpa.repository.support.CrudMethodMetadataPostProcessor$CrudMethodMetadataPopulatingMethodInterceptor.invoke(CrudMethodMetadataPostProcessor.java:166)
	at org.springframework.aop.framework.ReflectiveMethodInvocation.proceed(ReflectiveMethodInvocation.java:179)
	at org.springframework.aop.framework.JdkDynamicAopProxy.invoke(JdkDynamicAopProxy.java:222)
	at jdk.proxy4/jdk.proxy4.$Proxy159.save(Unknown Source)
	at py.com.ms1lvccatalogo.Service.base.BaseServiceImpl.crear(BaseServiceImpl.java:34)
	at java.base/jdk.internal.reflect.DirectMethodHandleAccessor.invoke(DirectMethodHandleAccessor.java:104)
	at java.base/java.lang.reflect.Method.invoke(Method.java:565)
	at org.springframework.aop.support.AopUtils.invokeJoinpointUsingReflection(AopUtils.java:359)
	at org.springframework.aop.framework.ReflectiveMethodInvocation.invokeJoinpoint(ReflectiveMethodInvocation.java:190)
	at org.springframework.aop.framework.ReflectiveMethodInvocation.proceed(ReflectiveMethodInvocation.java:158)
	at org.springframework.transaction.interceptor.TransactionInterceptor$1.proceedWithInvocation(TransactionInterceptor.java:133)
	at org.springframework.transaction.interceptor.TransactionAspectSupport.invokeWithinTransaction(TransactionAspectSupport.java:371)
	at org.springframework.transaction.interceptor.TransactionInterceptor.invoke(TransactionInterceptor.java:130)
	at org.springframework.aop.framework.ReflectiveMethodInvocation.proceed(ReflectiveMethodInvocation.java:179)
	at org.springframework.aop.framework.CglibAopProxy$DynamicAdvisedInterceptor.intercept(CglibAopProxy.java:719)
	at py.com.ms1lvccatalogo.Service.producto.ProductoServiceImpl$$SpringCGLIB$$0.crear(<generated>)
	at py.com.ms1lvccatalogo.Controller.ProductoController.crear(ProductoController.java:29)
	at java.base/jdk.internal.reflect.DirectMethodHandleAccessor.invoke(DirectMethodHandleAccessor.java:104)
	at java.base/java.lang.reflect.Method.invoke(Method.java:565)
	at org.springframework.web.method.support.InvocableHandlerMethod.doInvoke(InvocableHandlerMethod.java:252)
	at org.springframework.web.method.support.InvocableHandlerMethod.invokeForRequest(InvocableHandlerMethod.java:184)
	at org.springframework.web.servlet.mvc.method.annotation.ServletInvocableHandlerMethod.invokeAndHandle(ServletInvocableHandlerMethod.java:117)
	at org.springframework.web.servlet.mvc.method.annotation.RequestMappingHandlerAdapter.invokeHandlerMethod(RequestMappingHandlerAdapter.java:934)
	at org.springframework.web.servlet.mvc.method.annotation.RequestMappingHandlerAdapter.handleInternal(RequestMappingHandlerAdapter.java:853)
	at org.springframework.web.servlet.mvc.method.AbstractHandlerMethodAdapter.handle(AbstractHandlerMethodAdapter.java:86)
	at org.springframework.web.servlet.DispatcherServlet.doDispatch(DispatcherServlet.java:963)
	at org.springframework.web.servlet.DispatcherServlet.doService(DispatcherServlet.java:866)
	at org.springframework.web.servlet.FrameworkServlet.processRequest(FrameworkServlet.java:1000)
	at org.springframework.web.servlet.FrameworkServlet.doPost(FrameworkServlet.java:903)
	at jakarta.servlet.http.HttpServlet.service(HttpServlet.java:649)
	at org.springframework.web.servlet.FrameworkServlet.service(FrameworkServlet.java:874)
	at jakarta.servlet.http.HttpServlet.service(HttpServlet.java:710)
	at org.apache.catalina.core.ApplicationFilterChain.doFilter(ApplicationFilterChain.java:132)
	at org.apache.tomcat.websocket.server.WsFilter.doFilter(WsFilter.java:59)
	at org.apache.catalina.core.ApplicationFilterChain.doFilter(ApplicationFilterChain.java:111)
	at org.springframework.web.filter.CompositeFilter$VirtualFilterChain.doFilter(CompositeFilter.java:108)
	at org.springframework.security.web.FilterChainProxy.lambda$doFilterInternal$2(FilterChainProxy.java:235)
	at org.springframework.security.web.FilterChainProxy$VirtualFilterChain.doFilter(FilterChainProxy.java:376)
	at org.springframework.security.web.access.intercept.AuthorizationFilter.doFilter(AuthorizationFilter.java:101)
	at org.springframework.security.web.FilterChainProxy$VirtualFilterChain.doFilter(FilterChainProxy.java:385)
	at org.springframework.security.web.access.ExceptionTranslationFilter.doFilter(ExceptionTranslationFilter.java:126)
	at org.springframework.security.web.access.ExceptionTranslationFilter.doFilter(ExceptionTranslationFilter.java:120)
	at org.springframework.security.web.FilterChainProxy$VirtualFilterChain.doFilter(FilterChainProxy.java:385)
	at org.springframework.security.web.authentication.AnonymousAuthenticationFilter.doFilter(AnonymousAuthenticationFilter.java:100)
	at org.springframework.security.web.FilterChainProxy$VirtualFilterChain.doFilter(FilterChainProxy.java:385)
	at org.springframework.security.web.servletapi.SecurityContextHolderAwareRequestFilter.doFilter(SecurityContextHolderAwareRequestFilter.java:181)
	at org.springframework.security.web.FilterChainProxy$VirtualFilterChain.doFilter(FilterChainProxy.java:385)
	at org.springframework.security.web.savedrequest.RequestCacheAwareFilter.doFilter(RequestCacheAwareFilter.java:63)
	at org.springframework.security.web.FilterChainProxy$VirtualFilterChain.doFilter(FilterChainProxy.java:385)
	at org.springframework.security.web.authentication.logout.LogoutFilter.doFilter(LogoutFilter.java:110)
	at org.springframework.security.web.authentication.logout.LogoutFilter.doFilter(LogoutFilter.java:96)
	at org.springframework.security.web.FilterChainProxy$VirtualFilterChain.doFilter(FilterChainProxy.java:385)
	at org.springframework.security.web.header.HeaderWriterFilter.doHeadersAfter(HeaderWriterFilter.java:90)
	at org.springframework.security.web.header.HeaderWriterFilter.doFilterInternal(HeaderWriterFilter.java:75)
	at org.springframework.web.filter.OncePerRequestFilter.doFilter(OncePerRequestFilter.java:116)
	at org.springframework.security.web.FilterChainProxy$VirtualFilterChain.doFilter(FilterChainProxy.java:385)
	at org.springframework.security.web.context.SecurityContextHolderFilter.doFilter(SecurityContextHolderFilter.java:82)
	at org.springframework.security.web.context.SecurityContextHolderFilter.doFilter(SecurityContextHolderFilter.java:69)
	at org.springframework.security.web.FilterChainProxy$VirtualFilterChain.doFilter(FilterChainProxy.java:385)
	at org.springframework.security.web.context.request.async.WebAsyncManagerIntegrationFilter.doFilterInternal(WebAsyncManagerIntegrationFilter.java:62)
	at org.springframework.web.filter.OncePerRequestFilter.doFilter(OncePerRequestFilter.java:116)
	at org.springframework.security.web.FilterChainProxy$VirtualFilterChain.doFilter(FilterChainProxy.java:385)
	at org.springframework.security.web.session.DisableEncodeUrlFilter.doFilterInternal(DisableEncodeUrlFilter.java:42)
	at org.springframework.web.filter.OncePerRequestFilter.doFilter(OncePerRequestFilter.java:116)
	at org.springframework.security.web.FilterChainProxy$VirtualFilterChain.doFilter(FilterChainProxy.java:385)
	at org.springframework.security.web.FilterChainProxy.doFilterInternal(FilterChainProxy.java:237)
	at org.springframework.security.web.FilterChainProxy.doFilter(FilterChainProxy.java:195)
	at org.springframework.web.filter.CompositeFilter$VirtualFilterChain.doFilter(CompositeFilter.java:113)
	at org.springframework.web.filter.ServletRequestPathFilter.doFilter(ServletRequestPathFilter.java:52)
	at org.springframework.web.filter.CompositeFilter$VirtualFilterChain.doFilter(CompositeFilter.java:113)
	at org.springframework.web.filter.CompositeFilter.doFilter(CompositeFilter.java:74)
	at org.springframework.security.config.annotation.web.configuration.WebSecurityConfiguration$CompositeFilterChainProxy.doFilter(WebSecurityConfiguration.java:317)
	at org.springframework.web.filter.DelegatingFilterProxy.invokeDelegate(DelegatingFilterProxy.java:355)
	at org.springframework.web.filter.DelegatingFilterProxy.doFilter(DelegatingFilterProxy.java:272)
	at org.apache.catalina.core.ApplicationFilterChain.doFilter(ApplicationFilterChain.java:111)
	at org.springframework.web.filter.RequestContextFilter.doFilterInternal(RequestContextFilter.java:100)
	at org.springframework.web.filter.OncePerRequestFilter.doFilter(OncePerRequestFilter.java:116)
	at org.apache.catalina.core.ApplicationFilterChain.doFilter(ApplicationFilterChain.java:111)
	at org.springframework.web.filter.FormContentFilter.doFilterInternal(FormContentFilter.java:93)
	at org.springframework.web.filter.OncePerRequestFilter.doFilter(OncePerRequestFilter.java:116)
	at org.apache.catalina.core.ApplicationFilterChain.doFilter(ApplicationFilterChain.java:111)
	at org.springframework.web.filter.CharacterEncodingFilter.doFilterInternal(CharacterEncodingFilter.java:199)
	at org.springframework.web.filter.OncePerRequestFilter.doFilter(OncePerRequestFilter.java:116)
	at org.apache.catalina.core.ApplicationFilterChain.doFilter(ApplicationFilterChain.java:111)
	at org.apache.catalina.core.StandardWrapperValve.invoke(StandardWrapperValve.java:165)
	at org.apache.catalina.core.StandardContextValve.invoke(StandardContextValve.java:77)
	at org.apache.catalina.authenticator.AuthenticatorBase.invoke(AuthenticatorBase.java:535)
	at org.apache.catalina.core.StandardHostValve.invoke(StandardHostValve.java:115)
	at org.apache.catalina.valves.ErrorReportValve.invoke(ErrorReportValve.java:86)
	at org.apache.catalina.core.StandardEngineValve.invoke(StandardEngineValve.java:71)
	at org.apache.catalina.connector.CoyoteAdapter.service(CoyoteAdapter.java:347)
	at org.apache.coyote.http11.Http11Processor.service(Http11Processor.java:406)
	at org.apache.coyote.AbstractProcessorLight.process(AbstractProcessorLight.java:71)
	at org.apache.coyote.AbstractProtocol$ConnectionHandler.process(AbstractProtocol.java:1307)
	at org.apache.tomcat.util.net.NioEndpoint$SocketProcessor.doRun(NioEndpoint.java:2036)
	at org.apache.tomcat.util.net.SocketProcessorBase.run(SocketProcessorBase.java:74)
	at org.apache.tomcat.util.threads.ThreadPoolExecutor.runWorker(ThreadPoolExecutor.java:949)
	at org.apache.tomcat.util.threads.ThreadPoolExecutor$Worker.run(ThreadPoolExecutor.java:483)
	at org.apache.tomcat.util.threads.TaskThread$WrappingRunnable.run(TaskThread.java:74)
	at java.base/java.lang.Thread.run(Thread.java:1474)
Caused by: org.hibernate.exception.ConstraintViolationException: could not execute statement [ERROR: duplicate key value violates unique constraint "producto_pkey"
  Detail: Key (id)=(3) already exists.] [insert into producto (activo,categoria,estado_conservacion,fecha_actualizacion,fecha_creacion,id_vendedor,nombre,precio_referencia,rareza,stock,url_imagen,version) values (?,?,?,?,?,?,?,?,?,?,?,?)]
	at org.hibernate.exception.internal.SQLStateConversionDelegate.convert(SQLStateConversionDelegate.java:73)
	at org.hibernate.exception.internal.StandardSQLExceptionConverter.convert(StandardSQLExceptionConverter.java:34)
	at org.hibernate.engine.jdbc.spi.SqlExceptionHelper.convert(SqlExceptionHelper.java:115)
	at org.hibernate.engine.jdbc.internal.ResultSetReturnImpl.executeUpdate(ResultSetReturnImpl.java:189)
	at org.hibernate.id.insert.GetGeneratedKeysDelegate.performMutation(GetGeneratedKeysDelegate.java:96)
	at org.hibernate.engine.jdbc.mutation.internal.MutationExecutorSingleNonBatched.performNonBatchedOperations(MutationExecutorSingleNonBatched.java:45)
	at org.hibernate.engine.jdbc.mutation.internal.AbstractMutationExecutor.execute(AbstractMutationExecutor.java:65)
	at org.hibernate.engine.jdbc.mutation.internal.AbstractMutationExecutor.execute(AbstractMutationExecutor.java:54)
	at org.hibernate.persister.entity.mutation.InsertCoordinatorStandard.doStaticInserts(InsertCoordinatorStandard.java:183)
	at org.hibernate.persister.entity.mutation.InsertCoordinatorStandard.coordinateInsert(InsertCoordinatorStandard.java:123)
	at org.hibernate.persister.entity.mutation.InsertCoordinatorStandard.insert(InsertCoordinatorStandard.java:87)
	at org.hibernate.action.internal.EntityIdentityInsertAction.execute(EntityIdentityInsertAction.java:87)
	at org.hibernate.engine.spi.ActionQueue.execute(ActionQueue.java:667)
	at org.hibernate.engine.spi.ActionQueue.addResolvedEntityInsertAction(ActionQueue.java:291)
	at org.hibernate.engine.spi.ActionQueue.addInsertAction(ActionQueue.java:270)
	at org.hibernate.engine.spi.ActionQueue.addAction(ActionQueue.java:322)
	at org.hibernate.event.internal.AbstractSaveEventListener.addInsertAction(AbstractSaveEventListener.java:384)
	at org.hibernate.event.internal.AbstractSaveEventListener.performSaveOrReplicate(AbstractSaveEventListener.java:298)
	at org.hibernate.event.internal.AbstractSaveEventListener.performSave(AbstractSaveEventListener.java:228)
	at org.hibernate.event.internal.AbstractSaveEventListener.saveWithGeneratedId(AbstractSaveEventListener.java:144)
	at org.hibernate.event.internal.DefaultPersistEventListener.entityIsTransient(DefaultPersistEventListener.java:144)
	at org.hibernate.event.internal.DefaultPersistEventListener.persist(DefaultPersistEventListener.java:91)
	at org.hibernate.event.internal.DefaultPersistEventListener.onPersist(DefaultPersistEventListener.java:75)
	at org.hibernate.event.internal.DefaultPersistEventListener.onPersist(DefaultPersistEventListener.java:51)
	at org.hibernate.event.service.internal.EventListenerGroupImpl.fireEventOnEachListener(EventListenerGroupImpl.java:138)
	at org.hibernate.internal.SessionImpl.firePersist(SessionImpl.java:709)
	at org.hibernate.internal.SessionImpl.persist(SessionImpl.java:692)
	at java.base/jdk.internal.reflect.DirectMethodHandleAccessor.invoke(DirectMethodHandleAccessor.java:104)
	at java.base/java.lang.reflect.Method.invoke(Method.java:565)
	at org.springframework.orm.jpa.SharedEntityManagerCreator$SharedEntityHandlerInvocationHandler.invokeMethod(SharedEntityManagerCreator.java:239)
	at org.springframework.orm.jpa.SharedEntityManagerCreator$SharedEntityManagerInvocationHandler.invoke(SharedEntityManagerCreator.java:392)
	at jdk.proxy4/jdk.proxy4.$Proxy146.persist(Unknown Source)
	at org.springframework.data.jpa.repository.support.SimpleJpaRepository.save(SimpleJpaRepository.java:664)
	at java.base/jdk.internal.reflect.DirectMethodHandleAccessor.invoke(DirectMethodHandleAccessor.java:104)
	at java.base/java.lang.reflect.Method.invoke(Method.java:565)
	at org.springframework.aop.support.AopUtils.invokeJoinpointUsingReflection(AopUtils.java:359)
	at org.springframework.data.repository.core.support.RepositoryMethodInvoker$RepositoryFragmentMethodInvoker.lambda$new$0(RepositoryMethodInvoker.java:278)
	at org.springframework.data.repository.core.support.RepositoryMethodInvoker.doInvoke(RepositoryMethodInvoker.java:169)
	at org.springframework.data.repository.core.support.RepositoryMethodInvoker.invoke(RepositoryMethodInvoker.java:158)
	at org.springframework.data.repository.core.support.RepositoryComposition$RepositoryFragments.invoke(RepositoryComposition.java:545)
	at org.springframework.data.repository.core.support.RepositoryComposition.invoke(RepositoryComposition.java:290)
	at org.springframework.data.repository.core.support.RepositoryFactorySupport$ImplementationMethodExecutionInterceptor.invoke(RepositoryFactorySupport.java:690)
	at org.springframework.aop.framework.ReflectiveMethodInvocation.proceed(ReflectiveMethodInvocation.java:179)
	at org.springframework.data.repository.core.support.QueryExecutorMethodInterceptor.doInvoke(QueryExecutorMethodInterceptor.java:171)
	at org.springframework.data.repository.core.support.QueryExecutorMethodInterceptor.invoke(QueryExecutorMethodInterceptor.java:146)
	at org.springframework.aop.framework.ReflectiveMethodInvocation.proceed(ReflectiveMethodInvocation.java:179)
	at org.springframework.data.projection.DefaultMethodInvokingMethodInterceptor.invoke(DefaultMethodInvokingMethodInterceptor.java:69)
	at org.springframework.aop.framework.ReflectiveMethodInvocation.proceed(ReflectiveMethodInvocation.java:179)
	at org.springframework.transaction.interceptor.TransactionInterceptor$1.proceedWithInvocation(TransactionInterceptor.java:133)
	at org.springframework.transaction.interceptor.TransactionAspectSupport.invokeWithinTransaction(TransactionAspectSupport.java:371)
	at org.springframework.transaction.interceptor.TransactionInterceptor.invoke(TransactionInterceptor.java:130)
	at org.springframework.aop.framework.ReflectiveMethodInvocation.proceed(ReflectiveMethodInvocation.java:179)
	at org.springframework.dao.support.PersistenceExceptionTranslationInterceptor.invoke(PersistenceExceptionTranslationInterceptor.java:135)
	... 101 common frames omitted
Caused by: org.postgresql.util.PSQLException: ERROR: duplicate key value violates unique constraint "producto_pkey"
  Detail: Key (id)=(3) already exists.
	at org.postgresql.core.v3.QueryExecutorImpl.receiveErrorResponse(QueryExecutorImpl.java:2993)
	at org.postgresql.core.v3.QueryExecutorImpl.processResults(QueryExecutorImpl.java:2656)
	at org.postgresql.core.v3.QueryExecutorImpl.execute(QueryExecutorImpl.java:446)
	at org.postgresql.jdbc.PgStatement.executeInternal(PgStatement.java:533)
	at org.postgresql.jdbc.PgStatement.execute(PgStatement.java:449)
	at org.postgresql.jdbc.PgPreparedStatement.executeWithFlags(PgPreparedStatement.java:197)
	at org.postgresql.jdbc.PgPreparedStatement.executeUpdate(PgPreparedStatement.java:158)
	at com.zaxxer.hikari.pool.ProxyPreparedStatement.executeUpdate(ProxyPreparedStatement.java:61)
	at com.zaxxer.hikari.pool.HikariProxyPreparedStatement.executeUpdate(HikariProxyPreparedStatement.java)
	at org.hibernate.engine.jdbc.internal.ResultSetReturnImpl.executeUpdate(ResultSetReturnImpl.java:185)
	... 150 common frames omitted
2026-10-06 11:52:28.751 WARN  [http-nio-8081-exec-2] o.s.w.s.m.m.a.ExceptionHandlerExceptionResolver - Resolved [org.springframework.dao.DataIntegrityViolationException: could not execute statement [ERROR: duplicate key value violates unique constraint "producto_pkey"<EOL>  Detail: Key (id)=(3) already exists.] [insert into producto (activo,categoria,estado_conservacion,fecha_actualizacion,fecha_creacion,id_vendedor,nombre,precio_referencia,rareza,stock,url_imagen,version) values (?,?,?,?,?,?,?,?,?,?,?,?)]; SQL [insert into producto (activo,categoria,estado_conservacion,fecha_actualizacion,fecha_creacion,id_vendedor,nombre,precio_referencia,rareza,stock,url_imagen,version) values (?,?,?,?,?,?,?,?,?,?,?,?)]; constraint [producto_pkey]]
2026-10-06 11:53:09.596 INFO  [SpringApplicationShutdownHook] o.s.boot.tomcat.GracefulShutdown - Commencing graceful shutdown. Waiting for active requests to complete
2026-10-06 11:53:09.614 INFO  [tomcat-shutdown] o.s.boot.tomcat.GracefulShutdown - Graceful shutdown complete
2026-10-06 11:53:09.618 INFO  [SpringApplicationShutdownHook] o.s.o.j.LocalContainerEntityManagerFactoryBean - Closing JPA EntityManagerFactory for persistence unit 'default'
2026-10-06 11:53:09.622 INFO  [SpringApplicationShutdownHook] com.zaxxer.hikari.HikariDataSource - HikariPool-1 - Shutdown initiated...
2026-10-06 11:53:09.833 INFO  [SpringApplicationShutdownHook] com.zaxxer.hikari.HikariDataSource - HikariPool-1 - Shutdown completed.
2026-10-06 12:39:22.822 INFO  [restartedMain] p.c.m.Ms1LvcCatalogoApplication - Starting Ms1LvcCatalogoApplication using Java 25.0.4.1 with PID 18988 (C:\Users\DELL\Desktop\LaVitrinaColeccionistas\MS1-LVC-Catalogo\target\classes started by DELL in C:\Users\DELL\Desktop\LaVitrinaColeccionistas\MS1-LVC-Catalogo)
2026-10-06 12:39:22.828 INFO  [restartedMain] p.c.m.Ms1LvcCatalogoApplication - No active profile set, falling back to 1 default profile: "default"
2026-10-06 12:39:22.939 INFO  [restartedMain] o.s.b.d.e.DevToolsPropertyDefaultsPostProcessor - Devtools property defaults active! Set 'spring.devtools.add-properties' to 'false' to disable
2026-10-06 12:39:22.940 INFO  [restartedMain] o.s.b.d.e.DevToolsPropertyDefaultsPostProcessor - For additional web related logging consider setting the 'logging.level.web' property to 'DEBUG'
2026-10-06 12:39:24.302 INFO  [restartedMain] o.s.d.r.c.RepositoryConfigurationDelegate - Bootstrapping Spring Data JPA repositories in DEFAULT mode.
2026-10-06 12:39:24.391 INFO  [restartedMain] o.s.d.r.c.RepositoryConfigurationDelegate - Finished Spring Data repository scanning in 74 ms. Found 5 JPA repository interfaces.
2026-10-06 12:39:25.563 INFO  [restartedMain] o.s.boot.tomcat.TomcatWebServer - Tomcat initialized with port 8081 (http)
2026-10-06 12:39:25.587 INFO  [restartedMain] o.a.catalina.core.StandardService - Starting service [Tomcat]
2026-10-06 12:39:25.587 INFO  [restartedMain] o.a.catalina.core.StandardEngine - Starting Servlet engine: [Apache Tomcat/11.0.24]
2026-10-06 12:39:25.658 INFO  [restartedMain] o.s.b.w.c.s.WebApplicationContextInitializer - Root WebApplicationContext: initialization completed in 2717 ms
2026-10-06 12:39:25.871 INFO  [restartedMain] com.zaxxer.hikari.HikariDataSource - HikariPool-1 - Starting...
2026-10-06 12:39:26.717 INFO  [restartedMain] com.zaxxer.hikari.pool.HikariPool - HikariPool-1 - Added connection org.postgresql.jdbc.PgConnection@23587659
2026-10-06 12:39:26.719 INFO  [restartedMain] com.zaxxer.hikari.HikariDataSource - HikariPool-1 - Start completed.
2026-10-06 12:39:27.100 INFO  [restartedMain] liquibase.database - Set default schema name to public
2026-10-06 12:39:28.565 INFO  [restartedMain] liquibase.changelog - Reading from public.databasechangelog
2026-10-06 12:39:29.021 INFO  [restartedMain] liquibase.ui - Database is up to date, no changesets to execute
2026-10-06 12:39:29.053 INFO  [restartedMain] liquibase.changelog - Reading from public.databasechangelog
2026-10-06 12:39:29.099 INFO  [restartedMain] liquibase.util - UPDATE SUMMARY
2026-10-06 12:39:29.100 INFO  [restartedMain] liquibase.util - Run:                          0
2026-10-06 12:39:29.100 INFO  [restartedMain] liquibase.util - Previously run:              13
2026-10-06 12:39:29.100 INFO  [restartedMain] liquibase.util - Filtered out:                 0
2026-10-06 12:39:29.100 INFO  [restartedMain] liquibase.util - -------------------------------
2026-10-06 12:39:29.101 INFO  [restartedMain] liquibase.util - Total change sets:           13
2026-10-06 12:39:29.102 INFO  [restartedMain] liquibase.util - Update summary generated
2026-10-06 12:39:29.103 INFO  [restartedMain] liquibase.command - Command execution complete
2026-10-06 12:39:29.271 INFO  [restartedMain] org.hibernate.orm.jpa - HHH008540: Processing PersistenceUnitInfo [name: default]
2026-10-06 12:39:29.374 INFO  [restartedMain] org.hibernate.orm.core - HHH000001: Hibernate ORM core version 7.4.5.Final
2026-10-06 12:39:30.037 INFO  [restartedMain] o.s.o.j.p.SpringPersistenceUnitInfo - No LoadTimeWeaver setup: ignoring JPA class transformer
2026-10-06 12:39:30.311 INFO  [restartedMain] o.hibernate.orm.connections.pooling - HHH10001005: Database info:
	Database JDBC URL [jdbc:postgresql://aws-0-sa-east-1.pooler.supabase.com:5432/postgres]
	Database driver: PostgreSQL JDBC Driver
	Database dialect: PostgreSQLDialect
	Database version: 17.6
	Default catalog/schema: postgres/public
	Autocommit mode: undefined/unknown
	Isolation level: READ_COMMITTED [default READ_COMMITTED]
	JDBC fetch size: none
	Pool: DataSourceConnectionProvider
	Minimum pool size: undefined/unknown
	Maximum pool size: undefined/unknown
2026-10-06 12:39:31.965 INFO  [restartedMain] org.hibernate.orm.core - HHH000489: No JTA platform available (set 'hibernate.transaction.jta.platform' to enable JTA platform integration)
2026-10-06 12:39:31.982 INFO  [restartedMain] o.s.o.j.LocalContainerEntityManagerFactoryBean - Initialized JPA EntityManagerFactory for persistence unit 'default'
2026-10-06 12:39:32.107 INFO  [restartedMain] o.s.d.j.r.q.QueryEnhancerFactories - Hibernate is in classpath; If applicable, HQL parser will be used.
2026-10-06 12:39:33.717 WARN  [restartedMain] o.s.b.s.a.UserDetailsServiceAutoConfiguration - 

Using generated security password: 20878841-d0eb-4492-a87a-160efbae96eb

This generated password is for development use only. Your security configuration must be updated before running your application in production.

2026-10-06 12:39:33.727 INFO  [restartedMain] o.s.s.c.a.a.c.InitializeUserDetailsBeanManagerConfigurer$InitializeUserDetailsManagerConfigurer - Global AuthenticationManager configured with UserDetailsService bean with name inMemoryUserDetailsManager
2026-10-06 12:39:34.529 INFO  [restartedMain] o.s.boot.tomcat.TomcatWebServer - Tomcat started on port 8081 (http) with context path '/'
2026-10-06 12:39:34.536 INFO  [restartedMain] p.c.m.Ms1LvcCatalogoApplication - Started Ms1LvcCatalogoApplication in 12.686 seconds (process running for 14.692)
2026-10-06 12:40:21.757 INFO  [http-nio-8081-exec-2] o.a.c.c.C.[Tomcat].[localhost].[/] - Initializing Spring DispatcherServlet 'dispatcherServlet'
2026-10-06 12:40:21.757 INFO  [http-nio-8081-exec-2] o.s.web.servlet.DispatcherServlet - Initializing Servlet 'dispatcherServlet'
2026-10-06 12:40:21.759 INFO  [http-nio-8081-exec-2] o.s.web.servlet.DispatcherServlet - Completed initialization in 2 ms
2026-10-06 12:40:22.057 INFO  [http-nio-8081-exec-2] p.c.m.Controller.ProductoController - POST /productos
2026-10-06 12:40:22.124 DEBUG [http-nio-8081-exec-2] p.c.m.Service.base.BaseServiceImpl - Creando Producto
2026-10-06 12:40:22.203 DEBUG [http-nio-8081-exec-2] org.hibernate.SQL - 
    insert 
    into
        producto
        (activo, categoria, estado_conservacion, fecha_actualizacion, fecha_creacion, id_vendedor, nombre, precio_referencia, rareza, stock, url_imagen, version) 
    values
        (?, ?, ?, ?, ?, ?, ?, ?, ?, ?, ?, ?)
2026-10-06 12:40:22.257 WARN  [http-nio-8081-exec-2] org.hibernate.orm.jdbc.error - HHH000247: ErrorCode: 0, SQLState: 23505
2026-10-06 12:40:22.257 WARN  [http-nio-8081-exec-2] org.hibernate.orm.jdbc.error - ERROR: duplicate key value violates unique constraint "producto_pkey"
  Detail: Key (id)=(4) already exists.
2026-10-06 12:40:22.309 ERROR [http-nio-8081-exec-2] p.c.m.e.GlobalExceptionHandler - Error no controlado en /productos
org.springframework.dao.DataIntegrityViolationException: could not execute statement [ERROR: duplicate key value violates unique constraint "producto_pkey"
  Detail: Key (id)=(4) already exists.] [insert into producto (activo,categoria,estado_conservacion,fecha_actualizacion,fecha_creacion,id_vendedor,nombre,precio_referencia,rareza,stock,url_imagen,version) values (?,?,?,?,?,?,?,?,?,?,?,?)]; SQL [insert into producto (activo,categoria,estado_conservacion,fecha_actualizacion,fecha_creacion,id_vendedor,nombre,precio_referencia,rareza,stock,url_imagen,version) values (?,?,?,?,?,?,?,?,?,?,?,?)]; constraint [producto_pkey]
	at org.springframework.orm.jpa.hibernate.HibernateExceptionTranslator.convertHibernateAccessException(HibernateExceptionTranslator.java:169)
	at org.springframework.orm.jpa.hibernate.HibernateExceptionTranslator.convertHibernateAccessException(HibernateExceptionTranslator.java:131)
	at org.springframework.orm.jpa.hibernate.HibernateExceptionTranslator.translateExceptionIfPossible(HibernateExceptionTranslator.java:105)
	at org.springframework.orm.jpa.vendor.HibernateJpaDialect.translateExceptionIfPossible(HibernateJpaDialect.java:223)
	at org.springframework.orm.jpa.AbstractEntityManagerFactoryBean.translateExceptionIfPossible(AbstractEntityManagerFactoryBean.java:577)
	at org.springframework.dao.support.ChainedPersistenceExceptionTranslator.translateExceptionIfPossible(ChainedPersistenceExceptionTranslator.java:61)
	at org.springframework.dao.support.DataAccessUtils.translateIfNecessary(DataAccessUtils.java:346)
	at org.springframework.dao.support.PersistenceExceptionTranslationInterceptor.invoke(PersistenceExceptionTranslationInterceptor.java:157)
	at org.springframework.aop.framework.ReflectiveMethodInvocation.proceed(ReflectiveMethodInvocation.java:179)
	at org.springframework.data.jpa.repository.support.CrudMethodMetadataPostProcessor$CrudMethodMetadataPopulatingMethodInterceptor.invoke(CrudMethodMetadataPostProcessor.java:166)
	at org.springframework.aop.framework.ReflectiveMethodInvocation.proceed(ReflectiveMethodInvocation.java:179)
	at org.springframework.aop.framework.JdkDynamicAopProxy.invoke(JdkDynamicAopProxy.java:222)
	at jdk.proxy4/jdk.proxy4.$Proxy159.save(Unknown Source)
	at py.com.ms1lvccatalogo.Service.base.BaseServiceImpl.crear(BaseServiceImpl.java:34)
	at java.base/jdk.internal.reflect.DirectMethodHandleAccessor.invoke(DirectMethodHandleAccessor.java:104)
	at java.base/java.lang.reflect.Method.invoke(Method.java:565)
	at org.springframework.aop.support.AopUtils.invokeJoinpointUsingReflection(AopUtils.java:359)
	at org.springframework.aop.framework.ReflectiveMethodInvocation.invokeJoinpoint(ReflectiveMethodInvocation.java:190)
	at org.springframework.aop.framework.ReflectiveMethodInvocation.proceed(ReflectiveMethodInvocation.java:158)
	at org.springframework.transaction.interceptor.TransactionInterceptor$1.proceedWithInvocation(TransactionInterceptor.java:133)
	at org.springframework.transaction.interceptor.TransactionAspectSupport.invokeWithinTransaction(TransactionAspectSupport.java:371)
	at org.springframework.transaction.interceptor.TransactionInterceptor.invoke(TransactionInterceptor.java:130)
	at org.springframework.aop.framework.ReflectiveMethodInvocation.proceed(ReflectiveMethodInvocation.java:179)
	at org.springframework.aop.framework.CglibAopProxy$DynamicAdvisedInterceptor.intercept(CglibAopProxy.java:719)
	at py.com.ms1lvccatalogo.Service.producto.ProductoServiceImpl$$SpringCGLIB$$0.crear(<generated>)
	at py.com.ms1lvccatalogo.Controller.ProductoController.crear(ProductoController.java:29)
	at java.base/jdk.internal.reflect.DirectMethodHandleAccessor.invoke(DirectMethodHandleAccessor.java:104)
	at java.base/java.lang.reflect.Method.invoke(Method.java:565)
	at org.springframework.web.method.support.InvocableHandlerMethod.doInvoke(InvocableHandlerMethod.java:252)
	at org.springframework.web.method.support.InvocableHandlerMethod.invokeForRequest(InvocableHandlerMethod.java:184)
	at org.springframework.web.servlet.mvc.method.annotation.ServletInvocableHandlerMethod.invokeAndHandle(ServletInvocableHandlerMethod.java:117)
	at org.springframework.web.servlet.mvc.method.annotation.RequestMappingHandlerAdapter.invokeHandlerMethod(RequestMappingHandlerAdapter.java:934)
	at org.springframework.web.servlet.mvc.method.annotation.RequestMappingHandlerAdapter.handleInternal(RequestMappingHandlerAdapter.java:853)
	at org.springframework.web.servlet.mvc.method.AbstractHandlerMethodAdapter.handle(AbstractHandlerMethodAdapter.java:86)
	at org.springframework.web.servlet.DispatcherServlet.doDispatch(DispatcherServlet.java:963)
	at org.springframework.web.servlet.DispatcherServlet.doService(DispatcherServlet.java:866)
	at org.springframework.web.servlet.FrameworkServlet.processRequest(FrameworkServlet.java:1000)
	at org.springframework.web.servlet.FrameworkServlet.doPost(FrameworkServlet.java:903)
	at jakarta.servlet.http.HttpServlet.service(HttpServlet.java:649)
	at org.springframework.web.servlet.FrameworkServlet.service(FrameworkServlet.java:874)
	at jakarta.servlet.http.HttpServlet.service(HttpServlet.java:710)
	at org.apache.catalina.core.ApplicationFilterChain.doFilter(ApplicationFilterChain.java:132)
	at org.apache.tomcat.websocket.server.WsFilter.doFilter(WsFilter.java:59)
	at org.apache.catalina.core.ApplicationFilterChain.doFilter(ApplicationFilterChain.java:111)
	at org.springframework.web.filter.CompositeFilter$VirtualFilterChain.doFilter(CompositeFilter.java:108)
	at org.springframework.security.web.FilterChainProxy.lambda$doFilterInternal$2(FilterChainProxy.java:235)
	at org.springframework.security.web.FilterChainProxy$VirtualFilterChain.doFilter(FilterChainProxy.java:376)
	at org.springframework.security.web.access.intercept.AuthorizationFilter.doFilter(AuthorizationFilter.java:101)
	at org.springframework.security.web.FilterChainProxy$VirtualFilterChain.doFilter(FilterChainProxy.java:385)
	at org.springframework.security.web.access.ExceptionTranslationFilter.doFilter(ExceptionTranslationFilter.java:126)
	at org.springframework.security.web.access.ExceptionTranslationFilter.doFilter(ExceptionTranslationFilter.java:120)
	at org.springframework.security.web.FilterChainProxy$VirtualFilterChain.doFilter(FilterChainProxy.java:385)
	at org.springframework.security.web.authentication.AnonymousAuthenticationFilter.doFilter(AnonymousAuthenticationFilter.java:100)
	at org.springframework.security.web.FilterChainProxy$VirtualFilterChain.doFilter(FilterChainProxy.java:385)
	at org.springframework.security.web.servletapi.SecurityContextHolderAwareRequestFilter.doFilter(SecurityContextHolderAwareRequestFilter.java:181)
	at org.springframework.security.web.FilterChainProxy$VirtualFilterChain.doFilter(FilterChainProxy.java:385)
	at org.springframework.security.web.savedrequest.RequestCacheAwareFilter.doFilter(RequestCacheAwareFilter.java:63)
	at org.springframework.security.web.FilterChainProxy$VirtualFilterChain.doFilter(FilterChainProxy.java:385)
	at org.springframework.security.web.authentication.logout.LogoutFilter.doFilter(LogoutFilter.java:110)
	at org.springframework.security.web.authentication.logout.LogoutFilter.doFilter(LogoutFilter.java:96)
	at org.springframework.security.web.FilterChainProxy$VirtualFilterChain.doFilter(FilterChainProxy.java:385)
	at org.springframework.security.web.header.HeaderWriterFilter.doHeadersAfter(HeaderWriterFilter.java:90)
	at org.springframework.security.web.header.HeaderWriterFilter.doFilterInternal(HeaderWriterFilter.java:75)
	at org.springframework.web.filter.OncePerRequestFilter.doFilter(OncePerRequestFilter.java:116)
	at org.springframework.security.web.FilterChainProxy$VirtualFilterChain.doFilter(FilterChainProxy.java:385)
	at org.springframework.security.web.context.SecurityContextHolderFilter.doFilter(SecurityContextHolderFilter.java:82)
	at org.springframework.security.web.context.SecurityContextHolderFilter.doFilter(SecurityContextHolderFilter.java:69)
	at org.springframework.security.web.FilterChainProxy$VirtualFilterChain.doFilter(FilterChainProxy.java:385)
	at org.springframework.security.web.context.request.async.WebAsyncManagerIntegrationFilter.doFilterInternal(WebAsyncManagerIntegrationFilter.java:62)
	at org.springframework.web.filter.OncePerRequestFilter.doFilter(OncePerRequestFilter.java:116)
	at org.springframework.security.web.FilterChainProxy$VirtualFilterChain.doFilter(FilterChainProxy.java:385)
	at org.springframework.security.web.session.DisableEncodeUrlFilter.doFilterInternal(DisableEncodeUrlFilter.java:42)
	at org.springframework.web.filter.OncePerRequestFilter.doFilter(OncePerRequestFilter.java:116)
	at org.springframework.security.web.FilterChainProxy$VirtualFilterChain.doFilter(FilterChainProxy.java:385)
	at org.springframework.security.web.FilterChainProxy.doFilterInternal(FilterChainProxy.java:237)
	at org.springframework.security.web.FilterChainProxy.doFilter(FilterChainProxy.java:195)
	at org.springframework.web.filter.CompositeFilter$VirtualFilterChain.doFilter(CompositeFilter.java:113)
	at org.springframework.web.filter.ServletRequestPathFilter.doFilter(ServletRequestPathFilter.java:52)
	at org.springframework.web.filter.CompositeFilter$VirtualFilterChain.doFilter(CompositeFilter.java:113)
	at org.springframework.web.filter.CompositeFilter.doFilter(CompositeFilter.java:74)
	at org.springframework.security.config.annotation.web.configuration.WebSecurityConfiguration$CompositeFilterChainProxy.doFilter(WebSecurityConfiguration.java:317)
	at org.springframework.web.filter.DelegatingFilterProxy.invokeDelegate(DelegatingFilterProxy.java:355)
	at org.springframework.web.filter.DelegatingFilterProxy.doFilter(DelegatingFilterProxy.java:272)
	at org.apache.catalina.core.ApplicationFilterChain.doFilter(ApplicationFilterChain.java:111)
	at org.springframework.web.filter.RequestContextFilter.doFilterInternal(RequestContextFilter.java:100)
	at org.springframework.web.filter.OncePerRequestFilter.doFilter(OncePerRequestFilter.java:116)
	at org.apache.catalina.core.ApplicationFilterChain.doFilter(ApplicationFilterChain.java:111)
	at org.springframework.web.filter.FormContentFilter.doFilterInternal(FormContentFilter.java:93)
	at org.springframework.web.filter.OncePerRequestFilter.doFilter(OncePerRequestFilter.java:116)
	at org.apache.catalina.core.ApplicationFilterChain.doFilter(ApplicationFilterChain.java:111)
	at org.springframework.web.filter.CharacterEncodingFilter.doFilterInternal(CharacterEncodingFilter.java:199)
	at org.springframework.web.filter.OncePerRequestFilter.doFilter(OncePerRequestFilter.java:116)
	at org.apache.catalina.core.ApplicationFilterChain.doFilter(ApplicationFilterChain.java:111)
	at org.apache.catalina.core.StandardWrapperValve.invoke(StandardWrapperValve.java:165)
	at org.apache.catalina.core.StandardContextValve.invoke(StandardContextValve.java:77)
	at org.apache.catalina.authenticator.AuthenticatorBase.invoke(AuthenticatorBase.java:535)
	at org.apache.catalina.core.StandardHostValve.invoke(StandardHostValve.java:115)
	at org.apache.catalina.valves.ErrorReportValve.invoke(ErrorReportValve.java:86)
	at org.apache.catalina.core.StandardEngineValve.invoke(StandardEngineValve.java:71)
	at org.apache.catalina.connector.CoyoteAdapter.service(CoyoteAdapter.java:347)
	at org.apache.coyote.http11.Http11Processor.service(Http11Processor.java:406)
	at org.apache.coyote.AbstractProcessorLight.process(AbstractProcessorLight.java:71)
	at org.apache.coyote.AbstractProtocol$ConnectionHandler.process(AbstractProtocol.java:1307)
	at org.apache.tomcat.util.net.NioEndpoint$SocketProcessor.doRun(NioEndpoint.java:2036)
	at org.apache.tomcat.util.net.SocketProcessorBase.run(SocketProcessorBase.java:74)
	at org.apache.tomcat.util.threads.ThreadPoolExecutor.runWorker(ThreadPoolExecutor.java:949)
	at org.apache.tomcat.util.threads.ThreadPoolExecutor$Worker.run(ThreadPoolExecutor.java:483)
	at org.apache.tomcat.util.threads.TaskThread$WrappingRunnable.run(TaskThread.java:74)
	at java.base/java.lang.Thread.run(Thread.java:1474)
Caused by: org.hibernate.exception.ConstraintViolationException: could not execute statement [ERROR: duplicate key value violates unique constraint "producto_pkey"
  Detail: Key (id)=(4) already exists.] [insert into producto (activo,categoria,estado_conservacion,fecha_actualizacion,fecha_creacion,id_vendedor,nombre,precio_referencia,rareza,stock,url_imagen,version) values (?,?,?,?,?,?,?,?,?,?,?,?)]
	at org.hibernate.exception.internal.SQLStateConversionDelegate.convert(SQLStateConversionDelegate.java:73)
	at org.hibernate.exception.internal.StandardSQLExceptionConverter.convert(StandardSQLExceptionConverter.java:34)
	at org.hibernate.engine.jdbc.spi.SqlExceptionHelper.convert(SqlExceptionHelper.java:115)
	at org.hibernate.engine.jdbc.internal.ResultSetReturnImpl.executeUpdate(ResultSetReturnImpl.java:189)
	at org.hibernate.id.insert.GetGeneratedKeysDelegate.performMutation(GetGeneratedKeysDelegate.java:96)
	at org.hibernate.engine.jdbc.mutation.internal.MutationExecutorSingleNonBatched.performNonBatchedOperations(MutationExecutorSingleNonBatched.java:45)
	at org.hibernate.engine.jdbc.mutation.internal.AbstractMutationExecutor.execute(AbstractMutationExecutor.java:65)
	at org.hibernate.engine.jdbc.mutation.internal.AbstractMutationExecutor.execute(AbstractMutationExecutor.java:54)
	at org.hibernate.persister.entity.mutation.InsertCoordinatorStandard.doStaticInserts(InsertCoordinatorStandard.java:183)
	at org.hibernate.persister.entity.mutation.InsertCoordinatorStandard.coordinateInsert(InsertCoordinatorStandard.java:123)
	at org.hibernate.persister.entity.mutation.InsertCoordinatorStandard.insert(InsertCoordinatorStandard.java:87)
	at org.hibernate.action.internal.EntityIdentityInsertAction.execute(EntityIdentityInsertAction.java:87)
	at org.hibernate.engine.spi.ActionQueue.execute(ActionQueue.java:667)
	at org.hibernate.engine.spi.ActionQueue.addResolvedEntityInsertAction(ActionQueue.java:291)
	at org.hibernate.engine.spi.ActionQueue.addInsertAction(ActionQueue.java:270)
	at org.hibernate.engine.spi.ActionQueue.addAction(ActionQueue.java:322)
	at org.hibernate.event.internal.AbstractSaveEventListener.addInsertAction(AbstractSaveEventListener.java:384)
	at org.hibernate.event.internal.AbstractSaveEventListener.performSaveOrReplicate(AbstractSaveEventListener.java:298)
	at org.hibernate.event.internal.AbstractSaveEventListener.performSave(AbstractSaveEventListener.java:228)
	at org.hibernate.event.internal.AbstractSaveEventListener.saveWithGeneratedId(AbstractSaveEventListener.java:144)
	at org.hibernate.event.internal.DefaultPersistEventListener.entityIsTransient(DefaultPersistEventListener.java:144)
	at org.hibernate.event.internal.DefaultPersistEventListener.persist(DefaultPersistEventListener.java:91)
	at org.hibernate.event.internal.DefaultPersistEventListener.onPersist(DefaultPersistEventListener.java:75)
	at org.hibernate.event.internal.DefaultPersistEventListener.onPersist(DefaultPersistEventListener.java:51)
	at org.hibernate.event.service.internal.EventListenerGroupImpl.fireEventOnEachListener(EventListenerGroupImpl.java:138)
	at org.hibernate.internal.SessionImpl.firePersist(SessionImpl.java:709)
	at org.hibernate.internal.SessionImpl.persist(SessionImpl.java:692)
	at java.base/jdk.internal.reflect.DirectMethodHandleAccessor.invoke(DirectMethodHandleAccessor.java:104)
	at java.base/java.lang.reflect.Method.invoke(Method.java:565)
	at org.springframework.orm.jpa.SharedEntityManagerCreator$SharedEntityHandlerInvocationHandler.invokeMethod(SharedEntityManagerCreator.java:239)
	at org.springframework.orm.jpa.SharedEntityManagerCreator$SharedEntityManagerInvocationHandler.invoke(SharedEntityManagerCreator.java:392)
	at jdk.proxy4/jdk.proxy4.$Proxy146.persist(Unknown Source)
	at org.springframework.data.jpa.repository.support.SimpleJpaRepository.save(SimpleJpaRepository.java:664)
	at java.base/jdk.internal.reflect.DirectMethodHandleAccessor.invoke(DirectMethodHandleAccessor.java:104)
	at java.base/java.lang.reflect.Method.invoke(Method.java:565)
	at org.springframework.aop.support.AopUtils.invokeJoinpointUsingReflection(AopUtils.java:359)
	at org.springframework.data.repository.core.support.RepositoryMethodInvoker$RepositoryFragmentMethodInvoker.lambda$new$0(RepositoryMethodInvoker.java:278)
	at org.springframework.data.repository.core.support.RepositoryMethodInvoker.doInvoke(RepositoryMethodInvoker.java:169)
	at org.springframework.data.repository.core.support.RepositoryMethodInvoker.invoke(RepositoryMethodInvoker.java:158)
	at org.springframework.data.repository.core.support.RepositoryComposition$RepositoryFragments.invoke(RepositoryComposition.java:545)
	at org.springframework.data.repository.core.support.RepositoryComposition.invoke(RepositoryComposition.java:290)
	at org.springframework.data.repository.core.support.RepositoryFactorySupport$ImplementationMethodExecutionInterceptor.invoke(RepositoryFactorySupport.java:690)
	at org.springframework.aop.framework.ReflectiveMethodInvocation.proceed(ReflectiveMethodInvocation.java:179)
	at org.springframework.data.repository.core.support.QueryExecutorMethodInterceptor.doInvoke(QueryExecutorMethodInterceptor.java:171)
	at org.springframework.data.repository.core.support.QueryExecutorMethodInterceptor.invoke(QueryExecutorMethodInterceptor.java:146)
	at org.springframework.aop.framework.ReflectiveMethodInvocation.proceed(ReflectiveMethodInvocation.java:179)
	at org.springframework.data.projection.DefaultMethodInvokingMethodInterceptor.invoke(DefaultMethodInvokingMethodInterceptor.java:69)
	at org.springframework.aop.framework.ReflectiveMethodInvocation.proceed(ReflectiveMethodInvocation.java:179)
	at org.springframework.transaction.interceptor.TransactionInterceptor$1.proceedWithInvocation(TransactionInterceptor.java:133)
	at org.springframework.transaction.interceptor.TransactionAspectSupport.invokeWithinTransaction(TransactionAspectSupport.java:371)
	at org.springframework.transaction.interceptor.TransactionInterceptor.invoke(TransactionInterceptor.java:130)
	at org.springframework.aop.framework.ReflectiveMethodInvocation.proceed(ReflectiveMethodInvocation.java:179)
	at org.springframework.dao.support.PersistenceExceptionTranslationInterceptor.invoke(PersistenceExceptionTranslationInterceptor.java:135)
	... 101 common frames omitted
Caused by: org.postgresql.util.PSQLException: ERROR: duplicate key value violates unique constraint "producto_pkey"
  Detail: Key (id)=(4) already exists.
	at org.postgresql.core.v3.QueryExecutorImpl.receiveErrorResponse(QueryExecutorImpl.java:2993)
	at org.postgresql.core.v3.QueryExecutorImpl.processResults(QueryExecutorImpl.java:2656)
	at org.postgresql.core.v3.QueryExecutorImpl.execute(QueryExecutorImpl.java:446)
	at org.postgresql.jdbc.PgStatement.executeInternal(PgStatement.java:533)
	at org.postgresql.jdbc.PgStatement.execute(PgStatement.java:449)
	at org.postgresql.jdbc.PgPreparedStatement.executeWithFlags(PgPreparedStatement.java:197)
	at org.postgresql.jdbc.PgPreparedStatement.executeUpdate(PgPreparedStatement.java:158)
	at com.zaxxer.hikari.pool.ProxyPreparedStatement.executeUpdate(ProxyPreparedStatement.java:61)
	at com.zaxxer.hikari.pool.HikariProxyPreparedStatement.executeUpdate(HikariProxyPreparedStatement.java)
	at org.hibernate.engine.jdbc.internal.ResultSetReturnImpl.executeUpdate(ResultSetReturnImpl.java:185)
	... 150 common frames omitted
2026-10-06 12:40:22.632 WARN  [http-nio-8081-exec-2] o.s.w.s.m.m.a.ExceptionHandlerExceptionResolver - Resolved [org.springframework.dao.DataIntegrityViolationException: could not execute statement [ERROR: duplicate key value violates unique constraint "producto_pkey"<EOL>  Detail: Key (id)=(4) already exists.] [insert into producto (activo,categoria,estado_conservacion,fecha_actualizacion,fecha_creacion,id_vendedor,nombre,precio_referencia,rareza,stock,url_imagen,version) values (?,?,?,?,?,?,?,?,?,?,?,?)]; SQL [insert into producto (activo,categoria,estado_conservacion,fecha_actualizacion,fecha_creacion,id_vendedor,nombre,precio_referencia,rareza,stock,url_imagen,version) values (?,?,?,?,?,?,?,?,?,?,?,?)]; constraint [producto_pkey]]
2026-10-06 12:40:22.839 ERROR [http-nio-8081-exec-5] p.c.m.e.GlobalExceptionHandler - Error no controlado en /productos/null
org.springframework.web.method.annotation.MethodArgumentTypeMismatchException: Method parameter 'id': Failed to convert value of type 'java.lang.String' to required type 'java.lang.Long'; For input string: "null"
	at org.springframework.web.method.annotation.AbstractNamedValueMethodArgumentResolver.convertIfNecessary(AbstractNamedValueMethodArgumentResolver.java:295)
	at org.springframework.web.method.annotation.AbstractNamedValueMethodArgumentResolver.resolveArgument(AbstractNamedValueMethodArgumentResolver.java:134)
	at org.springframework.web.method.support.HandlerMethodArgumentResolverComposite.resolveArgument(HandlerMethodArgumentResolverComposite.java:122)
	at org.springframework.web.method.support.InvocableHandlerMethod.getMethodArgumentValues(InvocableHandlerMethod.java:224)
	at org.springframework.web.method.support.InvocableHandlerMethod.invokeForRequest(InvocableHandlerMethod.java:174)
	at org.springframework.web.servlet.mvc.method.annotation.ServletInvocableHandlerMethod.invokeAndHandle(ServletInvocableHandlerMethod.java:117)
	at org.springframework.web.servlet.mvc.method.annotation.RequestMappingHandlerAdapter.invokeHandlerMethod(RequestMappingHandlerAdapter.java:934)
	at org.springframework.web.servlet.mvc.method.annotation.RequestMappingHandlerAdapter.handleInternal(RequestMappingHandlerAdapter.java:853)
	at org.springframework.web.servlet.mvc.method.AbstractHandlerMethodAdapter.handle(AbstractHandlerMethodAdapter.java:86)
	at org.springframework.web.servlet.DispatcherServlet.doDispatch(DispatcherServlet.java:963)
	at org.springframework.web.servlet.DispatcherServlet.doService(DispatcherServlet.java:866)
	at org.springframework.web.servlet.FrameworkServlet.processRequest(FrameworkServlet.java:1000)
	at org.springframework.web.servlet.FrameworkServlet.doGet(FrameworkServlet.java:892)
	at jakarta.servlet.http.HttpServlet.service(HttpServlet.java:622)
	at org.springframework.web.servlet.FrameworkServlet.service(FrameworkServlet.java:874)
	at jakarta.servlet.http.HttpServlet.service(HttpServlet.java:710)
	at org.apache.catalina.core.ApplicationFilterChain.doFilter(ApplicationFilterChain.java:132)
	at org.apache.tomcat.websocket.server.WsFilter.doFilter(WsFilter.java:59)
	at org.apache.catalina.core.ApplicationFilterChain.doFilter(ApplicationFilterChain.java:111)
	at org.springframework.web.filter.CompositeFilter$VirtualFilterChain.doFilter(CompositeFilter.java:108)
	at org.springframework.security.web.FilterChainProxy.lambda$doFilterInternal$2(FilterChainProxy.java:235)
	at org.springframework.security.web.FilterChainProxy$VirtualFilterChain.doFilter(FilterChainProxy.java:376)
	at org.springframework.security.web.access.intercept.AuthorizationFilter.doFilter(AuthorizationFilter.java:101)
	at org.springframework.security.web.FilterChainProxy$VirtualFilterChain.doFilter(FilterChainProxy.java:385)
	at org.springframework.security.web.access.ExceptionTranslationFilter.doFilter(ExceptionTranslationFilter.java:126)
	at org.springframework.security.web.access.ExceptionTranslationFilter.doFilter(ExceptionTranslationFilter.java:120)
	at org.springframework.security.web.FilterChainProxy$VirtualFilterChain.doFilter(FilterChainProxy.java:385)
	at org.springframework.security.web.authentication.AnonymousAuthenticationFilter.doFilter(AnonymousAuthenticationFilter.java:100)
	at org.springframework.security.web.FilterChainProxy$VirtualFilterChain.doFilter(FilterChainProxy.java:385)
	at org.springframework.security.web.servletapi.SecurityContextHolderAwareRequestFilter.doFilter(SecurityContextHolderAwareRequestFilter.java:181)
	at org.springframework.security.web.FilterChainProxy$VirtualFilterChain.doFilter(FilterChainProxy.java:385)
	at org.springframework.security.web.savedrequest.RequestCacheAwareFilter.doFilter(RequestCacheAwareFilter.java:63)
	at org.springframework.security.web.FilterChainProxy$VirtualFilterChain.doFilter(FilterChainProxy.java:385)
	at org.springframework.security.web.authentication.logout.LogoutFilter.doFilter(LogoutFilter.java:110)
	at org.springframework.security.web.authentication.logout.LogoutFilter.doFilter(LogoutFilter.java:96)
	at org.springframework.security.web.FilterChainProxy$VirtualFilterChain.doFilter(FilterChainProxy.java:385)
	at org.springframework.security.web.header.HeaderWriterFilter.doHeadersAfter(HeaderWriterFilter.java:90)
	at org.springframework.security.web.header.HeaderWriterFilter.doFilterInternal(HeaderWriterFilter.java:75)
	at org.springframework.web.filter.OncePerRequestFilter.doFilter(OncePerRequestFilter.java:116)
	at org.springframework.security.web.FilterChainProxy$VirtualFilterChain.doFilter(FilterChainProxy.java:385)
	at org.springframework.security.web.context.SecurityContextHolderFilter.doFilter(SecurityContextHolderFilter.java:82)
	at org.springframework.security.web.context.SecurityContextHolderFilter.doFilter(SecurityContextHolderFilter.java:69)
	at org.springframework.security.web.FilterChainProxy$VirtualFilterChain.doFilter(FilterChainProxy.java:385)
	at org.springframework.security.web.context.request.async.WebAsyncManagerIntegrationFilter.doFilterInternal(WebAsyncManagerIntegrationFilter.java:62)
	at org.springframework.web.filter.OncePerRequestFilter.doFilter(OncePerRequestFilter.java:116)
	at org.springframework.security.web.FilterChainProxy$VirtualFilterChain.doFilter(FilterChainProxy.java:385)
	at org.springframework.security.web.session.DisableEncodeUrlFilter.doFilterInternal(DisableEncodeUrlFilter.java:42)
	at org.springframework.web.filter.OncePerRequestFilter.doFilter(OncePerRequestFilter.java:116)
	at org.springframework.security.web.FilterChainProxy$VirtualFilterChain.doFilter(FilterChainProxy.java:385)
	at org.springframework.security.web.FilterChainProxy.doFilterInternal(FilterChainProxy.java:237)
	at org.springframework.security.web.FilterChainProxy.doFilter(FilterChainProxy.java:195)
	at org.springframework.web.filter.CompositeFilter$VirtualFilterChain.doFilter(CompositeFilter.java:113)
	at org.springframework.web.filter.ServletRequestPathFilter.doFilter(ServletRequestPathFilter.java:52)
	at org.springframework.web.filter.CompositeFilter$VirtualFilterChain.doFilter(CompositeFilter.java:113)
	at org.springframework.web.filter.CompositeFilter.doFilter(CompositeFilter.java:74)
	at org.springframework.security.config.annotation.web.configuration.WebSecurityConfiguration$CompositeFilterChainProxy.doFilter(WebSecurityConfiguration.java:317)
	at org.springframework.web.filter.DelegatingFilterProxy.invokeDelegate(DelegatingFilterProxy.java:355)
	at org.springframework.web.filter.DelegatingFilterProxy.doFilter(DelegatingFilterProxy.java:272)
	at org.apache.catalina.core.ApplicationFilterChain.doFilter(ApplicationFilterChain.java:111)
	at org.springframework.web.filter.RequestContextFilter.doFilterInternal(RequestContextFilter.java:100)
	at org.springframework.web.filter.OncePerRequestFilter.doFilter(OncePerRequestFilter.java:116)
	at org.apache.catalina.core.ApplicationFilterChain.doFilter(ApplicationFilterChain.java:111)
	at org.springframework.web.filter.FormContentFilter.doFilterInternal(FormContentFilter.java:93)
	at org.springframework.web.filter.OncePerRequestFilter.doFilter(OncePerRequestFilter.java:116)
	at org.apache.catalina.core.ApplicationFilterChain.doFilter(ApplicationFilterChain.java:111)
	at org.springframework.web.filter.CharacterEncodingFilter.doFilterInternal(CharacterEncodingFilter.java:199)
	at org.springframework.web.filter.OncePerRequestFilter.doFilter(OncePerRequestFilter.java:116)
	at org.apache.catalina.core.ApplicationFilterChain.doFilter(ApplicationFilterChain.java:111)
	at org.apache.catalina.core.StandardWrapperValve.invoke(StandardWrapperValve.java:165)
	at org.apache.catalina.core.StandardContextValve.invoke(StandardContextValve.java:77)
	at org.apache.catalina.authenticator.AuthenticatorBase.invoke(AuthenticatorBase.java:535)
	at org.apache.catalina.core.StandardHostValve.invoke(StandardHostValve.java:115)
	at org.apache.catalina.valves.ErrorReportValve.invoke(ErrorReportValve.java:86)
	at org.apache.catalina.core.StandardEngineValve.invoke(StandardEngineValve.java:71)
	at org.apache.catalina.connector.CoyoteAdapter.service(CoyoteAdapter.java:347)
	at org.apache.coyote.http11.Http11Processor.service(Http11Processor.java:406)
	at org.apache.coyote.AbstractProcessorLight.process(AbstractProcessorLight.java:71)
	at org.apache.coyote.AbstractProtocol$ConnectionHandler.process(AbstractProtocol.java:1307)
	at org.apache.tomcat.util.net.NioEndpoint$SocketProcessor.doRun(NioEndpoint.java:2036)
	at org.apache.tomcat.util.net.SocketProcessorBase.run(SocketProcessorBase.java:74)
	at org.apache.tomcat.util.threads.ThreadPoolExecutor.runWorker(ThreadPoolExecutor.java:949)
	at org.apache.tomcat.util.threads.ThreadPoolExecutor$Worker.run(ThreadPoolExecutor.java:483)
	at org.apache.tomcat.util.threads.TaskThread$WrappingRunnable.run(TaskThread.java:74)
	at java.base/java.lang.Thread.run(Thread.java:1474)
Caused by: java.lang.NumberFormatException: For input string: "null"
	at java.base/java.lang.NumberFormatException.forInputString(NumberFormatException.java:67)
	at java.base/java.lang.Long.parseLong(Long.java:594)
	at java.base/java.lang.Long.valueOf(Long.java:950)
	at org.springframework.util.NumberUtils.parseNumber(NumberUtils.java:204)
	at org.springframework.beans.propertyeditors.CustomNumberEditor.setAsText(CustomNumberEditor.java:115)
	at org.springframework.beans.TypeConverterDelegate.doConvertTextValue(TypeConverterDelegate.java:438)
	at org.springframework.beans.TypeConverterDelegate.doConvertValue(TypeConverterDelegate.java:411)
	at org.springframework.beans.TypeConverterDelegate.convertIfNecessary(TypeConverterDelegate.java:158)
	at org.springframework.beans.TypeConverterSupport.convertIfNecessary(TypeConverterSupport.java:75)
	at org.springframework.beans.TypeConverterSupport.convertIfNecessary(TypeConverterSupport.java:51)
	at org.springframework.validation.DataBinder.convertIfNecessary(DataBinder.java:846)
	at org.springframework.web.method.annotation.AbstractNamedValueMethodArgumentResolver.convertIfNecessary(AbstractNamedValueMethodArgumentResolver.java:287)
	... 83 common frames omitted
2026-10-06 12:40:22.851 WARN  [http-nio-8081-exec-5] o.s.w.s.m.m.a.ExceptionHandlerExceptionResolver - Resolved [org.springframework.web.method.annotation.MethodArgumentTypeMismatchException: Method parameter 'id': Failed to convert value of type 'java.lang.String' to required type 'java.lang.Long'; For input string: "null"]
2026-10-06 12:40:22.992 INFO  [http-nio-8081-exec-6] p.c.m.Controller.ProductoController - GET /productos filtro=ProductoFiltro[nombre=char, categoria=Cartas, rareza=null, idVendedor=null]
2026-10-06 12:40:23.028 DEBUG [http-nio-8081-exec-6] p.c.m.Service.base.BaseServiceImpl - Buscando Producto filtro=ProductoFiltro[nombre=char, categoria=Cartas, rareza=null, idVendedor=null]
2026-10-06 12:40:23.267 DEBUG [http-nio-8081-exec-6] org.hibernate.SQL - 
    select
        p1_0.id,
        p1_0.activo,
        p1_0.categoria,
        p1_0.estado_conservacion,
        p1_0.fecha_actualizacion,
        p1_0.fecha_creacion,
        p1_0.id_vendedor,
        p1_0.nombre,
        p1_0.precio_referencia,
        p1_0.rareza,
        p1_0.stock,
        p1_0.url_imagen,
        p1_0.version 
    from
        producto p1_0 
    where
        p1_0.activo=true 
        and (
            ? is null 
            or p1_0.id_vendedor=?
        ) 
        and (
            ? is null 
            or p1_0.categoria=?
        ) 
        and (
            ? is null 
            or p1_0.rareza=?
        ) 
        and (
            ? is null 
            or lower(p1_0.nombre) like lower(('%'||cast(? as varchar)||'%')) escape ''
        ) 
    fetch
        first ? rows only
2026-10-06 12:40:23.455 ERROR [http-nio-8081-exec-7] p.c.m.e.GlobalExceptionHandler - Error no controlado en /productos/null
org.springframework.web.method.annotation.MethodArgumentTypeMismatchException: Method parameter 'id': Failed to convert value of type 'java.lang.String' to required type 'java.lang.Long'; For input string: "null"
	at org.springframework.web.method.annotation.AbstractNamedValueMethodArgumentResolver.convertIfNecessary(AbstractNamedValueMethodArgumentResolver.java:295)
	at org.springframework.web.method.annotation.AbstractNamedValueMethodArgumentResolver.resolveArgument(AbstractNamedValueMethodArgumentResolver.java:134)
	at org.springframework.web.method.support.HandlerMethodArgumentResolverComposite.resolveArgument(HandlerMethodArgumentResolverComposite.java:122)
	at org.springframework.web.method.support.InvocableHandlerMethod.getMethodArgumentValues(InvocableHandlerMethod.java:224)
	at org.springframework.web.method.support.InvocableHandlerMethod.invokeForRequest(InvocableHandlerMethod.java:174)
	at org.springframework.web.servlet.mvc.method.annotation.ServletInvocableHandlerMethod.invokeAndHandle(ServletInvocableHandlerMethod.java:117)
	at org.springframework.web.servlet.mvc.method.annotation.RequestMappingHandlerAdapter.invokeHandlerMethod(RequestMappingHandlerAdapter.java:934)
	at org.springframework.web.servlet.mvc.method.annotation.RequestMappingHandlerAdapter.handleInternal(RequestMappingHandlerAdapter.java:853)
	at org.springframework.web.servlet.mvc.method.AbstractHandlerMethodAdapter.handle(AbstractHandlerMethodAdapter.java:86)
	at org.springframework.web.servlet.DispatcherServlet.doDispatch(DispatcherServlet.java:963)
	at org.springframework.web.servlet.DispatcherServlet.doService(DispatcherServlet.java:866)
	at org.springframework.web.servlet.FrameworkServlet.processRequest(FrameworkServlet.java:1000)
	at org.springframework.web.servlet.FrameworkServlet.doPut(FrameworkServlet.java:914)
	at jakarta.servlet.http.HttpServlet.service(HttpServlet.java:650)
	at org.springframework.web.servlet.FrameworkServlet.service(FrameworkServlet.java:874)
	at jakarta.servlet.http.HttpServlet.service(HttpServlet.java:710)
	at org.apache.catalina.core.ApplicationFilterChain.doFilter(ApplicationFilterChain.java:132)
	at org.apache.tomcat.websocket.server.WsFilter.doFilter(WsFilter.java:59)
	at org.apache.catalina.core.ApplicationFilterChain.doFilter(ApplicationFilterChain.java:111)
	at org.springframework.web.filter.CompositeFilter$VirtualFilterChain.doFilter(CompositeFilter.java:108)
	at org.springframework.security.web.FilterChainProxy.lambda$doFilterInternal$2(FilterChainProxy.java:235)
	at org.springframework.security.web.FilterChainProxy$VirtualFilterChain.doFilter(FilterChainProxy.java:376)
	at org.springframework.security.web.access.intercept.AuthorizationFilter.doFilter(AuthorizationFilter.java:101)
	at org.springframework.security.web.FilterChainProxy$VirtualFilterChain.doFilter(FilterChainProxy.java:385)
	at org.springframework.security.web.access.ExceptionTranslationFilter.doFilter(ExceptionTranslationFilter.java:126)
	at org.springframework.security.web.access.ExceptionTranslationFilter.doFilter(ExceptionTranslationFilter.java:120)
	at org.springframework.security.web.FilterChainProxy$VirtualFilterChain.doFilter(FilterChainProxy.java:385)
	at org.springframework.security.web.authentication.AnonymousAuthenticationFilter.doFilter(AnonymousAuthenticationFilter.java:100)
	at org.springframework.security.web.FilterChainProxy$VirtualFilterChain.doFilter(FilterChainProxy.java:385)
	at org.springframework.security.web.servletapi.SecurityContextHolderAwareRequestFilter.doFilter(SecurityContextHolderAwareRequestFilter.java:181)
	at org.springframework.security.web.FilterChainProxy$VirtualFilterChain.doFilter(FilterChainProxy.java:385)
	at org.springframework.security.web.savedrequest.RequestCacheAwareFilter.doFilter(RequestCacheAwareFilter.java:63)
	at org.springframework.security.web.FilterChainProxy$VirtualFilterChain.doFilter(FilterChainProxy.java:385)
	at org.springframework.security.web.authentication.logout.LogoutFilter.doFilter(LogoutFilter.java:110)
	at org.springframework.security.web.authentication.logout.LogoutFilter.doFilter(LogoutFilter.java:96)
	at org.springframework.security.web.FilterChainProxy$VirtualFilterChain.doFilter(FilterChainProxy.java:385)
	at org.springframework.security.web.header.HeaderWriterFilter.doHeadersAfter(HeaderWriterFilter.java:90)
	at org.springframework.security.web.header.HeaderWriterFilter.doFilterInternal(HeaderWriterFilter.java:75)
	at org.springframework.web.filter.OncePerRequestFilter.doFilter(OncePerRequestFilter.java:116)
	at org.springframework.security.web.FilterChainProxy$VirtualFilterChain.doFilter(FilterChainProxy.java:385)
	at org.springframework.security.web.context.SecurityContextHolderFilter.doFilter(SecurityContextHolderFilter.java:82)
	at org.springframework.security.web.context.SecurityContextHolderFilter.doFilter(SecurityContextHolderFilter.java:69)
	at org.springframework.security.web.FilterChainProxy$VirtualFilterChain.doFilter(FilterChainProxy.java:385)
	at org.springframework.security.web.context.request.async.WebAsyncManagerIntegrationFilter.doFilterInternal(WebAsyncManagerIntegrationFilter.java:62)
	at org.springframework.web.filter.OncePerRequestFilter.doFilter(OncePerRequestFilter.java:116)
	at org.springframework.security.web.FilterChainProxy$VirtualFilterChain.doFilter(FilterChainProxy.java:385)
	at org.springframework.security.web.session.DisableEncodeUrlFilter.doFilterInternal(DisableEncodeUrlFilter.java:42)
	at org.springframework.web.filter.OncePerRequestFilter.doFilter(OncePerRequestFilter.java:116)
	at org.springframework.security.web.FilterChainProxy$VirtualFilterChain.doFilter(FilterChainProxy.java:385)
	at org.springframework.security.web.FilterChainProxy.doFilterInternal(FilterChainProxy.java:237)
	at org.springframework.security.web.FilterChainProxy.doFilter(FilterChainProxy.java:195)
	at org.springframework.web.filter.CompositeFilter$VirtualFilterChain.doFilter(CompositeFilter.java:113)
	at org.springframework.web.filter.ServletRequestPathFilter.doFilter(ServletRequestPathFilter.java:52)
	at org.springframework.web.filter.CompositeFilter$VirtualFilterChain.doFilter(CompositeFilter.java:113)
	at org.springframework.web.filter.CompositeFilter.doFilter(CompositeFilter.java:74)
	at org.springframework.security.config.annotation.web.configuration.WebSecurityConfiguration$CompositeFilterChainProxy.doFilter(WebSecurityConfiguration.java:317)
	at org.springframework.web.filter.DelegatingFilterProxy.invokeDelegate(DelegatingFilterProxy.java:355)
	at org.springframework.web.filter.DelegatingFilterProxy.doFilter(DelegatingFilterProxy.java:272)
	at org.apache.catalina.core.ApplicationFilterChain.doFilter(ApplicationFilterChain.java:111)
	at org.springframework.web.filter.RequestContextFilter.doFilterInternal(RequestContextFilter.java:100)
	at org.springframework.web.filter.OncePerRequestFilter.doFilter(OncePerRequestFilter.java:116)
	at org.apache.catalina.core.ApplicationFilterChain.doFilter(ApplicationFilterChain.java:111)
	at org.springframework.web.filter.FormContentFilter.doFilterInternal(FormContentFilter.java:93)
	at org.springframework.web.filter.OncePerRequestFilter.doFilter(OncePerRequestFilter.java:116)
	at org.apache.catalina.core.ApplicationFilterChain.doFilter(ApplicationFilterChain.java:111)
	at org.springframework.web.filter.CharacterEncodingFilter.doFilterInternal(CharacterEncodingFilter.java:199)
	at org.springframework.web.filter.OncePerRequestFilter.doFilter(OncePerRequestFilter.java:116)
	at org.apache.catalina.core.ApplicationFilterChain.doFilter(ApplicationFilterChain.java:111)
	at org.apache.catalina.core.StandardWrapperValve.invoke(StandardWrapperValve.java:165)
	at org.apache.catalina.core.StandardContextValve.invoke(StandardContextValve.java:77)
	at org.apache.catalina.authenticator.AuthenticatorBase.invoke(AuthenticatorBase.java:535)
	at org.apache.catalina.core.StandardHostValve.invoke(StandardHostValve.java:115)
	at org.apache.catalina.valves.ErrorReportValve.invoke(ErrorReportValve.java:86)
	at org.apache.catalina.core.StandardEngineValve.invoke(StandardEngineValve.java:71)
	at org.apache.catalina.connector.CoyoteAdapter.service(CoyoteAdapter.java:347)
	at org.apache.coyote.http11.Http11Processor.service(Http11Processor.java:406)
	at org.apache.coyote.AbstractProcessorLight.process(AbstractProcessorLight.java:71)
	at org.apache.coyote.AbstractProtocol$ConnectionHandler.process(AbstractProtocol.java:1307)
	at org.apache.tomcat.util.net.NioEndpoint$SocketProcessor.doRun(NioEndpoint.java:2036)
	at org.apache.tomcat.util.net.SocketProcessorBase.run(SocketProcessorBase.java:74)
	at org.apache.tomcat.util.threads.ThreadPoolExecutor.runWorker(ThreadPoolExecutor.java:949)
	at org.apache.tomcat.util.threads.ThreadPoolExecutor$Worker.run(ThreadPoolExecutor.java:483)
	at org.apache.tomcat.util.threads.TaskThread$WrappingRunnable.run(TaskThread.java:74)
	at java.base/java.lang.Thread.run(Thread.java:1474)
Caused by: java.lang.NumberFormatException: For input string: "null"
	at java.base/java.lang.NumberFormatException.forInputString(NumberFormatException.java:67)
	at java.base/java.lang.Long.parseLong(Long.java:594)
	at java.base/java.lang.Long.valueOf(Long.java:950)
	at org.springframework.util.NumberUtils.parseNumber(NumberUtils.java:204)
	at org.springframework.beans.propertyeditors.CustomNumberEditor.setAsText(CustomNumberEditor.java:115)
	at org.springframework.beans.TypeConverterDelegate.doConvertTextValue(TypeConverterDelegate.java:438)
	at org.springframework.beans.TypeConverterDelegate.doConvertValue(TypeConverterDelegate.java:411)
	at org.springframework.beans.TypeConverterDelegate.convertIfNecessary(TypeConverterDelegate.java:158)
	at org.springframework.beans.TypeConverterSupport.convertIfNecessary(TypeConverterSupport.java:75)
	at org.springframework.beans.TypeConverterSupport.convertIfNecessary(TypeConverterSupport.java:51)
	at org.springframework.validation.DataBinder.convertIfNecessary(DataBinder.java:846)
	at org.springframework.web.method.annotation.AbstractNamedValueMethodArgumentResolver.convertIfNecessary(AbstractNamedValueMethodArgumentResolver.java:287)
	... 83 common frames omitted
2026-10-06 12:40:23.460 WARN  [http-nio-8081-exec-7] o.s.w.s.m.m.a.ExceptionHandlerExceptionResolver - Resolved [org.springframework.web.method.annotation.MethodArgumentTypeMismatchException: Method parameter 'id': Failed to convert value of type 'java.lang.String' to required type 'java.lang.Long'; For input string: "null"]
2026-10-06 12:40:23.519 INFO  [http-nio-8081-exec-3] p.c.m.Controller.ProductoController - POST /productos
2026-10-06 12:40:23.520 DEBUG [http-nio-8081-exec-3] p.c.m.Service.base.BaseServiceImpl - Creando Producto
2026-10-06 12:40:23.521 DEBUG [http-nio-8081-exec-3] org.hibernate.SQL - 
    insert 
    into
        producto
        (activo, categoria, estado_conservacion, fecha_actualizacion, fecha_creacion, id_vendedor, nombre, precio_referencia, rareza, stock, url_imagen, version) 
    values
        (?, ?, ?, ?, ?, ?, ?, ?, ?, ?, ?, ?)
2026-10-06 12:40:23.554 WARN  [http-nio-8081-exec-3] org.hibernate.orm.jdbc.error - HHH000247: ErrorCode: 0, SQLState: 23502
2026-10-06 12:40:23.554 WARN  [http-nio-8081-exec-3] org.hibernate.orm.jdbc.error - ERROR: null value in column "nombre" of relation "producto" violates not-null constraint
  Detail: Failing row contains (5, 1, null, null, null, null, 0, 100.00, null, null, t, 2026-10-06 12:40:23.521994, 2026-10-06 12:40:23.521994).
2026-10-06 12:40:23.586 ERROR [http-nio-8081-exec-3] p.c.m.e.GlobalExceptionHandler - Error no controlado en /productos
org.springframework.dao.DataIntegrityViolationException: could not execute statement [ERROR: null value in column "nombre" of relation "producto" violates not-null constraint
  Detail: Failing row contains (5, 1, null, null, null, null, 0, 100.00, null, null, t, 2026-10-06 12:40:23.521994, 2026-10-06 12:40:23.521994).] [insert into producto (activo,categoria,estado_conservacion,fecha_actualizacion,fecha_creacion,id_vendedor,nombre,precio_referencia,rareza,stock,url_imagen,version) values (?,?,?,?,?,?,?,?,?,?,?,?)]; SQL [insert into producto (activo,categoria,estado_conservacion,fecha_actualizacion,fecha_creacion,id_vendedor,nombre,precio_referencia,rareza,stock,url_imagen,version) values (?,?,?,?,?,?,?,?,?,?,?,?)]; constraint [nombre]
	at org.springframework.orm.jpa.hibernate.HibernateExceptionTranslator.convertHibernateAccessException(HibernateExceptionTranslator.java:169)
	at org.springframework.orm.jpa.hibernate.HibernateExceptionTranslator.convertHibernateAccessException(HibernateExceptionTranslator.java:131)
	at org.springframework.orm.jpa.hibernate.HibernateExceptionTranslator.translateExceptionIfPossible(HibernateExceptionTranslator.java:105)
	at org.springframework.orm.jpa.vendor.HibernateJpaDialect.translateExceptionIfPossible(HibernateJpaDialect.java:223)
	at org.springframework.orm.jpa.AbstractEntityManagerFactoryBean.translateExceptionIfPossible(AbstractEntityManagerFactoryBean.java:577)
	at org.springframework.dao.support.ChainedPersistenceExceptionTranslator.translateExceptionIfPossible(ChainedPersistenceExceptionTranslator.java:61)
	at org.springframework.dao.support.DataAccessUtils.translateIfNecessary(DataAccessUtils.java:346)
	at org.springframework.dao.support.PersistenceExceptionTranslationInterceptor.invoke(PersistenceExceptionTranslationInterceptor.java:157)
	at org.springframework.aop.framework.ReflectiveMethodInvocation.proceed(ReflectiveMethodInvocation.java:179)
	at org.springframework.data.jpa.repository.support.CrudMethodMetadataPostProcessor$CrudMethodMetadataPopulatingMethodInterceptor.invoke(CrudMethodMetadataPostProcessor.java:166)
	at org.springframework.aop.framework.ReflectiveMethodInvocation.proceed(ReflectiveMethodInvocation.java:179)
	at org.springframework.aop.framework.JdkDynamicAopProxy.invoke(JdkDynamicAopProxy.java:222)
	at jdk.proxy4/jdk.proxy4.$Proxy159.save(Unknown Source)
	at py.com.ms1lvccatalogo.Service.base.BaseServiceImpl.crear(BaseServiceImpl.java:34)
	at java.base/jdk.internal.reflect.DirectMethodHandleAccessor.invoke(DirectMethodHandleAccessor.java:104)
	at java.base/java.lang.reflect.Method.invoke(Method.java:565)
	at org.springframework.aop.support.AopUtils.invokeJoinpointUsingReflection(AopUtils.java:359)
	at org.springframework.aop.framework.ReflectiveMethodInvocation.invokeJoinpoint(ReflectiveMethodInvocation.java:190)
	at org.springframework.aop.framework.ReflectiveMethodInvocation.proceed(ReflectiveMethodInvocation.java:158)
	at org.springframework.transaction.interceptor.TransactionInterceptor$1.proceedWithInvocation(TransactionInterceptor.java:133)
	at org.springframework.transaction.interceptor.TransactionAspectSupport.invokeWithinTransaction(TransactionAspectSupport.java:371)
	at org.springframework.transaction.interceptor.TransactionInterceptor.invoke(TransactionInterceptor.java:130)
	at org.springframework.aop.framework.ReflectiveMethodInvocation.proceed(ReflectiveMethodInvocation.java:179)
	at org.springframework.aop.framework.CglibAopProxy$DynamicAdvisedInterceptor.intercept(CglibAopProxy.java:719)
	at py.com.ms1lvccatalogo.Service.producto.ProductoServiceImpl$$SpringCGLIB$$0.crear(<generated>)
	at py.com.ms1lvccatalogo.Controller.ProductoController.crear(ProductoController.java:29)
	at java.base/jdk.internal.reflect.DirectMethodHandleAccessor.invoke(DirectMethodHandleAccessor.java:104)
	at java.base/java.lang.reflect.Method.invoke(Method.java:565)
	at org.springframework.web.method.support.InvocableHandlerMethod.doInvoke(InvocableHandlerMethod.java:252)
	at org.springframework.web.method.support.InvocableHandlerMethod.invokeForRequest(InvocableHandlerMethod.java:184)
	at org.springframework.web.servlet.mvc.method.annotation.ServletInvocableHandlerMethod.invokeAndHandle(ServletInvocableHandlerMethod.java:117)
	at org.springframework.web.servlet.mvc.method.annotation.RequestMappingHandlerAdapter.invokeHandlerMethod(RequestMappingHandlerAdapter.java:934)
	at org.springframework.web.servlet.mvc.method.annotation.RequestMappingHandlerAdapter.handleInternal(RequestMappingHandlerAdapter.java:853)
	at org.springframework.web.servlet.mvc.method.AbstractHandlerMethodAdapter.handle(AbstractHandlerMethodAdapter.java:86)
	at org.springframework.web.servlet.DispatcherServlet.doDispatch(DispatcherServlet.java:963)
	at org.springframework.web.servlet.DispatcherServlet.doService(DispatcherServlet.java:866)
	at org.springframework.web.servlet.FrameworkServlet.processRequest(FrameworkServlet.java:1000)
	at org.springframework.web.servlet.FrameworkServlet.doPost(FrameworkServlet.java:903)
	at jakarta.servlet.http.HttpServlet.service(HttpServlet.java:649)
	at org.springframework.web.servlet.FrameworkServlet.service(FrameworkServlet.java:874)
	at jakarta.servlet.http.HttpServlet.service(HttpServlet.java:710)
	at org.apache.catalina.core.ApplicationFilterChain.doFilter(ApplicationFilterChain.java:132)
	at org.apache.tomcat.websocket.server.WsFilter.doFilter(WsFilter.java:59)
	at org.apache.catalina.core.ApplicationFilterChain.doFilter(ApplicationFilterChain.java:111)
	at org.springframework.web.filter.CompositeFilter$VirtualFilterChain.doFilter(CompositeFilter.java:108)
	at org.springframework.security.web.FilterChainProxy.lambda$doFilterInternal$2(FilterChainProxy.java:235)
	at org.springframework.security.web.FilterChainProxy$VirtualFilterChain.doFilter(FilterChainProxy.java:376)
	at org.springframework.security.web.access.intercept.AuthorizationFilter.doFilter(AuthorizationFilter.java:101)
	at org.springframework.security.web.FilterChainProxy$VirtualFilterChain.doFilter(FilterChainProxy.java:385)
	at org.springframework.security.web.access.ExceptionTranslationFilter.doFilter(ExceptionTranslationFilter.java:126)
	at org.springframework.security.web.access.ExceptionTranslationFilter.doFilter(ExceptionTranslationFilter.java:120)
	at org.springframework.security.web.FilterChainProxy$VirtualFilterChain.doFilter(FilterChainProxy.java:385)
	at org.springframework.security.web.authentication.AnonymousAuthenticationFilter.doFilter(AnonymousAuthenticationFilter.java:100)
	at org.springframework.security.web.FilterChainProxy$VirtualFilterChain.doFilter(FilterChainProxy.java:385)
	at org.springframework.security.web.servletapi.SecurityContextHolderAwareRequestFilter.doFilter(SecurityContextHolderAwareRequestFilter.java:181)
	at org.springframework.security.web.FilterChainProxy$VirtualFilterChain.doFilter(FilterChainProxy.java:385)
	at org.springframework.security.web.savedrequest.RequestCacheAwareFilter.doFilter(RequestCacheAwareFilter.java:63)
	at org.springframework.security.web.FilterChainProxy$VirtualFilterChain.doFilter(FilterChainProxy.java:385)
	at org.springframework.security.web.authentication.logout.LogoutFilter.doFilter(LogoutFilter.java:110)
	at org.springframework.security.web.authentication.logout.LogoutFilter.doFilter(LogoutFilter.java:96)
	at org.springframework.security.web.FilterChainProxy$VirtualFilterChain.doFilter(FilterChainProxy.java:385)
	at org.springframework.security.web.header.HeaderWriterFilter.doHeadersAfter(HeaderWriterFilter.java:90)
	at org.springframework.security.web.header.HeaderWriterFilter.doFilterInternal(HeaderWriterFilter.java:75)
	at org.springframework.web.filter.OncePerRequestFilter.doFilter(OncePerRequestFilter.java:116)
	at org.springframework.security.web.FilterChainProxy$VirtualFilterChain.doFilter(FilterChainProxy.java:385)
	at org.springframework.security.web.context.SecurityContextHolderFilter.doFilter(SecurityContextHolderFilter.java:82)
	at org.springframework.security.web.context.SecurityContextHolderFilter.doFilter(SecurityContextHolderFilter.java:69)
	at org.springframework.security.web.FilterChainProxy$VirtualFilterChain.doFilter(FilterChainProxy.java:385)
	at org.springframework.security.web.context.request.async.WebAsyncManagerIntegrationFilter.doFilterInternal(WebAsyncManagerIntegrationFilter.java:62)
	at org.springframework.web.filter.OncePerRequestFilter.doFilter(OncePerRequestFilter.java:116)
	at org.springframework.security.web.FilterChainProxy$VirtualFilterChain.doFilter(FilterChainProxy.java:385)
	at org.springframework.security.web.session.DisableEncodeUrlFilter.doFilterInternal(DisableEncodeUrlFilter.java:42)
	at org.springframework.web.filter.OncePerRequestFilter.doFilter(OncePerRequestFilter.java:116)
	at org.springframework.security.web.FilterChainProxy$VirtualFilterChain.doFilter(FilterChainProxy.java:385)
	at org.springframework.security.web.FilterChainProxy.doFilterInternal(FilterChainProxy.java:237)
	at org.springframework.security.web.FilterChainProxy.doFilter(FilterChainProxy.java:195)
	at org.springframework.web.filter.CompositeFilter$VirtualFilterChain.doFilter(CompositeFilter.java:113)
	at org.springframework.web.filter.ServletRequestPathFilter.doFilter(ServletRequestPathFilter.java:52)
	at org.springframework.web.filter.CompositeFilter$VirtualFilterChain.doFilter(CompositeFilter.java:113)
	at org.springframework.web.filter.CompositeFilter.doFilter(CompositeFilter.java:74)
	at org.springframework.security.config.annotation.web.configuration.WebSecurityConfiguration$CompositeFilterChainProxy.doFilter(WebSecurityConfiguration.java:317)
	at org.springframework.web.filter.DelegatingFilterProxy.invokeDelegate(DelegatingFilterProxy.java:355)
	at org.springframework.web.filter.DelegatingFilterProxy.doFilter(DelegatingFilterProxy.java:272)
	at org.apache.catalina.core.ApplicationFilterChain.doFilter(ApplicationFilterChain.java:111)
	at org.springframework.web.filter.RequestContextFilter.doFilterInternal(RequestContextFilter.java:100)
	at org.springframework.web.filter.OncePerRequestFilter.doFilter(OncePerRequestFilter.java:116)
	at org.apache.catalina.core.ApplicationFilterChain.doFilter(ApplicationFilterChain.java:111)
	at org.springframework.web.filter.FormContentFilter.doFilterInternal(FormContentFilter.java:93)
	at org.springframework.web.filter.OncePerRequestFilter.doFilter(OncePerRequestFilter.java:116)
	at org.apache.catalina.core.ApplicationFilterChain.doFilter(ApplicationFilterChain.java:111)
	at org.springframework.web.filter.CharacterEncodingFilter.doFilterInternal(CharacterEncodingFilter.java:199)
	at org.springframework.web.filter.OncePerRequestFilter.doFilter(OncePerRequestFilter.java:116)
	at org.apache.catalina.core.ApplicationFilterChain.doFilter(ApplicationFilterChain.java:111)
	at org.apache.catalina.core.StandardWrapperValve.invoke(StandardWrapperValve.java:165)
	at org.apache.catalina.core.StandardContextValve.invoke(StandardContextValve.java:77)
	at org.apache.catalina.authenticator.AuthenticatorBase.invoke(AuthenticatorBase.java:535)
	at org.apache.catalina.core.StandardHostValve.invoke(StandardHostValve.java:115)
	at org.apache.catalina.valves.ErrorReportValve.invoke(ErrorReportValve.java:86)
	at org.apache.catalina.core.StandardEngineValve.invoke(StandardEngineValve.java:71)
	at org.apache.catalina.connector.CoyoteAdapter.service(CoyoteAdapter.java:347)
	at org.apache.coyote.http11.Http11Processor.service(Http11Processor.java:406)
	at org.apache.coyote.AbstractProcessorLight.process(AbstractProcessorLight.java:71)
	at org.apache.coyote.AbstractProtocol$ConnectionHandler.process(AbstractProtocol.java:1307)
	at org.apache.tomcat.util.net.NioEndpoint$SocketProcessor.doRun(NioEndpoint.java:2036)
	at org.apache.tomcat.util.net.SocketProcessorBase.run(SocketProcessorBase.java:74)
	at org.apache.tomcat.util.threads.ThreadPoolExecutor.runWorker(ThreadPoolExecutor.java:949)
	at org.apache.tomcat.util.threads.ThreadPoolExecutor$Worker.run(ThreadPoolExecutor.java:483)
	at org.apache.tomcat.util.threads.TaskThread$WrappingRunnable.run(TaskThread.java:74)
	at java.base/java.lang.Thread.run(Thread.java:1474)
Caused by: org.hibernate.exception.ConstraintViolationException: could not execute statement [ERROR: null value in column "nombre" of relation "producto" violates not-null constraint
  Detail: Failing row contains (5, 1, null, null, null, null, 0, 100.00, null, null, t, 2026-10-06 12:40:23.521994, 2026-10-06 12:40:23.521994).] [insert into producto (activo,categoria,estado_conservacion,fecha_actualizacion,fecha_creacion,id_vendedor,nombre,precio_referencia,rareza,stock,url_imagen,version) values (?,?,?,?,?,?,?,?,?,?,?,?)]
	at org.hibernate.exception.internal.SQLStateConversionDelegate.convert(SQLStateConversionDelegate.java:73)
	at org.hibernate.exception.internal.StandardSQLExceptionConverter.convert(StandardSQLExceptionConverter.java:34)
	at org.hibernate.engine.jdbc.spi.SqlExceptionHelper.convert(SqlExceptionHelper.java:115)
	at org.hibernate.engine.jdbc.internal.ResultSetReturnImpl.executeUpdate(ResultSetReturnImpl.java:189)
	at org.hibernate.id.insert.GetGeneratedKeysDelegate.performMutation(GetGeneratedKeysDelegate.java:96)
	at org.hibernate.engine.jdbc.mutation.internal.MutationExecutorSingleNonBatched.performNonBatchedOperations(MutationExecutorSingleNonBatched.java:45)
	at org.hibernate.engine.jdbc.mutation.internal.AbstractMutationExecutor.execute(AbstractMutationExecutor.java:65)
	at org.hibernate.engine.jdbc.mutation.internal.AbstractMutationExecutor.execute(AbstractMutationExecutor.java:54)
	at org.hibernate.persister.entity.mutation.InsertCoordinatorStandard.doStaticInserts(InsertCoordinatorStandard.java:183)
	at org.hibernate.persister.entity.mutation.InsertCoordinatorStandard.coordinateInsert(InsertCoordinatorStandard.java:123)
	at org.hibernate.persister.entity.mutation.InsertCoordinatorStandard.insert(InsertCoordinatorStandard.java:87)
	at org.hibernate.action.internal.EntityIdentityInsertAction.execute(EntityIdentityInsertAction.java:87)
	at org.hibernate.engine.spi.ActionQueue.execute(ActionQueue.java:667)
	at org.hibernate.engine.spi.ActionQueue.addResolvedEntityInsertAction(ActionQueue.java:291)
	at org.hibernate.engine.spi.ActionQueue.addInsertAction(ActionQueue.java:270)
	at org.hibernate.engine.spi.ActionQueue.addAction(ActionQueue.java:322)
	at org.hibernate.event.internal.AbstractSaveEventListener.addInsertAction(AbstractSaveEventListener.java:384)
	at org.hibernate.event.internal.AbstractSaveEventListener.performSaveOrReplicate(AbstractSaveEventListener.java:298)
	at org.hibernate.event.internal.AbstractSaveEventListener.performSave(AbstractSaveEventListener.java:228)
	at org.hibernate.event.internal.AbstractSaveEventListener.saveWithGeneratedId(AbstractSaveEventListener.java:144)
	at org.hibernate.event.internal.DefaultPersistEventListener.entityIsTransient(DefaultPersistEventListener.java:144)
	at org.hibernate.event.internal.DefaultPersistEventListener.persist(DefaultPersistEventListener.java:91)
	at org.hibernate.event.internal.DefaultPersistEventListener.onPersist(DefaultPersistEventListener.java:75)
	at org.hibernate.event.internal.DefaultPersistEventListener.onPersist(DefaultPersistEventListener.java:51)
	at org.hibernate.event.service.internal.EventListenerGroupImpl.fireEventOnEachListener(EventListenerGroupImpl.java:138)
	at org.hibernate.internal.SessionImpl.firePersist(SessionImpl.java:709)
	at org.hibernate.internal.SessionImpl.persist(SessionImpl.java:692)
	at java.base/jdk.internal.reflect.DirectMethodHandleAccessor.invoke(DirectMethodHandleAccessor.java:104)
	at java.base/java.lang.reflect.Method.invoke(Method.java:565)
	at org.springframework.orm.jpa.SharedEntityManagerCreator$SharedEntityHandlerInvocationHandler.invokeMethod(SharedEntityManagerCreator.java:239)
	at org.springframework.orm.jpa.SharedEntityManagerCreator$SharedEntityManagerInvocationHandler.invoke(SharedEntityManagerCreator.java:392)
	at jdk.proxy4/jdk.proxy4.$Proxy146.persist(Unknown Source)
	at org.springframework.data.jpa.repository.support.SimpleJpaRepository.save(SimpleJpaRepository.java:664)
	at java.base/jdk.internal.reflect.DirectMethodHandleAccessor.invoke(DirectMethodHandleAccessor.java:104)
	at java.base/java.lang.reflect.Method.invoke(Method.java:565)
	at org.springframework.aop.support.AopUtils.invokeJoinpointUsingReflection(AopUtils.java:359)
	at org.springframework.data.repository.core.support.RepositoryMethodInvoker$RepositoryFragmentMethodInvoker.lambda$new$0(RepositoryMethodInvoker.java:278)
	at org.springframework.data.repository.core.support.RepositoryMethodInvoker.doInvoke(RepositoryMethodInvoker.java:169)
	at org.springframework.data.repository.core.support.RepositoryMethodInvoker.invoke(RepositoryMethodInvoker.java:158)
	at org.springframework.data.repository.core.support.RepositoryComposition$RepositoryFragments.invoke(RepositoryComposition.java:545)
	at org.springframework.data.repository.core.support.RepositoryComposition.invoke(RepositoryComposition.java:290)
	at org.springframework.data.repository.core.support.RepositoryFactorySupport$ImplementationMethodExecutionInterceptor.invoke(RepositoryFactorySupport.java:690)
	at org.springframework.aop.framework.ReflectiveMethodInvocation.proceed(ReflectiveMethodInvocation.java:179)
	at org.springframework.data.repository.core.support.QueryExecutorMethodInterceptor.doInvoke(QueryExecutorMethodInterceptor.java:171)
	at org.springframework.data.repository.core.support.QueryExecutorMethodInterceptor.invoke(QueryExecutorMethodInterceptor.java:146)
	at org.springframework.aop.framework.ReflectiveMethodInvocation.proceed(ReflectiveMethodInvocation.java:179)
	at org.springframework.data.projection.DefaultMethodInvokingMethodInterceptor.invoke(DefaultMethodInvokingMethodInterceptor.java:69)
	at org.springframework.aop.framework.ReflectiveMethodInvocation.proceed(ReflectiveMethodInvocation.java:179)
	at org.springframework.transaction.interceptor.TransactionInterceptor$1.proceedWithInvocation(TransactionInterceptor.java:133)
	at org.springframework.transaction.interceptor.TransactionAspectSupport.invokeWithinTransaction(TransactionAspectSupport.java:371)
	at org.springframework.transaction.interceptor.TransactionInterceptor.invoke(TransactionInterceptor.java:130)
	at org.springframework.aop.framework.ReflectiveMethodInvocation.proceed(ReflectiveMethodInvocation.java:179)
	at org.springframework.dao.support.PersistenceExceptionTranslationInterceptor.invoke(PersistenceExceptionTranslationInterceptor.java:135)
	... 101 common frames omitted
Caused by: org.postgresql.util.PSQLException: ERROR: null value in column "nombre" of relation "producto" violates not-null constraint
  Detail: Failing row contains (5, 1, null, null, null, null, 0, 100.00, null, null, t, 2026-10-06 12:40:23.521994, 2026-10-06 12:40:23.521994).
	at org.postgresql.core.v3.QueryExecutorImpl.receiveErrorResponse(QueryExecutorImpl.java:2993)
	at org.postgresql.core.v3.QueryExecutorImpl.processResults(QueryExecutorImpl.java:2656)
	at org.postgresql.core.v3.QueryExecutorImpl.execute(QueryExecutorImpl.java:446)
	at org.postgresql.jdbc.PgStatement.executeInternal(PgStatement.java:533)
	at org.postgresql.jdbc.PgStatement.execute(PgStatement.java:449)
	at org.postgresql.jdbc.PgPreparedStatement.executeWithFlags(PgPreparedStatement.java:197)
	at org.postgresql.jdbc.PgPreparedStatement.executeUpdate(PgPreparedStatement.java:158)
	at com.zaxxer.hikari.pool.ProxyPreparedStatement.executeUpdate(ProxyPreparedStatement.java:61)
	at com.zaxxer.hikari.pool.HikariProxyPreparedStatement.executeUpdate(HikariProxyPreparedStatement.java)
	at org.hibernate.engine.jdbc.internal.ResultSetReturnImpl.executeUpdate(ResultSetReturnImpl.java:185)
	... 150 common frames omitted
2026-10-06 12:40:23.594 WARN  [http-nio-8081-exec-3] o.s.w.s.m.m.a.ExceptionHandlerExceptionResolver - Resolved [org.springframework.dao.DataIntegrityViolationException: could not execute statement [ERROR: null value in column "nombre" of relation "producto" violates not-null constraint<EOL>  Detail: Failing row contains (5, 1, null, null, null, null, 0, 100.00, null, null, t, 2026-10-06 12:40:23.521994, 2026-10-06 12:40:23.521994).] [insert into producto (activo,categoria,estado_conservacion,fecha_actualizacion,fecha_creacion,id_vendedor,nombre,precio_referencia,rareza,stock,url_imagen,version) values (?,?,?,?,?,?,?,?,?,?,?,?)]; SQL [insert into producto (activo,categoria,estado_conservacion,fecha_actualizacion,fecha_creacion,id_vendedor,nombre,precio_referencia,rareza,stock,url_imagen,version) values (?,?,?,?,?,?,?,?,?,?,?,?)]; constraint [nombre]]
2026-10-06 13:03:53.297 WARN  [http-nio-8081-exec-9] o.s.core.utils.SpringDocUtils - Json Processing Exception occurred: Cannot construct instance of `java.util.HashSet` (although at least one Creator exists): no String-argument constructor/factory method to deserialize from String value ('integer')
 at [Source: REDACTED (`StreamReadFeature.INCLUDE_SOURCE_IN_LOCATION` disabled); line: 1, column: 9] (through reference chain: io.swagger.v3.oas.models.media.JsonSchema["type"])
2026-10-06 13:03:53.299 WARN  [http-nio-8081-exec-9] o.s.core.utils.SpringDocUtils - Json Processing Exception occurred: Cannot construct instance of `java.util.HashSet` (although at least one Creator exists): no String-argument constructor/factory method to deserialize from String value ('integer')
 at [Source: REDACTED (`StreamReadFeature.INCLUDE_SOURCE_IN_LOCATION` disabled); line: 1, column: 9] (through reference chain: io.swagger.v3.oas.models.media.JsonSchema["type"])
2026-10-06 13:03:53.324 WARN  [http-nio-8081-exec-9] o.s.core.utils.SpringDocUtils - Json Processing Exception occurred: Cannot construct instance of `java.util.HashSet` (although at least one Creator exists): no String-argument constructor/factory method to deserialize from String value ('integer')
 at [Source: REDACTED (`StreamReadFeature.INCLUDE_SOURCE_IN_LOCATION` disabled); line: 1, column: 9] (through reference chain: io.swagger.v3.oas.models.media.JsonSchema["type"])
2026-10-06 13:03:53.324 WARN  [http-nio-8081-exec-9] o.s.core.utils.SpringDocUtils - Json Processing Exception occurred: Cannot construct instance of `java.util.HashSet` (although at least one Creator exists): no String-argument constructor/factory method to deserialize from String value ('integer')
 at [Source: REDACTED (`StreamReadFeature.INCLUDE_SOURCE_IN_LOCATION` disabled); line: 1, column: 9] (through reference chain: io.swagger.v3.oas.models.media.JsonSchema["type"])
2026-10-06 13:03:53.340 WARN  [http-nio-8081-exec-9] o.s.core.utils.SpringDocUtils - Json Processing Exception occurred: Cannot construct instance of `java.util.HashSet` (although at least one Creator exists): no String-argument constructor/factory method to deserialize from String value ('integer')
 at [Source: REDACTED (`StreamReadFeature.INCLUDE_SOURCE_IN_LOCATION` disabled); line: 1, column: 9] (through reference chain: io.swagger.v3.oas.models.media.JsonSchema["type"])
2026-10-06 13:03:53.341 WARN  [http-nio-8081-exec-9] o.s.core.utils.SpringDocUtils - Json Processing Exception occurred: Cannot construct instance of `java.util.HashSet` (although at least one Creator exists): no String-argument constructor/factory method to deserialize from String value ('integer')
 at [Source: REDACTED (`StreamReadFeature.INCLUDE_SOURCE_IN_LOCATION` disabled); line: 1, column: 9] (through reference chain: io.swagger.v3.oas.models.media.JsonSchema["type"])
2026-10-06 13:03:53.376 INFO  [http-nio-8081-exec-9] o.s.api.AbstractOpenApiResource - Init duration for springdoc-openapi is: 492 ms
2026-10-06 13:07:32.203 INFO  [http-nio-8081-exec-4] p.c.m.Controller.ProductoController - GET /productos filtro=ProductoFiltro[nombre=char, categoria=Cartas, rareza=null, idVendedor=null]
2026-10-06 13:07:32.226 DEBUG [http-nio-8081-exec-4] p.c.m.Service.base.BaseServiceImpl - Buscando Producto filtro=ProductoFiltro[nombre=char, categoria=Cartas, rareza=null, idVendedor=null]
2026-10-06 13:07:32.226 DEBUG [http-nio-8081-exec-4] org.hibernate.SQL - 
    select
        p1_0.id,
        p1_0.activo,
        p1_0.categoria,
        p1_0.estado_conservacion,
        p1_0.fecha_actualizacion,
        p1_0.fecha_creacion,
        p1_0.id_vendedor,
        p1_0.nombre,
        p1_0.precio_referencia,
        p1_0.rareza,
        p1_0.stock,
        p1_0.url_imagen,
        p1_0.version 
    from
        producto p1_0 
    where
        p1_0.activo=true 
        and (
            ? is null 
            or p1_0.id_vendedor=?
        ) 
        and (
            ? is null 
            or p1_0.categoria=?
        ) 
        and (
            ? is null 
            or p1_0.rareza=?
        ) 
        and (
            ? is null 
            or lower(p1_0.nombre) like lower(('%'||cast(? as varchar)||'%')) escape ''
        ) 
    fetch
        first ? rows only
2026-10-06 13:07:37.231 INFO  [http-nio-8081-exec-8] p.c.m.Controller.ProductoController - GET /productos filtro=ProductoFiltro[nombre=null, categoria=null, rareza=null, idVendedor=null]
2026-10-06 13:07:37.258 DEBUG [http-nio-8081-exec-8] p.c.m.Service.base.BaseServiceImpl - Buscando Producto filtro=ProductoFiltro[nombre=null, categoria=null, rareza=null, idVendedor=null]
2026-10-06 13:07:37.258 DEBUG [http-nio-8081-exec-8] org.hibernate.SQL - 
    select
        p1_0.id,
        p1_0.activo,
        p1_0.categoria,
        p1_0.estado_conservacion,
        p1_0.fecha_actualizacion,
        p1_0.fecha_creacion,
        p1_0.id_vendedor,
        p1_0.nombre,
        p1_0.precio_referencia,
        p1_0.rareza,
        p1_0.stock,
        p1_0.url_imagen,
        p1_0.version 
    from
        producto p1_0 
    where
        p1_0.activo=true 
        and (
            ? is null 
            or p1_0.id_vendedor=?
        ) 
        and (
            ? is null 
            or p1_0.categoria=?
        ) 
        and (
            ? is null 
            or p1_0.rareza=?
        ) 
        and (
            ? is null 
            or lower(p1_0.nombre) like lower(('%'||cast(? as varchar)||'%')) escape ''
        ) 
    fetch
        first ? rows only
2026-10-06 13:08:48.577 INFO  [SpringApplicationShutdownHook] o.s.boot.tomcat.GracefulShutdown - Commencing graceful shutdown. Waiting for active requests to complete
2026-10-06 13:08:48.595 INFO  [tomcat-shutdown] o.s.boot.tomcat.GracefulShutdown - Graceful shutdown complete
2026-10-06 13:08:48.600 INFO  [SpringApplicationShutdownHook] o.s.o.j.LocalContainerEntityManagerFactoryBean - Closing JPA EntityManagerFactory for persistence unit 'default'
2026-10-06 13:08:48.603 INFO  [SpringApplicationShutdownHook] com.zaxxer.hikari.HikariDataSource - HikariPool-1 - Shutdown initiated...
2026-10-06 13:08:48.799 INFO  [SpringApplicationShutdownHook] com.zaxxer.hikari.HikariDataSource - HikariPool-1 - Shutdown completed.
2026-10-06 13:22:40.884 INFO  [restartedMain] p.c.m.Ms1LvcCatalogoApplication - Starting Ms1LvcCatalogoApplication using Java 25.0.4.1 with PID 5580 (C:\Users\DELL\Desktop\LaVitrinaColeccionistas\MS1-LVC-Catalogo\target\classes started by DELL in C:\Users\DELL\Desktop\LaVitrinaColeccionistas\MS1-LVC-Catalogo)
2026-10-06 13:22:40.886 INFO  [restartedMain] p.c.m.Ms1LvcCatalogoApplication - No active profile set, falling back to 1 default profile: "default"
2026-10-06 13:22:40.942 INFO  [restartedMain] o.s.b.d.e.DevToolsPropertyDefaultsPostProcessor - Devtools property defaults active! Set 'spring.devtools.add-properties' to 'false' to disable
2026-10-06 13:22:40.942 INFO  [restartedMain] o.s.b.d.e.DevToolsPropertyDefaultsPostProcessor - For additional web related logging consider setting the 'logging.level.web' property to 'DEBUG'
2026-10-06 13:22:41.515 INFO  [restartedMain] o.s.d.r.c.RepositoryConfigurationDelegate - Bootstrapping Spring Data JPA repositories in DEFAULT mode.
2026-10-06 13:22:41.560 INFO  [restartedMain] o.s.d.r.c.RepositoryConfigurationDelegate - Finished Spring Data repository scanning in 36 ms. Found 5 JPA repository interfaces.
2026-10-06 13:22:42.298 INFO  [restartedMain] o.s.boot.tomcat.TomcatWebServer - Tomcat initialized with port 8081 (http)
2026-10-06 13:22:42.312 INFO  [restartedMain] o.a.catalina.core.StandardService - Starting service [Tomcat]
2026-10-06 13:22:42.312 INFO  [restartedMain] o.a.catalina.core.StandardEngine - Starting Servlet engine: [Apache Tomcat/11.0.24]
2026-10-06 13:22:42.358 INFO  [restartedMain] o.s.b.w.c.s.WebApplicationContextInitializer - Root WebApplicationContext: initialization completed in 1415 ms
2026-10-06 13:22:42.490 INFO  [restartedMain] com.zaxxer.hikari.HikariDataSource - HikariPool-1 - Starting...
2026-10-06 13:22:43.307 INFO  [restartedMain] com.zaxxer.hikari.pool.HikariPool - HikariPool-1 - Added connection org.postgresql.jdbc.PgConnection@730791ec
2026-10-06 13:22:43.309 INFO  [restartedMain] com.zaxxer.hikari.HikariDataSource - HikariPool-1 - Start completed.
2026-10-06 13:22:43.662 INFO  [restartedMain] liquibase.database - Set default schema name to public
2026-10-06 13:22:45.128 INFO  [restartedMain] liquibase.changelog - Reading from public.databasechangelog
2026-10-06 13:22:45.594 INFO  [restartedMain] liquibase.ui - Database is up to date, no changesets to execute
2026-10-06 13:22:45.629 INFO  [restartedMain] liquibase.changelog - Reading from public.databasechangelog
2026-10-06 13:22:45.684 INFO  [restartedMain] liquibase.util - UPDATE SUMMARY
2026-10-06 13:22:45.685 INFO  [restartedMain] liquibase.util - Run:                          0
2026-10-06 13:22:45.685 INFO  [restartedMain] liquibase.util - Previously run:              13
2026-10-06 13:22:45.685 INFO  [restartedMain] liquibase.util - Filtered out:                 0
2026-10-06 13:22:45.686 INFO  [restartedMain] liquibase.util - -------------------------------
2026-10-06 13:22:45.686 INFO  [restartedMain] liquibase.util - Total change sets:           13
2026-10-06 13:22:45.687 INFO  [restartedMain] liquibase.util - Update summary generated
2026-10-06 13:22:45.690 INFO  [restartedMain] liquibase.command - Command execution complete
2026-10-06 13:22:45.829 INFO  [restartedMain] org.hibernate.orm.jpa - HHH008540: Processing PersistenceUnitInfo [name: default]
2026-10-06 13:22:45.901 INFO  [restartedMain] org.hibernate.orm.core - HHH000001: Hibernate ORM core version 7.4.5.Final
2026-10-06 13:22:46.408 INFO  [restartedMain] o.s.o.j.p.SpringPersistenceUnitInfo - No LoadTimeWeaver setup: ignoring JPA class transformer
2026-10-06 13:22:46.664 INFO  [restartedMain] o.hibernate.orm.connections.pooling - HHH10001005: Database info:
	Database JDBC URL [jdbc:postgresql://aws-0-sa-east-1.pooler.supabase.com:5432/postgres]
	Database driver: PostgreSQL JDBC Driver
	Database dialect: PostgreSQLDialect
	Database version: 17.6
	Default catalog/schema: postgres/public
	Autocommit mode: undefined/unknown
	Isolation level: READ_COMMITTED [default READ_COMMITTED]
	JDBC fetch size: none
	Pool: DataSourceConnectionProvider
	Minimum pool size: undefined/unknown
	Maximum pool size: undefined/unknown
2026-10-06 13:22:47.896 INFO  [restartedMain] org.hibernate.orm.core - HHH000489: No JTA platform available (set 'hibernate.transaction.jta.platform' to enable JTA platform integration)
2026-10-06 13:22:47.904 INFO  [restartedMain] o.s.o.j.LocalContainerEntityManagerFactoryBean - Initialized JPA EntityManagerFactory for persistence unit 'default'
2026-10-06 13:22:47.975 INFO  [restartedMain] o.s.d.j.r.q.QueryEnhancerFactories - Hibernate is in classpath; If applicable, HQL parser will be used.
2026-10-06 13:22:49.260 WARN  [restartedMain] o.s.b.s.a.UserDetailsServiceAutoConfiguration - 

Using generated security password: 3598c523-c3ea-48ad-95e9-56306863c2cd

This generated password is for development use only. Your security configuration must be updated before running your application in production.

2026-10-06 13:22:49.268 INFO  [restartedMain] o.s.s.c.a.a.c.InitializeUserDetailsBeanManagerConfigurer$InitializeUserDetailsManagerConfigurer - Global AuthenticationManager configured with UserDetailsService bean with name inMemoryUserDetailsManager
2026-10-06 13:22:49.780 INFO  [restartedMain] o.s.boot.tomcat.TomcatWebServer - Tomcat started on port 8081 (http) with context path '/'
2026-10-06 13:22:49.786 INFO  [restartedMain] p.c.m.Ms1LvcCatalogoApplication - Started Ms1LvcCatalogoApplication in 9.369 seconds (process running for 10.166)
2026-10-06 13:24:51.899 INFO  [http-nio-8081-exec-1] o.a.c.c.C.[Tomcat].[localhost].[/] - Initializing Spring DispatcherServlet 'dispatcherServlet'
2026-10-06 13:24:51.899 INFO  [http-nio-8081-exec-1] o.s.web.servlet.DispatcherServlet - Initializing Servlet 'dispatcherServlet'
2026-10-06 13:24:51.899 INFO  [http-nio-8081-exec-1] o.s.web.servlet.DispatcherServlet - Completed initialization in 0 ms
2026-10-06 13:24:52.067 INFO  [http-nio-8081-exec-1] p.c.m.Controller.ProductoController - POST /productos
2026-10-06 13:24:52.100 DEBUG [http-nio-8081-exec-1] p.c.m.Service.base.BaseServiceImpl - Creando Producto
2026-10-06 13:24:52.169 DEBUG [http-nio-8081-exec-1] org.hibernate.SQL - 
    insert 
    into
        producto
        (activo, categoria, estado_conservacion, fecha_actualizacion, fecha_creacion, id_vendedor, nombre, precio_referencia, rareza, stock, url_imagen, version) 
    values
        (?, ?, ?, ?, ?, ?, ?, ?, ?, ?, ?, ?)
2026-10-06 13:25:03.564 INFO  [http-nio-8081-exec-2] p.c.m.Controller.ProductoController - GET /productos/6
2026-10-06 13:25:03.595 DEBUG [http-nio-8081-exec-2] p.c.m.Service.base.BaseServiceImpl - Obteniendo Producto 6
2026-10-06 13:25:03.623 DEBUG [http-nio-8081-exec-2] org.hibernate.SQL - 
    select
        p1_0.id,
        p1_0.activo,
        p1_0.categoria,
        p1_0.estado_conservacion,
        p1_0.fecha_actualizacion,
        p1_0.fecha_creacion,
        p1_0.id_vendedor,
        p1_0.nombre,
        p1_0.precio_referencia,
        p1_0.rareza,
        p1_0.stock,
        p1_0.url_imagen,
        p1_0.version 
    from
        producto p1_0 
    where
        p1_0.id=?
2026-10-06 13:25:12.494 INFO  [http-nio-8081-exec-3] p.c.m.Controller.ProductoController - GET /productos filtro=ProductoFiltro(nombre=char, categoria=Cartas, rareza=null, idVendedor=null)
2026-10-06 13:25:12.529 DEBUG [http-nio-8081-exec-3] p.c.m.Service.base.BaseServiceImpl - Buscando Producto filtro=ProductoFiltro(nombre=char, categoria=Cartas, rareza=null, idVendedor=null)
2026-10-06 13:25:12.599 DEBUG [http-nio-8081-exec-3] org.hibernate.SQL - 
    select
        p1_0.id,
        p1_0.activo,
        p1_0.categoria,
        p1_0.estado_conservacion,
        p1_0.fecha_actualizacion,
        p1_0.fecha_creacion,
        p1_0.id_vendedor,
        p1_0.nombre,
        p1_0.precio_referencia,
        p1_0.rareza,
        p1_0.stock,
        p1_0.url_imagen,
        p1_0.version 
    from
        producto p1_0 
    where
        p1_0.activo=true 
        and (
            ? is null 
            or p1_0.id_vendedor=?
        ) 
        and (
            ? is null 
            or p1_0.categoria=?
        ) 
        and (
            ? is null 
            or p1_0.rareza=?
        ) 
        and (
            ? is null 
            or lower(p1_0.nombre) like lower(('%'||cast(? as varchar)||'%')) escape ''
        ) 
    fetch
        first ? rows only
2026-10-06 13:26:35.910 INFO  [http-nio-8081-exec-5] p.c.m.Controller.ProductoController - PUT /productos/6
2026-10-06 13:26:35.954 DEBUG [http-nio-8081-exec-5] org.hibernate.SQL - 
    select
        p1_0.id,
        p1_0.activo,
        p1_0.categoria,
        p1_0.estado_conservacion,
        p1_0.fecha_actualizacion,
        p1_0.fecha_creacion,
        p1_0.id_vendedor,
        p1_0.nombre,
        p1_0.precio_referencia,
        p1_0.rareza,
        p1_0.stock,
        p1_0.url_imagen,
        p1_0.version 
    from
        producto p1_0 
    where
        p1_0.id=?
2026-10-06 13:26:35.984 DEBUG [http-nio-8081-exec-5] p.c.m.Service.base.BaseServiceImpl - Actualizando Producto 6
2026-10-06 13:26:36.006 DEBUG [http-nio-8081-exec-5] org.hibernate.SQL - 
    update
        producto 
    set
        activo=?,
        categoria=?,
        estado_conservacion=?,
        fecha_actualizacion=?,
        id_vendedor=?,
        nombre=?,
        precio_referencia=?,
        rareza=?,
        stock=?,
        url_imagen=?,
        version=? 
    where
        id=?
2026-10-06 13:26:43.901 INFO  [http-nio-8081-exec-6] p.c.m.Controller.ProductoController - POST /productos
2026-10-06 13:26:43.934 ERROR [http-nio-8081-exec-6] p.c.m.e.GlobalExceptionHandler - Error no controlado en /productos
java.lang.IllegalArgumentException: nombre: es obligatorio
	at py.com.ms1lvccatalogo.Service.producto.ProductoServiceImpl.crear(ProductoServiceImpl.java:36)
	at java.base/jdk.internal.reflect.DirectMethodHandleAccessor.invoke(DirectMethodHandleAccessor.java:104)
	at java.base/java.lang.reflect.Method.invoke(Method.java:565)
	at org.springframework.aop.support.AopUtils.invokeJoinpointUsingReflection(AopUtils.java:359)
	at org.springframework.aop.framework.ReflectiveMethodInvocation.invokeJoinpoint(ReflectiveMethodInvocation.java:190)
	at org.springframework.aop.framework.ReflectiveMethodInvocation.proceed(ReflectiveMethodInvocation.java:158)
	at org.springframework.transaction.interceptor.TransactionInterceptor$1.proceedWithInvocation(TransactionInterceptor.java:133)
	at org.springframework.transaction.interceptor.TransactionAspectSupport.invokeWithinTransaction(TransactionAspectSupport.java:371)
	at org.springframework.transaction.interceptor.TransactionInterceptor.invoke(TransactionInterceptor.java:130)
	at org.springframework.aop.framework.ReflectiveMethodInvocation.proceed(ReflectiveMethodInvocation.java:179)
	at org.springframework.aop.framework.CglibAopProxy$DynamicAdvisedInterceptor.intercept(CglibAopProxy.java:719)
	at py.com.ms1lvccatalogo.Service.producto.ProductoServiceImpl$$SpringCGLIB$$0.crear(<generated>)
	at py.com.ms1lvccatalogo.Controller.ProductoController.crear(ProductoController.java:29)
	at java.base/jdk.internal.reflect.DirectMethodHandleAccessor.invoke(DirectMethodHandleAccessor.java:104)
	at java.base/java.lang.reflect.Method.invoke(Method.java:565)
	at org.springframework.web.method.support.InvocableHandlerMethod.doInvoke(InvocableHandlerMethod.java:252)
	at org.springframework.web.method.support.InvocableHandlerMethod.invokeForRequest(InvocableHandlerMethod.java:184)
	at org.springframework.web.servlet.mvc.method.annotation.ServletInvocableHandlerMethod.invokeAndHandle(ServletInvocableHandlerMethod.java:117)
	at org.springframework.web.servlet.mvc.method.annotation.RequestMappingHandlerAdapter.invokeHandlerMethod(RequestMappingHandlerAdapter.java:934)
	at org.springframework.web.servlet.mvc.method.annotation.RequestMappingHandlerAdapter.handleInternal(RequestMappingHandlerAdapter.java:853)
	at org.springframework.web.servlet.mvc.method.AbstractHandlerMethodAdapter.handle(AbstractHandlerMethodAdapter.java:86)
	at org.springframework.web.servlet.DispatcherServlet.doDispatch(DispatcherServlet.java:963)
	at org.springframework.web.servlet.DispatcherServlet.doService(DispatcherServlet.java:866)
	at org.springframework.web.servlet.FrameworkServlet.processRequest(FrameworkServlet.java:1000)
	at org.springframework.web.servlet.FrameworkServlet.doPost(FrameworkServlet.java:903)
	at jakarta.servlet.http.HttpServlet.service(HttpServlet.java:649)
	at org.springframework.web.servlet.FrameworkServlet.service(FrameworkServlet.java:874)
	at jakarta.servlet.http.HttpServlet.service(HttpServlet.java:710)
	at org.apache.catalina.core.ApplicationFilterChain.doFilter(ApplicationFilterChain.java:132)
	at org.apache.tomcat.websocket.server.WsFilter.doFilter(WsFilter.java:59)
	at org.apache.catalina.core.ApplicationFilterChain.doFilter(ApplicationFilterChain.java:111)
	at org.springframework.web.filter.CompositeFilter$VirtualFilterChain.doFilter(CompositeFilter.java:108)
	at org.springframework.security.web.FilterChainProxy.lambda$doFilterInternal$2(FilterChainProxy.java:235)
	at org.springframework.security.web.FilterChainProxy$VirtualFilterChain.doFilter(FilterChainProxy.java:376)
	at org.springframework.security.web.access.intercept.AuthorizationFilter.doFilter(AuthorizationFilter.java:101)
	at org.springframework.security.web.FilterChainProxy$VirtualFilterChain.doFilter(FilterChainProxy.java:385)
	at org.springframework.security.web.access.ExceptionTranslationFilter.doFilter(ExceptionTranslationFilter.java:126)
	at org.springframework.security.web.access.ExceptionTranslationFilter.doFilter(ExceptionTranslationFilter.java:120)
	at org.springframework.security.web.FilterChainProxy$VirtualFilterChain.doFilter(FilterChainProxy.java:385)
	at org.springframework.security.web.authentication.AnonymousAuthenticationFilter.doFilter(AnonymousAuthenticationFilter.java:100)
	at org.springframework.security.web.FilterChainProxy$VirtualFilterChain.doFilter(FilterChainProxy.java:385)
	at org.springframework.security.web.servletapi.SecurityContextHolderAwareRequestFilter.doFilter(SecurityContextHolderAwareRequestFilter.java:181)
	at org.springframework.security.web.FilterChainProxy$VirtualFilterChain.doFilter(FilterChainProxy.java:385)
	at org.springframework.security.web.savedrequest.RequestCacheAwareFilter.doFilter(RequestCacheAwareFilter.java:63)
	at org.springframework.security.web.FilterChainProxy$VirtualFilterChain.doFilter(FilterChainProxy.java:385)
	at org.springframework.security.web.authentication.logout.LogoutFilter.doFilter(LogoutFilter.java:110)
	at org.springframework.security.web.authentication.logout.LogoutFilter.doFilter(LogoutFilter.java:96)
	at org.springframework.security.web.FilterChainProxy$VirtualFilterChain.doFilter(FilterChainProxy.java:385)
	at org.springframework.security.web.header.HeaderWriterFilter.doHeadersAfter(HeaderWriterFilter.java:90)
	at org.springframework.security.web.header.HeaderWriterFilter.doFilterInternal(HeaderWriterFilter.java:75)
	at org.springframework.web.filter.OncePerRequestFilter.doFilter(OncePerRequestFilter.java:116)
	at org.springframework.security.web.FilterChainProxy$VirtualFilterChain.doFilter(FilterChainProxy.java:385)
	at org.springframework.security.web.context.SecurityContextHolderFilter.doFilter(SecurityContextHolderFilter.java:82)
	at org.springframework.security.web.context.SecurityContextHolderFilter.doFilter(SecurityContextHolderFilter.java:69)
	at org.springframework.security.web.FilterChainProxy$VirtualFilterChain.doFilter(FilterChainProxy.java:385)
	at org.springframework.security.web.context.request.async.WebAsyncManagerIntegrationFilter.doFilterInternal(WebAsyncManagerIntegrationFilter.java:62)
	at org.springframework.web.filter.OncePerRequestFilter.doFilter(OncePerRequestFilter.java:116)
	at org.springframework.security.web.FilterChainProxy$VirtualFilterChain.doFilter(FilterChainProxy.java:385)
	at org.springframework.security.web.session.DisableEncodeUrlFilter.doFilterInternal(DisableEncodeUrlFilter.java:42)
	at org.springframework.web.filter.OncePerRequestFilter.doFilter(OncePerRequestFilter.java:116)
	at org.springframework.security.web.FilterChainProxy$VirtualFilterChain.doFilter(FilterChainProxy.java:385)
	at org.springframework.security.web.FilterChainProxy.doFilterInternal(FilterChainProxy.java:237)
	at org.springframework.security.web.FilterChainProxy.doFilter(FilterChainProxy.java:195)
	at org.springframework.web.filter.CompositeFilter$VirtualFilterChain.doFilter(CompositeFilter.java:113)
	at org.springframework.web.filter.ServletRequestPathFilter.doFilter(ServletRequestPathFilter.java:52)
	at org.springframework.web.filter.CompositeFilter$VirtualFilterChain.doFilter(CompositeFilter.java:113)
	at org.springframework.web.filter.CompositeFilter.doFilter(CompositeFilter.java:74)
	at org.springframework.security.config.annotation.web.configuration.WebSecurityConfiguration$CompositeFilterChainProxy.doFilter(WebSecurityConfiguration.java:317)
	at org.springframework.web.filter.DelegatingFilterProxy.invokeDelegate(DelegatingFilterProxy.java:355)
	at org.springframework.web.filter.DelegatingFilterProxy.doFilter(DelegatingFilterProxy.java:272)
	at org.apache.catalina.core.ApplicationFilterChain.doFilter(ApplicationFilterChain.java:111)
	at org.springframework.web.filter.RequestContextFilter.doFilterInternal(RequestContextFilter.java:100)
	at org.springframework.web.filter.OncePerRequestFilter.doFilter(OncePerRequestFilter.java:116)
	at org.apache.catalina.core.ApplicationFilterChain.doFilter(ApplicationFilterChain.java:111)
	at org.springframework.web.filter.FormContentFilter.doFilterInternal(FormContentFilter.java:93)
	at org.springframework.web.filter.OncePerRequestFilter.doFilter(OncePerRequestFilter.java:116)
	at org.apache.catalina.core.ApplicationFilterChain.doFilter(ApplicationFilterChain.java:111)
	at org.springframework.web.filter.CharacterEncodingFilter.doFilterInternal(CharacterEncodingFilter.java:199)
	at org.springframework.web.filter.OncePerRequestFilter.doFilter(OncePerRequestFilter.java:116)
	at org.apache.catalina.core.ApplicationFilterChain.doFilter(ApplicationFilterChain.java:111)
	at org.apache.catalina.core.StandardWrapperValve.invoke(StandardWrapperValve.java:165)
	at org.apache.catalina.core.StandardContextValve.invoke(StandardContextValve.java:77)
	at org.apache.catalina.authenticator.AuthenticatorBase.invoke(AuthenticatorBase.java:535)
	at org.apache.catalina.core.StandardHostValve.invoke(StandardHostValve.java:115)
	at org.apache.catalina.valves.ErrorReportValve.invoke(ErrorReportValve.java:86)
	at org.apache.catalina.core.StandardEngineValve.invoke(StandardEngineValve.java:71)
	at org.apache.catalina.connector.CoyoteAdapter.service(CoyoteAdapter.java:347)
	at org.apache.coyote.http11.Http11Processor.service(Http11Processor.java:406)
	at org.apache.coyote.AbstractProcessorLight.process(AbstractProcessorLight.java:71)
	at org.apache.coyote.AbstractProtocol$ConnectionHandler.process(AbstractProtocol.java:1307)
	at org.apache.tomcat.util.net.NioEndpoint$SocketProcessor.doRun(NioEndpoint.java:2036)
	at org.apache.tomcat.util.net.SocketProcessorBase.run(SocketProcessorBase.java:74)
	at org.apache.tomcat.util.threads.ThreadPoolExecutor.runWorker(ThreadPoolExecutor.java:949)
	at org.apache.tomcat.util.threads.ThreadPoolExecutor$Worker.run(ThreadPoolExecutor.java:483)
	at org.apache.tomcat.util.threads.TaskThread$WrappingRunnable.run(TaskThread.java:74)
	at java.base/java.lang.Thread.run(Thread.java:1474)
2026-10-06 13:26:43.950 WARN  [http-nio-8081-exec-6] o.s.w.s.m.m.a.ExceptionHandlerExceptionResolver - Resolved [java.lang.IllegalArgumentException: nombre: es obligatorio]
2026-10-06 13:29:20.898 INFO  [http-nio-8081-exec-7] p.c.m.Controller.ProductoController - GET /productos filtro=ProductoFiltro(nombre=char, categoria=CARTAS, rareza=null, idVendedor=null)
2026-10-06 13:29:20.930 DEBUG [http-nio-8081-exec-7] p.c.m.Service.base.BaseServiceImpl - Buscando Producto filtro=ProductoFiltro(nombre=char, categoria=CARTAS, rareza=null, idVendedor=null)
2026-10-06 13:29:20.931 DEBUG [http-nio-8081-exec-7] org.hibernate.SQL - 
    select
        p1_0.id,
        p1_0.activo,
        p1_0.categoria,
        p1_0.estado_conservacion,
        p1_0.fecha_actualizacion,
        p1_0.fecha_creacion,
        p1_0.id_vendedor,
        p1_0.nombre,
        p1_0.precio_referencia,
        p1_0.rareza,
        p1_0.stock,
        p1_0.url_imagen,
        p1_0.version 
    from
        producto p1_0 
    where
        p1_0.activo=true 
        and (
            ? is null 
            or p1_0.id_vendedor=?
        ) 
        and (
            ? is null 
            or p1_0.categoria=?
        ) 
        and (
            ? is null 
            or p1_0.rareza=?
        ) 
        and (
            ? is null 
            or lower(p1_0.nombre) like lower(('%'||cast(? as varchar)||'%')) escape ''
        ) 
    fetch
        first ? rows only
2026-10-06 13:30:03.768 INFO  [http-nio-8081-exec-8] p.c.m.Controller.ProductoController - GET /productos filtro=ProductoFiltro(nombre=null, categoria=null, rareza=null, idVendedor=null)
2026-10-06 13:30:03.792 DEBUG [http-nio-8081-exec-8] p.c.m.Service.base.BaseServiceImpl - Buscando Producto filtro=ProductoFiltro(nombre=null, categoria=null, rareza=null, idVendedor=null)
2026-10-06 13:30:03.792 DEBUG [http-nio-8081-exec-8] org.hibernate.SQL - 
    select
        p1_0.id,
        p1_0.activo,
        p1_0.categoria,
        p1_0.estado_conservacion,
        p1_0.fecha_actualizacion,
        p1_0.fecha_creacion,
        p1_0.id_vendedor,
        p1_0.nombre,
        p1_0.precio_referencia,
        p1_0.rareza,
        p1_0.stock,
        p1_0.url_imagen,
        p1_0.version 
    from
        producto p1_0 
    where
        p1_0.activo=true 
        and (
            ? is null 
            or p1_0.id_vendedor=?
        ) 
        and (
            ? is null 
            or p1_0.categoria=?
        ) 
        and (
            ? is null 
            or p1_0.rareza=?
        ) 
        and (
            ? is null 
            or lower(p1_0.nombre) like lower(('%'||cast(? as varchar)||'%')) escape ''
        ) 
    fetch
        first ? rows only
2026-10-06 13:32:21.953 INFO  [http-nio-8081-exec-1] p.c.m.C.PublicacionController - POST /publicaciones
2026-10-06 13:32:21.971 DEBUG [http-nio-8081-exec-1] p.c.m.Service.base.BaseServiceImpl - Creando Publicacion
2026-10-06 13:32:21.988 DEBUG [http-nio-8081-exec-1] org.hibernate.SQL - 
    insert 
    into
        publicacion
        (descripcion, estado_publicacion, fecha_actualizacion, fecha_creacion, fecha_publicacion, id_vendedor, tipo_venta, titulo) 
    values
        (?, ?, ?, ?, ?, ?, ?, ?)
2026-10-06 13:32:22.222 INFO  [http-nio-8081-exec-2] p.c.m.C.PublicacionController - GET /publicaciones/2
2026-10-06 13:32:22.222 DEBUG [http-nio-8081-exec-2] p.c.m.Service.base.BaseServiceImpl - Obteniendo Publicacion 2
2026-10-06 13:32:22.223 DEBUG [http-nio-8081-exec-2] org.hibernate.SQL - 
    select
        p1_0.id,
        p1_0.descripcion,
        p1_0.estado_publicacion,
        p1_0.fecha_actualizacion,
        p1_0.fecha_creacion,
        p1_0.fecha_publicacion,
        p1_0.id_vendedor,
        p1_0.tipo_venta,
        p1_0.titulo 
    from
        publicacion p1_0 
    where
        p1_0.id=?
2026-10-06 13:32:22.358 INFO  [http-nio-8081-exec-3] p.c.m.C.PublicacionController - GET /publicaciones filtro=PublicacionFiltro(titulo=null, idVendedor=1, estadoPublicacion=ACTIVA, tipoVenta=null)
2026-10-06 13:32:22.360 DEBUG [http-nio-8081-exec-3] p.c.m.Service.base.BaseServiceImpl - Buscando Publicacion filtro=PublicacionFiltro(titulo=null, idVendedor=1, estadoPublicacion=ACTIVA, tipoVenta=null)
2026-10-06 13:32:22.366 DEBUG [http-nio-8081-exec-3] org.hibernate.SQL - 
    select
        p1_0.id,
        p1_0.descripcion,
        p1_0.estado_publicacion,
        p1_0.fecha_actualizacion,
        p1_0.fecha_creacion,
        p1_0.fecha_publicacion,
        p1_0.id_vendedor,
        p1_0.tipo_venta,
        p1_0.titulo 
    from
        publicacion p1_0 
    where
        p1_0.estado_publicacion<>'CANCELADA' 
        and (
            ? is null 
            or p1_0.id_vendedor=?
        ) 
        and (
            ? is null 
            or p1_0.estado_publicacion=?
        ) 
        and (
            ? is null 
            or p1_0.tipo_venta=?
        ) 
        and (
            ? is null 
            or lower(p1_0.titulo) like lower(('%'||cast(? as varchar)||'%')) escape ''
        ) 
    fetch
        first ? rows only
2026-10-06 13:32:22.520 INFO  [http-nio-8081-exec-4] p.c.m.C.PublicacionController - PUT /publicaciones/2
2026-10-06 13:32:22.520 DEBUG [http-nio-8081-exec-4] org.hibernate.SQL - 
    select
        p1_0.id,
        p1_0.descripcion,
        p1_0.estado_publicacion,
        p1_0.fecha_actualizacion,
        p1_0.fecha_creacion,
        p1_0.fecha_publicacion,
        p1_0.id_vendedor,
        p1_0.tipo_venta,
        p1_0.titulo 
    from
        publicacion p1_0 
    where
        p1_0.id=?
2026-10-06 13:32:22.546 DEBUG [http-nio-8081-exec-4] p.c.m.Service.base.BaseServiceImpl - Actualizando Publicacion 2
2026-10-06 13:32:22.553 DEBUG [http-nio-8081-exec-4] org.hibernate.SQL - 
    update
        publicacion 
    set
        descripcion=?,
        estado_publicacion=?,
        fecha_actualizacion=?,
        fecha_publicacion=?,
        id_vendedor=?,
        tipo_venta=?,
        titulo=? 
    where
        id=?
2026-10-06 13:32:56.408 INFO  [http-nio-8081-exec-5] p.c.m.C.DetallePublicacionController - POST /publicaciones/2/detalles
2026-10-06 13:32:56.444 DEBUG [http-nio-8081-exec-5] p.c.m.S.d.DetallePublicacionServiceImpl - Agregando producto 6 a publicacion 2
2026-10-06 13:32:56.444 DEBUG [http-nio-8081-exec-5] org.hibernate.SQL - 
    select
        p1_0.id,
        p1_0.descripcion,
        p1_0.estado_publicacion,
        p1_0.fecha_actualizacion,
        p1_0.fecha_creacion,
        p1_0.fecha_publicacion,
        p1_0.id_vendedor,
        p1_0.tipo_venta,
        p1_0.titulo 
    from
        publicacion p1_0 
    where
        p1_0.id=?
2026-10-06 13:32:56.480 DEBUG [http-nio-8081-exec-5] org.hibernate.SQL - 
    select
        p1_0.id,
        p1_0.activo,
        p1_0.categoria,
        p1_0.estado_conservacion,
        p1_0.fecha_actualizacion,
        p1_0.fecha_creacion,
        p1_0.id_vendedor,
        p1_0.nombre,
        p1_0.precio_referencia,
        p1_0.rareza,
        p1_0.stock,
        p1_0.url_imagen,
        p1_0.version 
    from
        producto p1_0 
    where
        p1_0.id=?
2026-10-06 13:32:56.543 DEBUG [http-nio-8081-exec-5] org.hibernate.SQL - 
    select
        dp1_0.id 
    from
        detalle_publicacion dp1_0 
    where
        dp1_0.id_publicacion=? 
        and dp1_0.id_producto=? 
    fetch
        first ? rows only
2026-10-06 13:32:56.582 DEBUG [http-nio-8081-exec-5] org.hibernate.SQL - 
    insert 
    into
        detalle_publicacion
        (cantidad_publicada, precio_unitario, id_producto, id_publicacion) 
    values
        (?, ?, ?, ?)
2026-10-06 13:32:56.746 INFO  [http-nio-8081-exec-6] p.c.m.C.DetallePublicacionController - POST /publicaciones/2/detalles
2026-10-06 13:32:56.746 DEBUG [http-nio-8081-exec-6] p.c.m.S.d.DetallePublicacionServiceImpl - Agregando producto 6 a publicacion 2
2026-10-06 13:32:56.746 DEBUG [http-nio-8081-exec-6] org.hibernate.SQL - 
    select
        p1_0.id,
        p1_0.descripcion,
        p1_0.estado_publicacion,
        p1_0.fecha_actualizacion,
        p1_0.fecha_creacion,
        p1_0.fecha_publicacion,
        p1_0.id_vendedor,
        p1_0.tipo_venta,
        p1_0.titulo 
    from
        publicacion p1_0 
    where
        p1_0.id=?
2026-10-06 13:32:56.778 DEBUG [http-nio-8081-exec-6] org.hibernate.SQL - 
    select
        p1_0.id,
        p1_0.activo,
        p1_0.categoria,
        p1_0.estado_conservacion,
        p1_0.fecha_actualizacion,
        p1_0.fecha_creacion,
        p1_0.id_vendedor,
        p1_0.nombre,
        p1_0.precio_referencia,
        p1_0.rareza,
        p1_0.stock,
        p1_0.url_imagen,
        p1_0.version 
    from
        producto p1_0 
    where
        p1_0.id=?
2026-10-06 13:32:56.811 DEBUG [http-nio-8081-exec-6] org.hibernate.SQL - 
    select
        dp1_0.id 
    from
        detalle_publicacion dp1_0 
    where
        dp1_0.id_publicacion=? 
        and dp1_0.id_producto=? 
    fetch
        first ? rows only
2026-10-06 13:32:56.894 WARN  [http-nio-8081-exec-6] o.s.w.s.m.m.a.ExceptionHandlerExceptionResolver - Resolved [py.com.ms1lvccatalogo.exception.ConflictException: El producto ya esta en la publicacion]
2026-10-06 13:32:56.976 INFO  [http-nio-8081-exec-7] p.c.m.C.DetallePublicacionController - GET /publicaciones/2/detalles
2026-10-06 13:32:56.978 DEBUG [http-nio-8081-exec-7] org.hibernate.SQL - 
    select
        p1_0.id,
        p1_0.descripcion,
        p1_0.estado_publicacion,
        p1_0.fecha_actualizacion,
        p1_0.fecha_creacion,
        p1_0.fecha_publicacion,
        p1_0.id_vendedor,
        p1_0.tipo_venta,
        p1_0.titulo 
    from
        publicacion p1_0 
    where
        p1_0.id=?
2026-10-06 13:32:57.016 DEBUG [http-nio-8081-exec-7] org.hibernate.SQL - 
    select
        dp1_0.id,
        dp1_0.cantidad_publicada,
        dp1_0.precio_unitario,
        dp1_0.id_producto,
        dp1_0.id_publicacion 
    from
        detalle_publicacion dp1_0 
    where
        dp1_0.id_publicacion=? 
    fetch
        first ? rows only
2026-10-06 13:32:57.043 DEBUG [http-nio-8081-exec-7] org.hibernate.SQL - 
    select
        p1_0.id,
        p1_0.activo,
        p1_0.categoria,
        p1_0.estado_conservacion,
        p1_0.fecha_actualizacion,
        p1_0.fecha_creacion,
        p1_0.id_vendedor,
        p1_0.nombre,
        p1_0.precio_referencia,
        p1_0.rareza,
        p1_0.stock,
        p1_0.url_imagen,
        p1_0.version 
    from
        producto p1_0 
    where
        p1_0.id=?
2026-10-06 13:32:57.204 INFO  [http-nio-8081-exec-8] p.c.m.C.DetallePublicacionController - PUT /publicaciones/2/detalles/1
2026-10-06 13:32:57.205 DEBUG [http-nio-8081-exec-8] p.c.m.S.d.DetallePublicacionServiceImpl - Actualizando detalle 1 de publicacion 2
2026-10-06 13:32:57.206 DEBUG [http-nio-8081-exec-8] org.hibernate.SQL - 
    select
        p1_0.id,
        p1_0.descripcion,
        p1_0.estado_publicacion,
        p1_0.fecha_actualizacion,
        p1_0.fecha_creacion,
        p1_0.fecha_publicacion,
        p1_0.id_vendedor,
        p1_0.tipo_venta,
        p1_0.titulo 
    from
        publicacion p1_0 
    where
        p1_0.id=?
2026-10-06 13:32:57.242 DEBUG [http-nio-8081-exec-8] org.hibernate.SQL - 
    select
        dp1_0.id,
        dp1_0.cantidad_publicada,
        dp1_0.precio_unitario,
        dp1_0.id_producto,
        dp1_0.id_publicacion 
    from
        detalle_publicacion dp1_0 
    where
        dp1_0.id=? 
        and dp1_0.id_publicacion=?
2026-10-06 13:32:57.274 DEBUG [http-nio-8081-exec-8] org.hibernate.SQL - 
    select
        p1_0.id,
        p1_0.activo,
        p1_0.categoria,
        p1_0.estado_conservacion,
        p1_0.fecha_actualizacion,
        p1_0.fecha_creacion,
        p1_0.id_vendedor,
        p1_0.nombre,
        p1_0.precio_referencia,
        p1_0.rareza,
        p1_0.stock,
        p1_0.url_imagen,
        p1_0.version 
    from
        producto p1_0 
    where
        p1_0.id=?
2026-10-06 13:32:57.309 DEBUG [http-nio-8081-exec-8] org.hibernate.SQL - 
    update
        detalle_publicacion 
    set
        cantidad_publicada=?,
        precio_unitario=?,
        id_producto=?,
        id_publicacion=? 
    where
        id=?
2026-10-06 13:32:57.446 INFO  [http-nio-8081-exec-9] p.c.m.C.DetallePublicacionController - PUT /publicaciones/2/detalles/1
2026-10-06 13:32:57.447 DEBUG [http-nio-8081-exec-9] p.c.m.S.d.DetallePublicacionServiceImpl - Actualizando detalle 1 de publicacion 2
2026-10-06 13:32:57.447 DEBUG [http-nio-8081-exec-9] org.hibernate.SQL - 
    select
        p1_0.id,
        p1_0.descripcion,
        p1_0.estado_publicacion,
        p1_0.fecha_actualizacion,
        p1_0.fecha_creacion,
        p1_0.fecha_publicacion,
        p1_0.id_vendedor,
        p1_0.tipo_venta,
        p1_0.titulo 
    from
        publicacion p1_0 
    where
        p1_0.id=?
2026-10-06 13:32:57.480 DEBUG [http-nio-8081-exec-9] org.hibernate.SQL - 
    select
        dp1_0.id,
        dp1_0.cantidad_publicada,
        dp1_0.precio_unitario,
        dp1_0.id_producto,
        dp1_0.id_publicacion 
    from
        detalle_publicacion dp1_0 
    where
        dp1_0.id=? 
        and dp1_0.id_publicacion=?
2026-10-06 13:32:57.511 DEBUG [http-nio-8081-exec-9] org.hibernate.SQL - 
    select
        p1_0.id,
        p1_0.activo,
        p1_0.categoria,
        p1_0.estado_conservacion,
        p1_0.fecha_actualizacion,
        p1_0.fecha_creacion,
        p1_0.id_vendedor,
        p1_0.nombre,
        p1_0.precio_referencia,
        p1_0.rareza,
        p1_0.stock,
        p1_0.url_imagen,
        p1_0.version 
    from
        producto p1_0 
    where
        p1_0.id=?
2026-10-06 13:32:57.575 WARN  [http-nio-8081-exec-9] o.s.w.s.m.m.a.ExceptionHandlerExceptionResolver - Resolved [py.com.ms1lvccatalogo.exception.ConflictException: La cantidad supera el stock disponible]
2026-10-06 14:11:57.754 INFO  [http-nio-8081-exec-1] p.c.m.C.PublicacionController - GET /publicaciones filtro=PublicacionFiltro(titulo=null, idVendedor=1, estadoPublicacion=ACTIVA, tipoVenta=null)
2026-10-06 14:11:57.795 DEBUG [http-nio-8081-exec-1] p.c.m.Service.base.BaseServiceImpl - Buscando Publicacion filtro=PublicacionFiltro(titulo=null, idVendedor=1, estadoPublicacion=ACTIVA, tipoVenta=null)
2026-10-06 14:11:57.796 DEBUG [http-nio-8081-exec-1] org.hibernate.SQL - 
    select
        p1_0.id,
        p1_0.descripcion,
        p1_0.estado_publicacion,
        p1_0.fecha_actualizacion,
        p1_0.fecha_creacion,
        p1_0.fecha_publicacion,
        p1_0.id_vendedor,
        p1_0.tipo_venta,
        p1_0.titulo 
    from
        publicacion p1_0 
    where
        p1_0.estado_publicacion<>'CANCELADA' 
        and (
            ? is null 
            or p1_0.id_vendedor=?
        ) 
        and (
            ? is null 
            or p1_0.estado_publicacion=?
        ) 
        and (
            ? is null 
            or p1_0.tipo_venta=?
        ) 
        and (
            ? is null 
            or lower(p1_0.titulo) like lower(('%'||cast(? as varchar)||'%')) escape ''
        ) 
    fetch
        first ? rows only
2026-10-06 14:16:16.451 INFO  [SpringApplicationShutdownHook] o.s.boot.tomcat.GracefulShutdown - Commencing graceful shutdown. Waiting for active requests to complete
2026-10-06 14:16:16.467 INFO  [tomcat-shutdown] o.s.boot.tomcat.GracefulShutdown - Graceful shutdown complete
2026-10-06 14:16:16.473 INFO  [SpringApplicationShutdownHook] o.s.o.j.LocalContainerEntityManagerFactoryBean - Closing JPA EntityManagerFactory for persistence unit 'default'
2026-10-06 14:16:16.476 INFO  [SpringApplicationShutdownHook] com.zaxxer.hikari.HikariDataSource - HikariPool-1 - Shutdown initiated...
2026-10-06 14:16:16.718 INFO  [SpringApplicationShutdownHook] com.zaxxer.hikari.HikariDataSource - HikariPool-1 - Shutdown completed.
2026-10-06 15:05:46.610 INFO  [restartedMain] p.c.m.Ms1LvcCatalogoApplication - Starting Ms1LvcCatalogoApplication using Java 25.0.4.1 with PID 14164 (C:\Users\DELL\Desktop\LaVitrinaColeccionistas\MS1-LVC-Catalogo\target\classes started by DELL in C:\Users\DELL\Desktop\LaVitrinaColeccionistas\MS1-LVC-Catalogo)
2026-10-06 15:05:46.613 INFO  [restartedMain] p.c.m.Ms1LvcCatalogoApplication - No active profile set, falling back to 1 default profile: "default"
2026-10-06 15:05:46.679 INFO  [restartedMain] o.s.b.d.e.DevToolsPropertyDefaultsPostProcessor - Devtools property defaults active! Set 'spring.devtools.add-properties' to 'false' to disable
2026-10-06 15:05:46.679 INFO  [restartedMain] o.s.b.d.e.DevToolsPropertyDefaultsPostProcessor - For additional web related logging consider setting the 'logging.level.web' property to 'DEBUG'
2026-10-06 15:05:47.307 INFO  [restartedMain] o.s.d.r.c.RepositoryConfigurationDelegate - Bootstrapping Spring Data JPA repositories in DEFAULT mode.
2026-10-06 15:05:47.350 INFO  [restartedMain] o.s.d.r.c.RepositoryConfigurationDelegate - Finished Spring Data repository scanning in 36 ms. Found 5 JPA repository interfaces.
2026-10-06 15:05:48.104 INFO  [restartedMain] o.s.boot.tomcat.TomcatWebServer - Tomcat initialized with port 8081 (http)
2026-10-06 15:05:48.121 INFO  [restartedMain] o.a.catalina.core.StandardService - Starting service [Tomcat]
2026-10-06 15:05:48.121 INFO  [restartedMain] o.a.catalina.core.StandardEngine - Starting Servlet engine: [Apache Tomcat/11.0.24]
2026-10-06 15:05:48.172 INFO  [restartedMain] o.s.b.w.c.s.WebApplicationContextInitializer - Root WebApplicationContext: initialization completed in 1492 ms
2026-10-06 15:05:48.301 INFO  [restartedMain] com.zaxxer.hikari.HikariDataSource - HikariPool-1 - Starting...
2026-10-06 15:05:49.016 INFO  [restartedMain] com.zaxxer.hikari.pool.HikariPool - HikariPool-1 - Added connection org.postgresql.jdbc.PgConnection@755bd251
2026-10-06 15:05:49.017 INFO  [restartedMain] com.zaxxer.hikari.HikariDataSource - HikariPool-1 - Start completed.
2026-10-06 15:05:49.359 INFO  [restartedMain] liquibase.database - Set default schema name to public
2026-10-06 15:05:50.961 INFO  [restartedMain] liquibase.changelog - Reading from public.databasechangelog
2026-10-06 15:05:51.373 INFO  [restartedMain] liquibase.ui - Database is up to date, no changesets to execute
2026-10-06 15:05:51.404 INFO  [restartedMain] liquibase.changelog - Reading from public.databasechangelog
2026-10-06 15:05:51.447 INFO  [restartedMain] liquibase.util - UPDATE SUMMARY
2026-10-06 15:05:51.447 INFO  [restartedMain] liquibase.util - Run:                          0
2026-10-06 15:05:51.447 INFO  [restartedMain] liquibase.util - Previously run:              13
2026-10-06 15:05:51.447 INFO  [restartedMain] liquibase.util - Filtered out:                 0
2026-10-06 15:05:51.448 INFO  [restartedMain] liquibase.util - -------------------------------
2026-10-06 15:05:51.448 INFO  [restartedMain] liquibase.util - Total change sets:           13
2026-10-06 15:05:51.449 INFO  [restartedMain] liquibase.util - Update summary generated
2026-10-06 15:05:51.451 INFO  [restartedMain] liquibase.command - Command execution complete
2026-10-06 15:05:51.576 INFO  [restartedMain] org.hibernate.orm.jpa - HHH008540: Processing PersistenceUnitInfo [name: default]
2026-10-06 15:05:51.648 INFO  [restartedMain] org.hibernate.orm.core - HHH000001: Hibernate ORM core version 7.4.5.Final
2026-10-06 15:05:52.228 INFO  [restartedMain] o.s.o.j.p.SpringPersistenceUnitInfo - No LoadTimeWeaver setup: ignoring JPA class transformer
2026-10-06 15:05:52.483 INFO  [restartedMain] o.hibernate.orm.connections.pooling - HHH10001005: Database info:
	Database JDBC URL [jdbc:postgresql://aws-0-sa-east-1.pooler.supabase.com:5432/postgres]
	Database driver: PostgreSQL JDBC Driver
	Database dialect: PostgreSQLDialect
	Database version: 17.6
	Default catalog/schema: postgres/public
	Autocommit mode: undefined/unknown
	Isolation level: READ_COMMITTED [default READ_COMMITTED]
	JDBC fetch size: none
	Pool: DataSourceConnectionProvider
	Minimum pool size: undefined/unknown
	Maximum pool size: undefined/unknown
2026-10-06 15:05:53.655 INFO  [restartedMain] org.hibernate.orm.core - HHH000489: No JTA platform available (set 'hibernate.transaction.jta.platform' to enable JTA platform integration)
2026-10-06 15:05:53.661 INFO  [restartedMain] o.s.o.j.LocalContainerEntityManagerFactoryBean - Initialized JPA EntityManagerFactory for persistence unit 'default'
2026-10-06 15:05:53.728 INFO  [restartedMain] o.s.d.j.r.q.QueryEnhancerFactories - Hibernate is in classpath; If applicable, HQL parser will be used.
2026-10-06 15:05:55.002 WARN  [restartedMain] o.s.b.s.a.UserDetailsServiceAutoConfiguration - 

Using generated security password: 69ef9db9-e4af-4e8c-a89d-7f29a77bba00

This generated password is for development use only. Your security configuration must be updated before running your application in production.

2026-10-06 15:05:55.008 INFO  [restartedMain] o.s.s.c.a.a.c.InitializeUserDetailsBeanManagerConfigurer$InitializeUserDetailsManagerConfigurer - Global AuthenticationManager configured with UserDetailsService bean with name inMemoryUserDetailsManager
2026-10-06 15:05:55.575 INFO  [restartedMain] o.s.boot.tomcat.TomcatWebServer - Tomcat started on port 8081 (http) with context path '/'
2026-10-06 15:05:55.581 INFO  [restartedMain] p.c.m.Ms1LvcCatalogoApplication - Started Ms1LvcCatalogoApplication in 9.527 seconds (process running for 10.364)
2026-10-06 15:06:14.454 INFO  [SpringApplicationShutdownHook] o.s.boot.tomcat.GracefulShutdown - Commencing graceful shutdown. Waiting for active requests to complete
2026-10-06 15:06:14.470 INFO  [tomcat-shutdown] o.s.boot.tomcat.GracefulShutdown - Graceful shutdown complete
2026-10-06 15:06:14.475 INFO  [SpringApplicationShutdownHook] o.s.o.j.LocalContainerEntityManagerFactoryBean - Closing JPA EntityManagerFactory for persistence unit 'default'
2026-10-06 15:06:14.477 INFO  [SpringApplicationShutdownHook] com.zaxxer.hikari.HikariDataSource - HikariPool-1 - Shutdown initiated...
2026-10-06 15:06:14.770 INFO  [SpringApplicationShutdownHook] com.zaxxer.hikari.HikariDataSource - HikariPool-1 - Shutdown completed.
2026-10-06 15:18:48.086 INFO  [restartedMain] p.c.m.Ms1LvcCatalogoApplication - Starting Ms1LvcCatalogoApplication using Java 25.0.4.1 with PID 18948 (C:\Users\DELL\Desktop\LaVitrinaColeccionistas\MS1-LVC-Catalogo\target\classes started by DELL in C:\Users\DELL\Desktop\LaVitrinaColeccionistas\MS1-LVC-Catalogo)
2026-10-06 15:18:48.089 INFO  [restartedMain] p.c.m.Ms1LvcCatalogoApplication - No active profile set, falling back to 1 default profile: "default"
2026-10-06 15:18:48.157 INFO  [restartedMain] o.s.b.d.e.DevToolsPropertyDefaultsPostProcessor - Devtools property defaults active! Set 'spring.devtools.add-properties' to 'false' to disable
2026-10-06 15:18:48.157 INFO  [restartedMain] o.s.b.d.e.DevToolsPropertyDefaultsPostProcessor - For additional web related logging consider setting the 'logging.level.web' property to 'DEBUG'
2026-10-06 15:18:48.926 INFO  [restartedMain] o.s.d.r.c.RepositoryConfigurationDelegate - Bootstrapping Spring Data JPA repositories in DEFAULT mode.
2026-10-06 15:18:49.032 INFO  [restartedMain] o.s.d.r.c.RepositoryConfigurationDelegate - Finished Spring Data repository scanning in 63 ms. Found 5 JPA repository interfaces.
2026-10-06 15:18:49.839 INFO  [restartedMain] o.s.boot.tomcat.TomcatWebServer - Tomcat initialized with port 8081 (http)
2026-10-06 15:18:49.859 INFO  [restartedMain] o.a.catalina.core.StandardService - Starting service [Tomcat]
2026-10-06 15:18:49.859 INFO  [restartedMain] o.a.catalina.core.StandardEngine - Starting Servlet engine: [Apache Tomcat/11.0.24]
2026-10-06 15:18:49.928 INFO  [restartedMain] o.s.b.w.c.s.WebApplicationContextInitializer - Root WebApplicationContext: initialization completed in 1770 ms
2026-10-06 15:18:50.091 INFO  [restartedMain] com.zaxxer.hikari.HikariDataSource - HikariPool-1 - Starting...
2026-10-06 15:18:51.613 INFO  [restartedMain] com.zaxxer.hikari.pool.HikariPool - HikariPool-1 - Added connection org.postgresql.jdbc.PgConnection@1e748957
2026-10-06 15:18:51.615 INFO  [restartedMain] com.zaxxer.hikari.HikariDataSource - HikariPool-1 - Start completed.
2026-10-06 15:18:52.054 INFO  [restartedMain] liquibase.database - Set default schema name to public
2026-10-06 15:18:53.530 INFO  [restartedMain] liquibase.changelog - Reading from public.databasechangelog
2026-10-06 15:18:53.986 INFO  [restartedMain] liquibase.ui - Database is up to date, no changesets to execute
2026-10-06 15:18:54.024 INFO  [restartedMain] liquibase.changelog - Reading from public.databasechangelog
2026-10-06 15:18:54.079 INFO  [restartedMain] liquibase.util - UPDATE SUMMARY
2026-10-06 15:18:54.079 INFO  [restartedMain] liquibase.util - Run:                          0
2026-10-06 15:18:54.079 INFO  [restartedMain] liquibase.util - Previously run:              13
2026-10-06 15:18:54.079 INFO  [restartedMain] liquibase.util - Filtered out:                 0
2026-10-06 15:18:54.081 INFO  [restartedMain] liquibase.util - -------------------------------
2026-10-06 15:18:54.081 INFO  [restartedMain] liquibase.util - Total change sets:           13
2026-10-06 15:18:54.082 INFO  [restartedMain] liquibase.util - Update summary generated
2026-10-06 15:18:54.083 INFO  [restartedMain] liquibase.command - Command execution complete
2026-10-06 15:18:54.234 INFO  [restartedMain] org.hibernate.orm.jpa - HHH008540: Processing PersistenceUnitInfo [name: default]
2026-10-06 15:18:54.307 INFO  [restartedMain] org.hibernate.orm.core - HHH000001: Hibernate ORM core version 7.4.5.Final
2026-10-06 15:18:54.777 INFO  [restartedMain] o.s.o.j.p.SpringPersistenceUnitInfo - No LoadTimeWeaver setup: ignoring JPA class transformer
2026-10-06 15:18:55.061 INFO  [restartedMain] o.hibernate.orm.connections.pooling - HHH10001005: Database info:
	Database JDBC URL [jdbc:postgresql://aws-0-sa-east-1.pooler.supabase.com:5432/postgres]
	Database driver: PostgreSQL JDBC Driver
	Database dialect: PostgreSQLDialect
	Database version: 17.6
	Default catalog/schema: postgres/public
	Autocommit mode: undefined/unknown
	Isolation level: READ_COMMITTED [default READ_COMMITTED]
	JDBC fetch size: none
	Pool: DataSourceConnectionProvider
	Minimum pool size: undefined/unknown
	Maximum pool size: undefined/unknown
2026-10-06 15:18:56.262 INFO  [restartedMain] org.hibernate.orm.core - HHH000489: No JTA platform available (set 'hibernate.transaction.jta.platform' to enable JTA platform integration)
2026-10-06 15:18:56.270 INFO  [restartedMain] o.s.o.j.LocalContainerEntityManagerFactoryBean - Initialized JPA EntityManagerFactory for persistence unit 'default'
2026-10-06 15:18:56.357 INFO  [restartedMain] o.s.d.j.r.q.QueryEnhancerFactories - Hibernate is in classpath; If applicable, HQL parser will be used.
2026-10-06 15:18:57.739 WARN  [restartedMain] o.s.b.s.a.UserDetailsServiceAutoConfiguration - 

Using generated security password: df3b4838-6de7-4db6-baeb-2b983ca14172

This generated password is for development use only. Your security configuration must be updated before running your application in production.

2026-10-06 15:18:57.749 INFO  [restartedMain] o.s.s.c.a.a.c.InitializeUserDetailsBeanManagerConfigurer$InitializeUserDetailsManagerConfigurer - Global AuthenticationManager configured with UserDetailsService bean with name inMemoryUserDetailsManager
2026-10-06 15:18:58.329 INFO  [restartedMain] o.s.boot.tomcat.TomcatWebServer - Tomcat started on port 8081 (http) with context path '/'
2026-10-06 15:18:58.336 INFO  [restartedMain] p.c.m.Ms1LvcCatalogoApplication - Started Ms1LvcCatalogoApplication in 10.936 seconds (process running for 12.584)
2026-10-06 15:21:03.920 INFO  [http-nio-8081-exec-2] o.a.c.c.C.[Tomcat].[localhost].[/] - Initializing Spring DispatcherServlet 'dispatcherServlet'
2026-10-06 15:21:03.921 INFO  [http-nio-8081-exec-2] o.s.web.servlet.DispatcherServlet - Initializing Servlet 'dispatcherServlet'
2026-10-06 15:21:03.923 INFO  [http-nio-8081-exec-2] o.s.web.servlet.DispatcherServlet - Completed initialization in 1 ms
2026-10-06 15:21:04.074 INFO  [http-nio-8081-exec-2] p.c.m.Controller.ProductoController - POST /productos
2026-10-06 15:21:04.114 DEBUG [http-nio-8081-exec-2] p.c.m.Service.base.BaseServiceImpl - Creando Producto
2026-10-06 15:21:04.163 DEBUG [http-nio-8081-exec-2] org.hibernate.SQL - 
    insert 
    into
        producto
        (activo, categoria, estado_conservacion, fecha_actualizacion, fecha_creacion, id_vendedor, nombre, precio_referencia, rareza, stock, url_imagen, version) 
    values
        (?, ?, ?, ?, ?, ?, ?, ?, ?, ?, ?, ?)
2026-10-06 15:21:04.494 INFO  [http-nio-8081-exec-3] p.c.m.Controller.ProductoController - GET /productos/7
2026-10-06 15:21:04.495 DEBUG [http-nio-8081-exec-3] p.c.m.Service.base.BaseServiceImpl - Obteniendo Producto 7
2026-10-06 15:21:04.512 DEBUG [http-nio-8081-exec-3] org.hibernate.SQL - 
    select
        p1_0.id,
        p1_0.activo,
        p1_0.categoria,
        p1_0.estado_conservacion,
        p1_0.fecha_actualizacion,
        p1_0.fecha_creacion,
        p1_0.id_vendedor,
        p1_0.nombre,
        p1_0.precio_referencia,
        p1_0.rareza,
        p1_0.stock,
        p1_0.url_imagen,
        p1_0.version 
    from
        producto p1_0 
    where
        p1_0.id=?
2026-10-06 15:21:04.681 INFO  [http-nio-8081-exec-4] p.c.m.Controller.ProductoController - GET /productos filtro=ProductoFiltro(nombre=char, categoria=Cartas, rareza=null, idVendedor=null)
2026-10-06 15:21:04.682 DEBUG [http-nio-8081-exec-4] p.c.m.Service.base.BaseServiceImpl - Buscando Producto filtro=ProductoFiltro(nombre=char, categoria=Cartas, rareza=null, idVendedor=null)
2026-10-06 15:21:04.752 DEBUG [http-nio-8081-exec-4] org.hibernate.SQL - 
    select
        p1_0.id,
        p1_0.activo,
        p1_0.categoria,
        p1_0.estado_conservacion,
        p1_0.fecha_actualizacion,
        p1_0.fecha_creacion,
        p1_0.id_vendedor,
        p1_0.nombre,
        p1_0.precio_referencia,
        p1_0.rareza,
        p1_0.stock,
        p1_0.url_imagen,
        p1_0.version 
    from
        producto p1_0 
    where
        p1_0.activo=true 
        and (
            ? is null 
            or p1_0.id_vendedor=?
        ) 
        and (
            ? is null 
            or p1_0.categoria=?
        ) 
        and (
            ? is null 
            or p1_0.rareza=?
        ) 
        and (
            ? is null 
            or lower(p1_0.nombre) like lower(('%'||cast(? as varchar)||'%')) escape ''
        ) 
    fetch
        first ? rows only
2026-10-06 15:21:04.932 INFO  [http-nio-8081-exec-6] p.c.m.Controller.ProductoController - PUT /productos/7
2026-10-06 15:21:04.934 DEBUG [http-nio-8081-exec-6] org.hibernate.SQL - 
    select
        p1_0.id,
        p1_0.activo,
        p1_0.categoria,
        p1_0.estado_conservacion,
        p1_0.fecha_actualizacion,
        p1_0.fecha_creacion,
        p1_0.id_vendedor,
        p1_0.nombre,
        p1_0.precio_referencia,
        p1_0.rareza,
        p1_0.stock,
        p1_0.url_imagen,
        p1_0.version 
    from
        producto p1_0 
    where
        p1_0.id=?
2026-10-06 15:21:04.985 DEBUG [http-nio-8081-exec-6] p.c.m.Service.base.BaseServiceImpl - Actualizando Producto 7
2026-10-06 15:21:04.994 DEBUG [http-nio-8081-exec-6] org.hibernate.SQL - 
    update
        producto 
    set
        activo=?,
        categoria=?,
        estado_conservacion=?,
        fecha_actualizacion=?,
        id_vendedor=?,
        nombre=?,
        precio_referencia=?,
        rareza=?,
        stock=?,
        url_imagen=?,
        version=? 
    where
        id=?
2026-10-06 15:21:05.151 INFO  [http-nio-8081-exec-9] p.c.m.Controller.ProductoController - POST /productos
2026-10-06 15:21:05.155 ERROR [http-nio-8081-exec-9] p.c.m.e.GlobalExceptionHandler - Error no controlado en /productos
java.lang.IllegalArgumentException: nombre: es obligatorio
	at py.com.ms1lvccatalogo.Service.producto.ProductoServiceImpl.crear(ProductoServiceImpl.java:36)
	at java.base/jdk.internal.reflect.DirectMethodHandleAccessor.invoke(DirectMethodHandleAccessor.java:104)
	at java.base/java.lang.reflect.Method.invoke(Method.java:565)
	at org.springframework.aop.support.AopUtils.invokeJoinpointUsingReflection(AopUtils.java:359)
	at org.springframework.aop.framework.ReflectiveMethodInvocation.invokeJoinpoint(ReflectiveMethodInvocation.java:190)
	at org.springframework.aop.framework.ReflectiveMethodInvocation.proceed(ReflectiveMethodInvocation.java:158)
	at org.springframework.transaction.interceptor.TransactionInterceptor$1.proceedWithInvocation(TransactionInterceptor.java:133)
	at org.springframework.transaction.interceptor.TransactionAspectSupport.invokeWithinTransaction(TransactionAspectSupport.java:371)
	at org.springframework.transaction.interceptor.TransactionInterceptor.invoke(TransactionInterceptor.java:130)
	at org.springframework.aop.framework.ReflectiveMethodInvocation.proceed(ReflectiveMethodInvocation.java:179)
	at org.springframework.aop.framework.CglibAopProxy$DynamicAdvisedInterceptor.intercept(CglibAopProxy.java:719)
	at py.com.ms1lvccatalogo.Service.producto.ProductoServiceImpl$$SpringCGLIB$$0.crear(<generated>)
	at py.com.ms1lvccatalogo.Controller.ProductoController.crear(ProductoController.java:29)
	at java.base/jdk.internal.reflect.DirectMethodHandleAccessor.invoke(DirectMethodHandleAccessor.java:104)
	at java.base/java.lang.reflect.Method.invoke(Method.java:565)
	at org.springframework.web.method.support.InvocableHandlerMethod.doInvoke(InvocableHandlerMethod.java:252)
	at org.springframework.web.method.support.InvocableHandlerMethod.invokeForRequest(InvocableHandlerMethod.java:184)
	at org.springframework.web.servlet.mvc.method.annotation.ServletInvocableHandlerMethod.invokeAndHandle(ServletInvocableHandlerMethod.java:117)
	at org.springframework.web.servlet.mvc.method.annotation.RequestMappingHandlerAdapter.invokeHandlerMethod(RequestMappingHandlerAdapter.java:934)
	at org.springframework.web.servlet.mvc.method.annotation.RequestMappingHandlerAdapter.handleInternal(RequestMappingHandlerAdapter.java:853)
	at org.springframework.web.servlet.mvc.method.AbstractHandlerMethodAdapter.handle(AbstractHandlerMethodAdapter.java:86)
	at org.springframework.web.servlet.DispatcherServlet.doDispatch(DispatcherServlet.java:963)
	at org.springframework.web.servlet.DispatcherServlet.doService(DispatcherServlet.java:866)
	at org.springframework.web.servlet.FrameworkServlet.processRequest(FrameworkServlet.java:1000)
	at org.springframework.web.servlet.FrameworkServlet.doPost(FrameworkServlet.java:903)
	at jakarta.servlet.http.HttpServlet.service(HttpServlet.java:649)
	at org.springframework.web.servlet.FrameworkServlet.service(FrameworkServlet.java:874)
	at jakarta.servlet.http.HttpServlet.service(HttpServlet.java:710)
	at org.apache.catalina.core.ApplicationFilterChain.doFilter(ApplicationFilterChain.java:132)
	at org.apache.tomcat.websocket.server.WsFilter.doFilter(WsFilter.java:59)
	at org.apache.catalina.core.ApplicationFilterChain.doFilter(ApplicationFilterChain.java:111)
	at org.springframework.web.filter.CompositeFilter$VirtualFilterChain.doFilter(CompositeFilter.java:108)
	at org.springframework.security.web.FilterChainProxy.lambda$doFilterInternal$2(FilterChainProxy.java:235)
	at org.springframework.security.web.FilterChainProxy$VirtualFilterChain.doFilter(FilterChainProxy.java:376)
	at org.springframework.security.web.access.intercept.AuthorizationFilter.doFilter(AuthorizationFilter.java:101)
	at org.springframework.security.web.FilterChainProxy$VirtualFilterChain.doFilter(FilterChainProxy.java:385)
	at org.springframework.security.web.access.ExceptionTranslationFilter.doFilter(ExceptionTranslationFilter.java:126)
	at org.springframework.security.web.access.ExceptionTranslationFilter.doFilter(ExceptionTranslationFilter.java:120)
	at org.springframework.security.web.FilterChainProxy$VirtualFilterChain.doFilter(FilterChainProxy.java:385)
	at org.springframework.security.web.authentication.AnonymousAuthenticationFilter.doFilter(AnonymousAuthenticationFilter.java:100)
	at org.springframework.security.web.FilterChainProxy$VirtualFilterChain.doFilter(FilterChainProxy.java:385)
	at org.springframework.security.web.servletapi.SecurityContextHolderAwareRequestFilter.doFilter(SecurityContextHolderAwareRequestFilter.java:181)
	at org.springframework.security.web.FilterChainProxy$VirtualFilterChain.doFilter(FilterChainProxy.java:385)
	at org.springframework.security.web.savedrequest.RequestCacheAwareFilter.doFilter(RequestCacheAwareFilter.java:63)
	at org.springframework.security.web.FilterChainProxy$VirtualFilterChain.doFilter(FilterChainProxy.java:385)
	at org.springframework.security.web.authentication.logout.LogoutFilter.doFilter(LogoutFilter.java:110)
	at org.springframework.security.web.authentication.logout.LogoutFilter.doFilter(LogoutFilter.java:96)
	at org.springframework.security.web.FilterChainProxy$VirtualFilterChain.doFilter(FilterChainProxy.java:385)
	at org.springframework.security.web.header.HeaderWriterFilter.doHeadersAfter(HeaderWriterFilter.java:90)
	at org.springframework.security.web.header.HeaderWriterFilter.doFilterInternal(HeaderWriterFilter.java:75)
	at org.springframework.web.filter.OncePerRequestFilter.doFilter(OncePerRequestFilter.java:116)
	at org.springframework.security.web.FilterChainProxy$VirtualFilterChain.doFilter(FilterChainProxy.java:385)
	at org.springframework.security.web.context.SecurityContextHolderFilter.doFilter(SecurityContextHolderFilter.java:82)
	at org.springframework.security.web.context.SecurityContextHolderFilter.doFilter(SecurityContextHolderFilter.java:69)
	at org.springframework.security.web.FilterChainProxy$VirtualFilterChain.doFilter(FilterChainProxy.java:385)
	at org.springframework.security.web.context.request.async.WebAsyncManagerIntegrationFilter.doFilterInternal(WebAsyncManagerIntegrationFilter.java:62)
	at org.springframework.web.filter.OncePerRequestFilter.doFilter(OncePerRequestFilter.java:116)
	at org.springframework.security.web.FilterChainProxy$VirtualFilterChain.doFilter(FilterChainProxy.java:385)
	at org.springframework.security.web.session.DisableEncodeUrlFilter.doFilterInternal(DisableEncodeUrlFilter.java:42)
	at org.springframework.web.filter.OncePerRequestFilter.doFilter(OncePerRequestFilter.java:116)
	at org.springframework.security.web.FilterChainProxy$VirtualFilterChain.doFilter(FilterChainProxy.java:385)
	at org.springframework.security.web.FilterChainProxy.doFilterInternal(FilterChainProxy.java:237)
	at org.springframework.security.web.FilterChainProxy.doFilter(FilterChainProxy.java:195)
	at org.springframework.web.filter.CompositeFilter$VirtualFilterChain.doFilter(CompositeFilter.java:113)
	at org.springframework.web.filter.ServletRequestPathFilter.doFilter(ServletRequestPathFilter.java:52)
	at org.springframework.web.filter.CompositeFilter$VirtualFilterChain.doFilter(CompositeFilter.java:113)
	at org.springframework.web.filter.CompositeFilter.doFilter(CompositeFilter.java:74)
	at org.springframework.security.config.annotation.web.configuration.WebSecurityConfiguration$CompositeFilterChainProxy.doFilter(WebSecurityConfiguration.java:317)
	at org.springframework.web.filter.DelegatingFilterProxy.invokeDelegate(DelegatingFilterProxy.java:355)
	at org.springframework.web.filter.DelegatingFilterProxy.doFilter(DelegatingFilterProxy.java:272)
	at org.apache.catalina.core.ApplicationFilterChain.doFilter(ApplicationFilterChain.java:111)
	at org.springframework.web.filter.RequestContextFilter.doFilterInternal(RequestContextFilter.java:100)
	at org.springframework.web.filter.OncePerRequestFilter.doFilter(OncePerRequestFilter.java:116)
	at org.apache.catalina.core.ApplicationFilterChain.doFilter(ApplicationFilterChain.java:111)
	at org.springframework.web.filter.FormContentFilter.doFilterInternal(FormContentFilter.java:93)
	at org.springframework.web.filter.OncePerRequestFilter.doFilter(OncePerRequestFilter.java:116)
	at org.apache.catalina.core.ApplicationFilterChain.doFilter(ApplicationFilterChain.java:111)
	at org.springframework.web.filter.CharacterEncodingFilter.doFilterInternal(CharacterEncodingFilter.java:199)
	at org.springframework.web.filter.OncePerRequestFilter.doFilter(OncePerRequestFilter.java:116)
	at org.apache.catalina.core.ApplicationFilterChain.doFilter(ApplicationFilterChain.java:111)
	at org.apache.catalina.core.StandardWrapperValve.invoke(StandardWrapperValve.java:165)
	at org.apache.catalina.core.StandardContextValve.invoke(StandardContextValve.java:77)
	at org.apache.catalina.authenticator.AuthenticatorBase.invoke(AuthenticatorBase.java:535)
	at org.apache.catalina.core.StandardHostValve.invoke(StandardHostValve.java:115)
	at org.apache.catalina.valves.ErrorReportValve.invoke(ErrorReportValve.java:86)
	at org.apache.catalina.core.StandardEngineValve.invoke(StandardEngineValve.java:71)
	at org.apache.catalina.connector.CoyoteAdapter.service(CoyoteAdapter.java:347)
	at org.apache.coyote.http11.Http11Processor.service(Http11Processor.java:406)
	at org.apache.coyote.AbstractProcessorLight.process(AbstractProcessorLight.java:71)
	at org.apache.coyote.AbstractProtocol$ConnectionHandler.process(AbstractProtocol.java:1307)
	at org.apache.tomcat.util.net.NioEndpoint$SocketProcessor.doRun(NioEndpoint.java:2036)
	at org.apache.tomcat.util.net.SocketProcessorBase.run(SocketProcessorBase.java:74)
	at org.apache.tomcat.util.threads.ThreadPoolExecutor.runWorker(ThreadPoolExecutor.java:949)
	at org.apache.tomcat.util.threads.ThreadPoolExecutor$Worker.run(ThreadPoolExecutor.java:483)
	at org.apache.tomcat.util.threads.TaskThread$WrappingRunnable.run(TaskThread.java:74)
	at java.base/java.lang.Thread.run(Thread.java:1474)
2026-10-06 15:21:05.171 WARN  [http-nio-8081-exec-9] o.s.w.s.m.m.a.ExceptionHandlerExceptionResolver - Resolved [java.lang.IllegalArgumentException: nombre: es obligatorio]
2026-10-06 15:21:05.263 INFO  [http-nio-8081-exec-8] p.c.m.C.PublicacionController - POST /publicaciones
2026-10-06 15:21:05.264 DEBUG [http-nio-8081-exec-8] p.c.m.Service.base.BaseServiceImpl - Creando Publicacion
2026-10-06 15:21:05.265 DEBUG [http-nio-8081-exec-8] org.hibernate.SQL - 
    insert 
    into
        publicacion
        (descripcion, estado_publicacion, fecha_actualizacion, fecha_creacion, fecha_publicacion, id_vendedor, tipo_venta, titulo) 
    values
        (?, ?, ?, ?, ?, ?, ?, ?)
2026-10-06 15:21:05.403 INFO  [http-nio-8081-exec-5] p.c.m.C.PublicacionController - GET /publicaciones/3
2026-10-06 15:21:05.404 DEBUG [http-nio-8081-exec-5] p.c.m.Service.base.BaseServiceImpl - Obteniendo Publicacion 3
2026-10-06 15:21:05.405 DEBUG [http-nio-8081-exec-5] org.hibernate.SQL - 
    select
        p1_0.id,
        p1_0.descripcion,
        p1_0.estado_publicacion,
        p1_0.fecha_actualizacion,
        p1_0.fecha_creacion,
        p1_0.fecha_publicacion,
        p1_0.id_vendedor,
        p1_0.tipo_venta,
        p1_0.titulo 
    from
        publicacion p1_0 
    where
        p1_0.id=?
2026-10-06 15:21:05.563 INFO  [http-nio-8081-exec-10] p.c.m.C.PublicacionController - GET /publicaciones filtro=PublicacionFiltro(titulo=null, idVendedor=1, estadoPublicacion=ACTIVA, tipoVenta=null)
2026-10-06 15:21:05.564 DEBUG [http-nio-8081-exec-10] p.c.m.Service.base.BaseServiceImpl - Buscando Publicacion filtro=PublicacionFiltro(titulo=null, idVendedor=1, estadoPublicacion=ACTIVA, tipoVenta=null)
2026-10-06 15:21:05.567 DEBUG [http-nio-8081-exec-10] org.hibernate.SQL - 
    select
        p1_0.id,
        p1_0.descripcion,
        p1_0.estado_publicacion,
        p1_0.fecha_actualizacion,
        p1_0.fecha_creacion,
        p1_0.fecha_publicacion,
        p1_0.id_vendedor,
        p1_0.tipo_venta,
        p1_0.titulo 
    from
        publicacion p1_0 
    where
        p1_0.estado_publicacion<>'CANCELADA' 
        and (
            ? is null 
            or p1_0.id_vendedor=?
        ) 
        and (
            ? is null 
            or p1_0.estado_publicacion=?
        ) 
        and (
            ? is null 
            or p1_0.tipo_venta=?
        ) 
        and (
            ? is null 
            or lower(p1_0.titulo) like lower(('%'||cast(? as varchar)||'%')) escape ''
        ) 
    fetch
        first ? rows only
2026-10-06 15:21:05.711 INFO  [http-nio-8081-exec-1] p.c.m.C.PublicacionController - PUT /publicaciones/3
2026-10-06 15:21:05.712 DEBUG [http-nio-8081-exec-1] org.hibernate.SQL - 
    select
        p1_0.id,
        p1_0.descripcion,
        p1_0.estado_publicacion,
        p1_0.fecha_actualizacion,
        p1_0.fecha_creacion,
        p1_0.fecha_publicacion,
        p1_0.id_vendedor,
        p1_0.tipo_venta,
        p1_0.titulo 
    from
        publicacion p1_0 
    where
        p1_0.id=?
2026-10-06 15:21:05.744 DEBUG [http-nio-8081-exec-1] p.c.m.Service.base.BaseServiceImpl - Actualizando Publicacion 3
2026-10-06 15:21:05.746 DEBUG [http-nio-8081-exec-1] org.hibernate.SQL - 
    update
        publicacion 
    set
        descripcion=?,
        estado_publicacion=?,
        fecha_actualizacion=?,
        fecha_publicacion=?,
        id_vendedor=?,
        tipo_venta=?,
        titulo=? 
    where
        id=?
2026-10-06 15:21:05.897 INFO  [http-nio-8081-exec-2] p.c.m.C.DetallePublicacionController - POST /publicaciones/3/detalles
2026-10-06 15:21:05.898 DEBUG [http-nio-8081-exec-2] p.c.m.S.d.DetallePublicacionServiceImpl - Agregando producto 7 a publicacion 3
2026-10-06 15:21:05.898 DEBUG [http-nio-8081-exec-2] org.hibernate.SQL - 
    select
        p1_0.id,
        p1_0.descripcion,
        p1_0.estado_publicacion,
        p1_0.fecha_actualizacion,
        p1_0.fecha_creacion,
        p1_0.fecha_publicacion,
        p1_0.id_vendedor,
        p1_0.tipo_venta,
        p1_0.titulo 
    from
        publicacion p1_0 
    where
        p1_0.id=?
2026-10-06 15:21:05.932 DEBUG [http-nio-8081-exec-2] org.hibernate.SQL - 
    select
        p1_0.id,
        p1_0.activo,
        p1_0.categoria,
        p1_0.estado_conservacion,
        p1_0.fecha_actualizacion,
        p1_0.fecha_creacion,
        p1_0.id_vendedor,
        p1_0.nombre,
        p1_0.precio_referencia,
        p1_0.rareza,
        p1_0.stock,
        p1_0.url_imagen,
        p1_0.version 
    from
        producto p1_0 
    where
        p1_0.id=?
2026-10-06 15:21:05.995 DEBUG [http-nio-8081-exec-2] org.hibernate.SQL - 
    select
        dp1_0.id 
    from
        detalle_publicacion dp1_0 
    where
        dp1_0.id_publicacion=? 
        and dp1_0.id_producto=? 
    fetch
        first ? rows only
2026-10-06 15:21:06.030 DEBUG [http-nio-8081-exec-2] org.hibernate.SQL - 
    insert 
    into
        detalle_publicacion
        (cantidad_publicada, precio_unitario, id_producto, id_publicacion) 
    values
        (?, ?, ?, ?)
2026-10-06 15:21:06.146 INFO  [http-nio-8081-exec-3] p.c.m.C.DetallePublicacionController - POST /publicaciones/3/detalles
2026-10-06 15:21:06.147 DEBUG [http-nio-8081-exec-3] p.c.m.S.d.DetallePublicacionServiceImpl - Agregando producto 7 a publicacion 3
2026-10-06 15:21:06.147 DEBUG [http-nio-8081-exec-3] org.hibernate.SQL - 
    select
        p1_0.id,
        p1_0.descripcion,
        p1_0.estado_publicacion,
        p1_0.fecha_actualizacion,
        p1_0.fecha_creacion,
        p1_0.fecha_publicacion,
        p1_0.id_vendedor,
        p1_0.tipo_venta,
        p1_0.titulo 
    from
        publicacion p1_0 
    where
        p1_0.id=?
2026-10-06 15:21:06.179 DEBUG [http-nio-8081-exec-3] org.hibernate.SQL - 
    select
        p1_0.id,
        p1_0.activo,
        p1_0.categoria,
        p1_0.estado_conservacion,
        p1_0.fecha_actualizacion,
        p1_0.fecha_creacion,
        p1_0.id_vendedor,
        p1_0.nombre,
        p1_0.precio_referencia,
        p1_0.rareza,
        p1_0.stock,
        p1_0.url_imagen,
        p1_0.version 
    from
        producto p1_0 
    where
        p1_0.id=?
2026-10-06 15:21:06.213 DEBUG [http-nio-8081-exec-3] org.hibernate.SQL - 
    select
        dp1_0.id 
    from
        detalle_publicacion dp1_0 
    where
        dp1_0.id_publicacion=? 
        and dp1_0.id_producto=? 
    fetch
        first ? rows only
2026-10-06 15:21:06.287 WARN  [http-nio-8081-exec-3] o.s.w.s.m.m.a.ExceptionHandlerExceptionResolver - Resolved [py.com.ms1lvccatalogo.exception.ConflictException: El producto ya esta en la publicacion]
2026-10-06 15:21:06.380 INFO  [http-nio-8081-exec-4] p.c.m.C.DetallePublicacionController - GET /publicaciones/3/detalles
2026-10-06 15:21:06.381 DEBUG [http-nio-8081-exec-4] org.hibernate.SQL - 
    select
        p1_0.id,
        p1_0.descripcion,
        p1_0.estado_publicacion,
        p1_0.fecha_actualizacion,
        p1_0.fecha_creacion,
        p1_0.fecha_publicacion,
        p1_0.id_vendedor,
        p1_0.tipo_venta,
        p1_0.titulo 
    from
        publicacion p1_0 
    where
        p1_0.id=?
2026-10-06 15:21:06.419 DEBUG [http-nio-8081-exec-4] org.hibernate.SQL - 
    select
        dp1_0.id,
        dp1_0.cantidad_publicada,
        dp1_0.precio_unitario,
        dp1_0.id_producto,
        dp1_0.id_publicacion 
    from
        detalle_publicacion dp1_0 
    where
        dp1_0.id_publicacion=? 
    fetch
        first ? rows only
2026-10-06 15:21:06.459 DEBUG [http-nio-8081-exec-4] org.hibernate.SQL - 
    select
        p1_0.id,
        p1_0.activo,
        p1_0.categoria,
        p1_0.estado_conservacion,
        p1_0.fecha_actualizacion,
        p1_0.fecha_creacion,
        p1_0.id_vendedor,
        p1_0.nombre,
        p1_0.precio_referencia,
        p1_0.rareza,
        p1_0.stock,
        p1_0.url_imagen,
        p1_0.version 
    from
        producto p1_0 
    where
        p1_0.id=?
2026-10-06 15:21:06.613 INFO  [http-nio-8081-exec-6] p.c.m.C.DetallePublicacionController - PUT /publicaciones/3/detalles/2
2026-10-06 15:21:06.614 DEBUG [http-nio-8081-exec-6] p.c.m.S.d.DetallePublicacionServiceImpl - Actualizando detalle 2 de publicacion 3
2026-10-06 15:21:06.615 DEBUG [http-nio-8081-exec-6] org.hibernate.SQL - 
    select
        p1_0.id,
        p1_0.descripcion,
        p1_0.estado_publicacion,
        p1_0.fecha_actualizacion,
        p1_0.fecha_creacion,
        p1_0.fecha_publicacion,
        p1_0.id_vendedor,
        p1_0.tipo_venta,
        p1_0.titulo 
    from
        publicacion p1_0 
    where
        p1_0.id=?
2026-10-06 15:21:06.653 DEBUG [http-nio-8081-exec-6] org.hibernate.SQL - 
    select
        dp1_0.id,
        dp1_0.cantidad_publicada,
        dp1_0.precio_unitario,
        dp1_0.id_producto,
        dp1_0.id_publicacion 
    from
        detalle_publicacion dp1_0 
    where
        dp1_0.id=? 
        and dp1_0.id_publicacion=?
2026-10-06 15:21:06.685 DEBUG [http-nio-8081-exec-6] org.hibernate.SQL - 
    select
        p1_0.id,
        p1_0.activo,
        p1_0.categoria,
        p1_0.estado_conservacion,
        p1_0.fecha_actualizacion,
        p1_0.fecha_creacion,
        p1_0.id_vendedor,
        p1_0.nombre,
        p1_0.precio_referencia,
        p1_0.rareza,
        p1_0.stock,
        p1_0.url_imagen,
        p1_0.version 
    from
        producto p1_0 
    where
        p1_0.id=?
2026-10-06 15:21:06.718 DEBUG [http-nio-8081-exec-6] org.hibernate.SQL - 
    update
        detalle_publicacion 
    set
        cantidad_publicada=?,
        precio_unitario=?,
        id_producto=?,
        id_publicacion=? 
    where
        id=?
2026-10-06 15:21:06.861 INFO  [http-nio-8081-exec-9] p.c.m.C.DetallePublicacionController - PUT /publicaciones/3/detalles/2
2026-10-06 15:21:06.865 DEBUG [http-nio-8081-exec-9] p.c.m.S.d.DetallePublicacionServiceImpl - Actualizando detalle 2 de publicacion 3
2026-10-06 15:21:06.865 DEBUG [http-nio-8081-exec-9] org.hibernate.SQL - 
    select
        p1_0.id,
        p1_0.descripcion,
        p1_0.estado_publicacion,
        p1_0.fecha_actualizacion,
        p1_0.fecha_creacion,
        p1_0.fecha_publicacion,
        p1_0.id_vendedor,
        p1_0.tipo_venta,
        p1_0.titulo 
    from
        publicacion p1_0 
    where
        p1_0.id=?
2026-10-06 15:21:06.910 DEBUG [http-nio-8081-exec-9] org.hibernate.SQL - 
    select
        dp1_0.id,
        dp1_0.cantidad_publicada,
        dp1_0.precio_unitario,
        dp1_0.id_producto,
        dp1_0.id_publicacion 
    from
        detalle_publicacion dp1_0 
    where
        dp1_0.id=? 
        and dp1_0.id_publicacion=?
2026-10-06 15:21:06.942 DEBUG [http-nio-8081-exec-9] org.hibernate.SQL - 
    select
        p1_0.id,
        p1_0.activo,
        p1_0.categoria,
        p1_0.estado_conservacion,
        p1_0.fecha_actualizacion,
        p1_0.fecha_creacion,
        p1_0.id_vendedor,
        p1_0.nombre,
        p1_0.precio_referencia,
        p1_0.rareza,
        p1_0.stock,
        p1_0.url_imagen,
        p1_0.version 
    from
        producto p1_0 
    where
        p1_0.id=?
2026-10-06 15:21:07.011 WARN  [http-nio-8081-exec-9] o.s.w.s.m.m.a.ExceptionHandlerExceptionResolver - Resolved [py.com.ms1lvccatalogo.exception.ConflictException: La cantidad supera el stock disponible]
2026-10-06 15:21:07.098 INFO  [http-nio-8081-exec-7] p.c.m.C.PublicacionController - PATCH /publicaciones/3/estado
2026-10-06 15:21:07.099 DEBUG [http-nio-8081-exec-7] org.hibernate.SQL - 
    select
        p1_0.id,
        p1_0.descripcion,
        p1_0.estado_publicacion,
        p1_0.fecha_actualizacion,
        p1_0.fecha_creacion,
        p1_0.fecha_publicacion,
        p1_0.id_vendedor,
        p1_0.tipo_venta,
        p1_0.titulo 
    from
        publicacion p1_0 
    where
        p1_0.id=?
2026-10-06 15:21:07.132 DEBUG [http-nio-8081-exec-7] p.c.m.S.p.PublicacionServiceImpl - Publicacion 3: ACTIVA -> PAUSADA
2026-10-06 15:21:07.133 DEBUG [http-nio-8081-exec-7] org.hibernate.SQL - 
    update
        publicacion 
    set
        descripcion=?,
        estado_publicacion=?,
        fecha_actualizacion=?,
        fecha_publicacion=?,
        id_vendedor=?,
        tipo_venta=?,
        titulo=? 
    where
        id=?
2026-10-06 15:21:07.290 INFO  [http-nio-8081-exec-8] p.c.m.C.PublicacionController - DELETE /publicaciones/3
2026-10-06 15:21:07.291 DEBUG [http-nio-8081-exec-8] org.hibernate.SQL - 
    select
        p1_0.id,
        p1_0.descripcion,
        p1_0.estado_publicacion,
        p1_0.fecha_actualizacion,
        p1_0.fecha_creacion,
        p1_0.fecha_publicacion,
        p1_0.id_vendedor,
        p1_0.tipo_venta,
        p1_0.titulo 
    from
        publicacion p1_0 
    where
        p1_0.id=?
2026-10-06 15:21:07.322 DEBUG [http-nio-8081-exec-8] p.c.m.S.p.PublicacionServiceImpl - Cancelando publicacion 3
2026-10-06 15:21:07.324 DEBUG [http-nio-8081-exec-8] org.hibernate.SQL - 
    update
        publicacion 
    set
        descripcion=?,
        estado_publicacion=?,
        fecha_actualizacion=?,
        fecha_publicacion=?,
        id_vendedor=?,
        tipo_venta=?,
        titulo=? 
    where
        id=?
2026-10-06 15:21:07.476 INFO  [http-nio-8081-exec-5] p.c.m.C.PublicacionController - GET /publicaciones/3
2026-10-06 15:21:07.476 DEBUG [http-nio-8081-exec-5] p.c.m.Service.base.BaseServiceImpl - Obteniendo Publicacion 3
2026-10-06 15:21:07.477 DEBUG [http-nio-8081-exec-5] org.hibernate.SQL - 
    select
        p1_0.id,
        p1_0.descripcion,
        p1_0.estado_publicacion,
        p1_0.fecha_actualizacion,
        p1_0.fecha_creacion,
        p1_0.fecha_publicacion,
        p1_0.id_vendedor,
        p1_0.tipo_venta,
        p1_0.titulo 
    from
        publicacion p1_0 
    where
        p1_0.id=?
2026-10-06 15:21:07.542 WARN  [http-nio-8081-exec-5] o.s.w.s.m.m.a.ExceptionHandlerExceptionResolver - Resolved [jakarta.persistence.EntityNotFoundException: Publicacion no encontrado: 3]
2026-10-06 15:21:07.601 INFO  [http-nio-8081-exec-10] p.c.m.C.PublicacionController - PATCH /publicaciones/3/estado
2026-10-06 15:21:07.602 DEBUG [http-nio-8081-exec-10] org.hibernate.SQL - 
    select
        p1_0.id,
        p1_0.descripcion,
        p1_0.estado_publicacion,
        p1_0.fecha_actualizacion,
        p1_0.fecha_creacion,
        p1_0.fecha_publicacion,
        p1_0.id_vendedor,
        p1_0.tipo_venta,
        p1_0.titulo 
    from
        publicacion p1_0 
    where
        p1_0.id=?
2026-10-06 15:21:07.667 WARN  [http-nio-8081-exec-10] o.s.w.s.m.m.a.ExceptionHandlerExceptionResolver - Resolved [py.com.ms1lvccatalogo.exception.ConflictException: La publicacion 3 esta CANCELADA y no admite cambios de estado]
2026-10-06 15:21:07.735 INFO  [http-nio-8081-exec-1] p.c.m.C.DetallePublicacionController - POST /publicaciones/3/detalles
2026-10-06 15:21:07.735 DEBUG [http-nio-8081-exec-1] p.c.m.S.d.DetallePublicacionServiceImpl - Agregando producto 7 a publicacion 3
2026-10-06 15:21:07.735 DEBUG [http-nio-8081-exec-1] org.hibernate.SQL - 
    select
        p1_0.id,
        p1_0.descripcion,
        p1_0.estado_publicacion,
        p1_0.fecha_actualizacion,
        p1_0.fecha_creacion,
        p1_0.fecha_publicacion,
        p1_0.id_vendedor,
        p1_0.tipo_venta,
        p1_0.titulo 
    from
        publicacion p1_0 
    where
        p1_0.id=?
2026-10-06 15:21:07.803 WARN  [http-nio-8081-exec-1] o.s.w.s.m.m.a.ExceptionHandlerExceptionResolver - Resolved [jakarta.persistence.EntityNotFoundException: Publicacion no encontrado: 3]
2026-10-06 15:21:07.890 INFO  [http-nio-8081-exec-2] p.c.m.Controller.ProductoController - DELETE /productos/7
2026-10-06 15:21:07.891 DEBUG [http-nio-8081-exec-2] org.hibernate.SQL - 
    select
        p1_0.id,
        p1_0.activo,
        p1_0.categoria,
        p1_0.estado_conservacion,
        p1_0.fecha_actualizacion,
        p1_0.fecha_creacion,
        p1_0.id_vendedor,
        p1_0.nombre,
        p1_0.precio_referencia,
        p1_0.rareza,
        p1_0.stock,
        p1_0.url_imagen,
        p1_0.version 
    from
        producto p1_0 
    where
        p1_0.id=?
2026-10-06 15:21:07.923 DEBUG [http-nio-8081-exec-2] p.c.m.S.producto.ProductoServiceImpl - Eliminando producto 7
2026-10-06 15:21:07.924 DEBUG [http-nio-8081-exec-2] org.hibernate.SQL - 
    update
        producto 
    set
        activo=?,
        categoria=?,
        estado_conservacion=?,
        fecha_actualizacion=?,
        id_vendedor=?,
        nombre=?,
        precio_referencia=?,
        rareza=?,
        stock=?,
        url_imagen=?,
        version=? 
    where
        id=?
2026-10-06 15:21:08.076 INFO  [http-nio-8081-exec-3] p.c.m.Controller.ProductoController - GET /productos/7
2026-10-06 15:21:08.076 DEBUG [http-nio-8081-exec-3] p.c.m.Service.base.BaseServiceImpl - Obteniendo Producto 7
2026-10-06 15:21:08.077 DEBUG [http-nio-8081-exec-3] org.hibernate.SQL - 
    select
        p1_0.id,
        p1_0.activo,
        p1_0.categoria,
        p1_0.estado_conservacion,
        p1_0.fecha_actualizacion,
        p1_0.fecha_creacion,
        p1_0.id_vendedor,
        p1_0.nombre,
        p1_0.precio_referencia,
        p1_0.rareza,
        p1_0.stock,
        p1_0.url_imagen,
        p1_0.version 
    from
        producto p1_0 
    where
        p1_0.id=?
2026-10-06 15:21:08.141 WARN  [http-nio-8081-exec-3] o.s.w.s.m.m.a.ExceptionHandlerExceptionResolver - Resolved [jakarta.persistence.EntityNotFoundException: Producto no encontrado: 7]
2026-10-06 15:21:08.195 INFO  [http-nio-8081-exec-4] p.c.m.C.PublicacionController - POST /publicaciones
2026-10-06 15:21:08.197 DEBUG [http-nio-8081-exec-4] p.c.m.Service.base.BaseServiceImpl - Creando Publicacion
2026-10-06 15:21:08.198 DEBUG [http-nio-8081-exec-4] org.hibernate.SQL - 
    insert 
    into
        publicacion
        (descripcion, estado_publicacion, fecha_actualizacion, fecha_creacion, fecha_publicacion, id_vendedor, tipo_venta, titulo) 
    values
        (?, ?, ?, ?, ?, ?, ?, ?)
2026-10-06 15:21:08.360 INFO  [http-nio-8081-exec-6] p.c.m.Controller.OfertaController - POST /ofertas
2026-10-06 15:21:08.370 DEBUG [http-nio-8081-exec-6] p.c.m.S.oferta.OfertaServiceImpl - Creando oferta de comprador 2 en publicacion 4
2026-10-06 15:21:08.373 DEBUG [http-nio-8081-exec-6] org.hibernate.SQL - 
    select
        p1_0.id,
        p1_0.descripcion,
        p1_0.estado_publicacion,
        p1_0.fecha_actualizacion,
        p1_0.fecha_creacion,
        p1_0.fecha_publicacion,
        p1_0.id_vendedor,
        p1_0.tipo_venta,
        p1_0.titulo 
    from
        publicacion p1_0 
    where
        p1_0.id=?
2026-10-06 15:21:08.408 DEBUG [http-nio-8081-exec-6] org.hibernate.SQL - 
    insert 
    into
        oferta
        (estado_oferta, fecha_oferta, fecha_respuesta, id_comprador, monto_ofertado, id_publicacion) 
    values
        (?, ?, ?, ?, ?, ?)
2026-10-06 15:21:08.585 INFO  [http-nio-8081-exec-9] p.c.m.Controller.OfertaController - POST /ofertas
2026-10-06 15:21:08.585 DEBUG [http-nio-8081-exec-9] p.c.m.S.oferta.OfertaServiceImpl - Creando oferta de comprador 1 en publicacion 4
2026-10-06 15:21:08.585 DEBUG [http-nio-8081-exec-9] org.hibernate.SQL - 
    select
        p1_0.id,
        p1_0.descripcion,
        p1_0.estado_publicacion,
        p1_0.fecha_actualizacion,
        p1_0.fecha_creacion,
        p1_0.fecha_publicacion,
        p1_0.id_vendedor,
        p1_0.tipo_venta,
        p1_0.titulo 
    from
        publicacion p1_0 
    where
        p1_0.id=?
2026-10-06 15:21:08.648 WARN  [http-nio-8081-exec-9] o.s.w.s.m.m.a.ExceptionHandlerExceptionResolver - Resolved [py.com.ms1lvccatalogo.exception.ConflictException: El vendedor no puede ofertar en su propia publicacion]
2026-10-06 15:21:08.725 INFO  [http-nio-8081-exec-7] p.c.m.Controller.OfertaController - POST /ofertas
2026-10-06 15:21:08.725 DEBUG [http-nio-8081-exec-7] p.c.m.S.oferta.OfertaServiceImpl - Creando oferta de comprador 2 en publicacion 3
2026-10-06 15:21:08.726 DEBUG [http-nio-8081-exec-7] org.hibernate.SQL - 
    select
        p1_0.id,
        p1_0.descripcion,
        p1_0.estado_publicacion,
        p1_0.fecha_actualizacion,
        p1_0.fecha_creacion,
        p1_0.fecha_publicacion,
        p1_0.id_vendedor,
        p1_0.tipo_venta,
        p1_0.titulo 
    from
        publicacion p1_0 
    where
        p1_0.id=?
2026-10-06 15:21:08.790 WARN  [http-nio-8081-exec-7] o.s.w.s.m.m.a.ExceptionHandlerExceptionResolver - Resolved [jakarta.persistence.EntityNotFoundException: Publicacion no encontrado: 3]
2026-10-06 15:21:08.882 INFO  [http-nio-8081-exec-8] p.c.m.Controller.OfertaController - GET /ofertas/1
2026-10-06 15:21:08.882 DEBUG [http-nio-8081-exec-8] p.c.m.Service.base.BaseServiceImpl - Obteniendo Oferta 1
2026-10-06 15:21:08.883 DEBUG [http-nio-8081-exec-8] org.hibernate.SQL - 
    select
        o1_0.id,
        o1_0.estado_oferta,
        o1_0.fecha_oferta,
        o1_0.fecha_respuesta,
        o1_0.id_comprador,
        o1_0.monto_ofertado,
        o1_0.id_publicacion 
    from
        oferta o1_0 
    where
        o1_0.id=?
2026-10-06 15:21:09.024 INFO  [http-nio-8081-exec-5] p.c.m.Controller.OfertaController - GET /ofertas/999999999
2026-10-06 15:21:09.025 DEBUG [http-nio-8081-exec-5] p.c.m.Service.base.BaseServiceImpl - Obteniendo Oferta 999999999
2026-10-06 15:21:09.025 DEBUG [http-nio-8081-exec-5] org.hibernate.SQL - 
    select
        o1_0.id,
        o1_0.estado_oferta,
        o1_0.fecha_oferta,
        o1_0.fecha_respuesta,
        o1_0.id_comprador,
        o1_0.monto_ofertado,
        o1_0.id_publicacion 
    from
        oferta o1_0 
    where
        o1_0.id=?
2026-10-06 15:21:09.094 WARN  [http-nio-8081-exec-5] o.s.w.s.m.m.a.ExceptionHandlerExceptionResolver - Resolved [jakarta.persistence.EntityNotFoundException: Oferta no encontrado: 999999999]
2026-10-06 15:21:09.175 INFO  [http-nio-8081-exec-10] p.c.m.Controller.OfertaController - GET /ofertas filtro=OfertaFiltro(idPublicacion=4, idComprador=null, estadoOferta=PENDIENTE)
2026-10-06 15:21:09.175 DEBUG [http-nio-8081-exec-10] p.c.m.Service.base.BaseServiceImpl - Buscando Oferta filtro=OfertaFiltro(idPublicacion=4, idComprador=null, estadoOferta=PENDIENTE)
2026-10-06 15:21:09.177 DEBUG [http-nio-8081-exec-10] org.hibernate.SQL - 
    select
        o1_0.id,
        o1_0.estado_oferta,
        o1_0.fecha_oferta,
        o1_0.fecha_respuesta,
        o1_0.id_comprador,
        o1_0.monto_ofertado,
        o1_0.id_publicacion 
    from
        oferta o1_0 
    where
        (
            ? is null 
            or o1_0.id_publicacion=?
        ) 
        and (
            ? is null 
            or o1_0.id_comprador=?
        ) 
        and (
            ? is null 
            or o1_0.estado_oferta=?
        ) 
    fetch
        first ? rows only
2026-10-06 15:21:09.319 INFO  [http-nio-8081-exec-1] p.c.m.Controller.OfertaController - PUT /ofertas/1
2026-10-06 15:21:09.319 DEBUG [http-nio-8081-exec-1] org.hibernate.SQL - 
    select
        o1_0.id,
        o1_0.estado_oferta,
        o1_0.fecha_oferta,
        o1_0.fecha_respuesta,
        o1_0.id_comprador,
        o1_0.monto_ofertado,
        o1_0.id_publicacion 
    from
        oferta o1_0 
    where
        o1_0.id=?
2026-10-06 15:21:09.353 DEBUG [http-nio-8081-exec-1] p.c.m.S.oferta.OfertaServiceImpl - Actualizando monto de oferta 1
2026-10-06 15:21:09.353 DEBUG [http-nio-8081-exec-1] org.hibernate.SQL - 
    update
        oferta 
    set
        estado_oferta=?,
        fecha_oferta=?,
        fecha_respuesta=?,
        id_comprador=?,
        monto_ofertado=?,
        id_publicacion=? 
    where
        id=?
2026-10-06 15:21:09.505 INFO  [http-nio-8081-exec-2] p.c.m.Controller.OfertaController - POST /ofertas/1/aceptar
2026-10-06 15:21:09.506 DEBUG [http-nio-8081-exec-2] org.hibernate.SQL - 
    select
        o1_0.id,
        o1_0.estado_oferta,
        o1_0.fecha_oferta,
        o1_0.fecha_respuesta,
        o1_0.id_comprador,
        o1_0.monto_ofertado,
        o1_0.id_publicacion 
    from
        oferta o1_0 
    where
        o1_0.id=?
2026-10-06 15:21:09.540 DEBUG [http-nio-8081-exec-2] p.c.m.S.oferta.OfertaServiceImpl - Oferta 1: PENDIENTE -> ACEPTADA
2026-10-06 15:21:09.541 DEBUG [http-nio-8081-exec-2] org.hibernate.SQL - 
    update
        oferta 
    set
        estado_oferta=?,
        fecha_oferta=?,
        fecha_respuesta=?,
        id_comprador=?,
        monto_ofertado=?,
        id_publicacion=? 
    where
        id=?
2026-10-06 15:21:09.693 INFO  [http-nio-8081-exec-3] p.c.m.Controller.OfertaController - POST /ofertas/1/aceptar
2026-10-06 15:21:09.694 DEBUG [http-nio-8081-exec-3] org.hibernate.SQL - 
    select
        o1_0.id,
        o1_0.estado_oferta,
        o1_0.fecha_oferta,
        o1_0.fecha_respuesta,
        o1_0.id_comprador,
        o1_0.monto_ofertado,
        o1_0.id_publicacion 
    from
        oferta o1_0 
    where
        o1_0.id=?
2026-10-06 15:21:09.758 WARN  [http-nio-8081-exec-3] o.s.w.s.m.m.a.ExceptionHandlerExceptionResolver - Resolved [py.com.ms1lvccatalogo.exception.ConflictException: La oferta no esta PENDIENTE (estado actual: ACEPTADA)]
2026-10-06 15:21:09.840 INFO  [http-nio-8081-exec-4] p.c.m.Controller.OfertaController - PUT /ofertas/1
2026-10-06 15:21:09.841 DEBUG [http-nio-8081-exec-4] org.hibernate.SQL - 
    select
        o1_0.id,
        o1_0.estado_oferta,
        o1_0.fecha_oferta,
        o1_0.fecha_respuesta,
        o1_0.id_comprador,
        o1_0.monto_ofertado,
        o1_0.id_publicacion 
    from
        oferta o1_0 
    where
        o1_0.id=?
2026-10-06 15:21:09.903 WARN  [http-nio-8081-exec-4] o.s.w.s.m.m.a.ExceptionHandlerExceptionResolver - Resolved [py.com.ms1lvccatalogo.exception.ConflictException: La oferta no esta PENDIENTE (estado actual: ACEPTADA)]
2026-10-06 15:21:09.980 INFO  [http-nio-8081-exec-6] p.c.m.Controller.OfertaController - POST /ofertas
2026-10-06 15:21:09.981 DEBUG [http-nio-8081-exec-6] p.c.m.S.oferta.OfertaServiceImpl - Creando oferta de comprador 2 en publicacion 4
2026-10-06 15:21:09.981 DEBUG [http-nio-8081-exec-6] org.hibernate.SQL - 
    select
        p1_0.id,
        p1_0.descripcion,
        p1_0.estado_publicacion,
        p1_0.fecha_actualizacion,
        p1_0.fecha_creacion,
        p1_0.fecha_publicacion,
        p1_0.id_vendedor,
        p1_0.tipo_venta,
        p1_0.titulo 
    from
        publicacion p1_0 
    where
        p1_0.id=?
2026-10-06 15:21:10.013 DEBUG [http-nio-8081-exec-6] org.hibernate.SQL - 
    insert 
    into
        oferta
        (estado_oferta, fecha_oferta, fecha_respuesta, id_comprador, monto_ofertado, id_publicacion) 
    values
        (?, ?, ?, ?, ?, ?)
2026-10-06 15:21:10.152 INFO  [http-nio-8081-exec-9] p.c.m.Controller.OfertaController - POST /ofertas/2/rechazar
2026-10-06 15:21:10.153 DEBUG [http-nio-8081-exec-9] org.hibernate.SQL - 
    select
        o1_0.id,
        o1_0.estado_oferta,
        o1_0.fecha_oferta,
        o1_0.fecha_respuesta,
        o1_0.id_comprador,
        o1_0.monto_ofertado,
        o1_0.id_publicacion 
    from
        oferta o1_0 
    where
        o1_0.id=?
2026-10-06 15:21:10.189 DEBUG [http-nio-8081-exec-9] p.c.m.S.oferta.OfertaServiceImpl - Oferta 2: PENDIENTE -> RECHAZADA
2026-10-06 15:21:10.190 DEBUG [http-nio-8081-exec-9] org.hibernate.SQL - 
    update
        oferta 
    set
        estado_oferta=?,
        fecha_oferta=?,
        fecha_respuesta=?,
        id_comprador=?,
        monto_ofertado=?,
        id_publicacion=? 
    where
        id=?
2026-10-06 15:21:10.336 INFO  [http-nio-8081-exec-7] p.c.m.Controller.OfertaController - POST /ofertas/2/rechazar
2026-10-06 15:21:10.337 DEBUG [http-nio-8081-exec-7] org.hibernate.SQL - 
    select
        o1_0.id,
        o1_0.estado_oferta,
        o1_0.fecha_oferta,
        o1_0.fecha_respuesta,
        o1_0.id_comprador,
        o1_0.monto_ofertado,
        o1_0.id_publicacion 
    from
        oferta o1_0 
    where
        o1_0.id=?
2026-10-06 15:21:10.399 WARN  [http-nio-8081-exec-7] o.s.w.s.m.m.a.ExceptionHandlerExceptionResolver - Resolved [py.com.ms1lvccatalogo.exception.ConflictException: La oferta no esta PENDIENTE (estado actual: RECHAZADA)]
2026-10-06 15:41:04.554 INFO  [SpringApplicationShutdownHook] o.s.boot.tomcat.GracefulShutdown - Commencing graceful shutdown. Waiting for active requests to complete
2026-10-06 15:41:04.570 INFO  [tomcat-shutdown] o.s.boot.tomcat.GracefulShutdown - Graceful shutdown complete
2026-10-06 15:41:04.573 INFO  [SpringApplicationShutdownHook] o.s.o.j.LocalContainerEntityManagerFactoryBean - Closing JPA EntityManagerFactory for persistence unit 'default'
2026-10-06 15:41:04.577 INFO  [SpringApplicationShutdownHook] com.zaxxer.hikari.HikariDataSource - HikariPool-1 - Shutdown initiated...
2026-10-06 15:41:04.717 INFO  [SpringApplicationShutdownHook] com.zaxxer.hikari.HikariDataSource - HikariPool-1 - Shutdown completed.
